o0980000		A	I	A	𒚐;󳃹	/pcsl/easl/images/o0900000.png
o0980001		|A×AB₂|	I	|AxAB2|	𒚑	/pcsl/easl/images/o0900001.png
o0980002	1-	|A×AN|	I	|AxAN|	󲱇	/pcsl/easl/images/o0900002.png
o0980003	n	|A×EN~a~v2|	I	|AxEN~a|	𒚒	/pcsl/easl/images/o0900004.png
o0980004		|A×ŠUBUR|	I	|AxSZUBUR|	𒚓	/pcsl/easl/images/o0900006.png
o0980005		|A×ZATU672|	I	|AxZATU672|	𒚔	/pcsl/easl/images/o0900007.png
o0980006		|A×1(N14)|	I	|Ax1(N14)|	𒚕	/pcsl/easl/images/o0900005.png
o0980007	1-	A@g	I	A@g	󲛩	/pcsl/easl/images/o0900008.png
o0980008		A@t	I	A@t	𒚖	/pcsl/easl/images/o0900009.png
o0980009		A₂	I	A2	𒚗	/pcsl/easl/images/o0900010.png
o0980010		AB~a	I	AB~a	𒚢,𒚘	/pcsl/easl/images/o0900012.png
o0980011		|AB~a×A@t|	I	|AB~axA@t|	𒚙;󳃱	/pcsl/easl/images/o0900018.png
o0980012		|AB~a×AŠ₂|	I	|AB~axASZ2|	𒚚	/pcsl/easl/images/o0900020.png
o0980013		|AB~a×KU₆~a|	I	|AB~axKU6~a|	𒚛	/pcsl/easl/images/o0900022.png
o0980014		|AB~a×SUKKAL|	I	|AB~axSUKKAL|	𒚜	/pcsl/easl/images/o0900029.png
o0980015	c	|AB~a×(ŠE~a&ŠE~a)|	I	|AB~ax(SZE~a&SZE~a)|	𒚝	/pcsl/easl/images/o0900033.png
o0980016	#	|AB~a×X|	I	|AB~axX|	𒚞	/pcsl/easl/images/o0900035.png
o0980017		|AB~a×ZATU659|	I	|AB~axZATU659|	𒚟	/pcsl/easl/images/o0900038.png
o0980018		|AB~a×1(N01)|	I	|AB~ax1(N01)|	𒚠	/pcsl/easl/images/o0900025.png
o0980020		AB~a@g	I	AB~a@g	𒚡	/pcsl/easl/images/o0900040.png
o0980021		AB~b	I	AB~b	𒚣	/pcsl/easl/images/o0900014.png
o0980022		|AB~b×A|	I	|AB~bxA|	𒚤	/pcsl/easl/images/o0900016.png
o0980023		|AB~b×KU₆~a|	I	|AB~bxKU6~a|	𒚥	/pcsl/easl/images/o0900023.png
o0980024		|AB~b×ŠA₃~a1|	I	|AB~bxSZA3~a1|	𒚦	/pcsl/easl/images/o0900031.png
o0980025		AB₂	I	AB2	𒚧,𒚩;󳃵	/pcsl/easl/images/o0900041.png
o0980026		|AB₂×2(N14)|	I	|AB2x2(N14)|	𒚪,𒚨	/pcsl/easl/images/o0900043.png
o0980028	:	ABGAL	I	ABGAL	𒚫,𒚬	/pcsl/easl/images/o0900047.png
o0980029	:	ABRIG	I	ABRIG	𒚭	/pcsl/easl/images/o0900049.png
o0980030		ABZU	I	ABZU	𒚮	/pcsl/easl/images/o0900050.png
o0980031		AD~a	I	AD~a	𒚯	/pcsl/easl/images/o0900053.png
o0980032		AD~b	I	AD~b	𒚰	/pcsl/easl/images/o0900054.png
o0980033		AD~c	I	AD~c	𒚱	/pcsl/easl/images/o0900055.png
o0980034	!D	ADAB	I	ADAB	𒚲;󳁧	/pcsl/easl/images/o0900056.png
o0980035		ADDA	I	ADDA	𒚳	/pcsl/easl/images/o0900058.png
o0980036		ADDA@t	I	ADDA@t	𒚴	/pcsl/easl/images/o0900059.png
o0980037		AGAR₂	I	AGAR2	𒚵	/pcsl/easl/images/o0900060.png
o0980038		AK~a	I	AK~a	𒚶	/pcsl/easl/images/o0900062.png
o0980039		AK~b	I	AK~b	𒚷	/pcsl/easl/images/o0900063.png
o0980040		AL	I	AL	𒚸	/pcsl/easl/images/o0900064.png
o0980041		ALAN~a	I	ALAN~a	𒚹	/pcsl/easl/images/o0900066.png
o0980042		ALAN~b	I	ALAN~b	𒚺	/pcsl/easl/images/o0900067.png
o0980043		ALAN~c	I	ALAN~c	𒚻	/pcsl/easl/images/o0900068.png
o0980044		ALAN~d	I	ALAN~d	𒚼	/pcsl/easl/images/o0900069.png
o0980045		ALAN~e	I	ALAN~e	𒚽	/pcsl/easl/images/o0900070.png
o0980046	1-	ALAN~f	I	ALAN~f	󲜄	/pcsl/easl/images/o0900071.png
o0980047		ALIM	I	ALIM	𒚾	/pcsl/easl/images/o0900072.png
o0980048		AM~a	I	AM~a	𒚿	/pcsl/easl/images/o0900074.png
o0980049		AM~b	I	AM~b	𒛀	/pcsl/easl/images/o0900075.png
o0980050		AMA~a	I	AMA~a	𒛁,𒛃	/pcsl/easl/images/o0900077.png
o0980051		|AMA~a×E₂~a|	I	|AMA~axE2~a|	𒛂	/pcsl/easl/images/o0900081.png
o0980052		AMA~b	I	AMA~b	𒛄	/pcsl/easl/images/o0900079.png
o0980053		AMAR	I	AMAR	𒛊,𒛅,𒛉	/pcsl/easl/images/o0900082.png
o0980054	.	|AMAR.1(N02)|	I	|AMAR.1(N02)|	𒛆	/pcsl/easl/images/o0900085.png
o0980056		|AMAR&AMAR|	I	|AMAR&AMAR|	𒛇	/pcsl/easl/images/o0900087.png
o0980055	n	|AMAR~v2×TAR~c|	I	|AMARxTAR|	𒛋	/pcsl/easl/images/o0900086.png
o0980057	#	AMAR@g	I	|AMAR@g|	𒛈	/pcsl/easl/images/o0900088.png
o0980058		AN	I	AN	𒛍,󲜐,𒛌	/pcsl/easl/images/o0900089.png
o0980059		ANŠE~a	I	ANSZE~a	𒛎	/pcsl/easl/images/o0900093.png
o0980060		ANŠE~b	I	ANSZE~b	𒛏	/pcsl/easl/images/o0900094.png
o0980061		ANŠE~c	I	ANSZE~c	𒛐	/pcsl/easl/images/o0900095.png
o0980062		ANŠE~e	I	ANSZE~e	𒛑	/pcsl/easl/images/o0900096.png
o0980064	1-.	ANZU₂	I	ANZU2	󲜖	/pcsl/easl/images/o0900098.png
o0980065		APIN~a	I	APIN~a	𒛒	/pcsl/easl/images/o0900100.png
o0980066	.	|APIN~a.APIN~a|	I	|APIN~a.APIN~a|	𒛓	/pcsl/easl/images/o0900104.png
o0980067		APIN~b	I	APIN~b	𒛔	/pcsl/easl/images/o0900101.png
o0980068		APIN~c	I	APIN~c	𒛕	/pcsl/easl/images/o0900102.png
o0980069	!D	ARARMA₂~a	I	ARARMA2~a	𒛗,𒛖	/pcsl/easl/images/o0900106.png
o0980070	:	ARARMA₂~b	I	ARARMA2~b	𒛘	/pcsl/easl/images/o0900108.png
o0980071	:	ARATTA	I	ARATTA	𒛙	/pcsl/easl/images/o0900109.png
o0980072	1-	ASAL₂	I	ASAL2	󲜞	/pcsl/easl/images/o0900110.png
o0980073	!C	ASAR	I	ASAR	𒛚	/pcsl/easl/images/o0900111.png
o0980074		AŠ₂	I	ASZ2	𒛛	/pcsl/easl/images/o0900112.png
o0980075	!	AZ	I	AZ	𒛜	/pcsl/easl/images/o0900113.png
o0980076		AZU	I	AZU	𒛝	/pcsl/easl/images/o0900114.png
o0980077		BA	I	BA	𒛞	/pcsl/easl/images/o0900115.png
o0980078		BAD	I	BAD	𒛟	/pcsl/easl/images/o0900116.png
o0980079		|BAD&BAD|	I	|BAD&BAD|	𒛠	/pcsl/easl/images/o0900117.png
o0980080		BAD₃~a	I	BAD3~a	𒛡	/pcsl/easl/images/o0900119.png
o0980081		BAD₃~b1	I	BAD3~b1	𒛢	/pcsl/easl/images/o0900121.png
o0980082		BAD₃~b2	I	BAD3~b2	𒛣	/pcsl/easl/images/o0900122.png
o0980083		BAHAR₂~a	I	BAHAR2~a	𒛤,𒛥	/pcsl/easl/images/o0900124.png
o0980084		BAHAR₂~b	I	BAHAR2~b	𒛦,𒛧	/pcsl/easl/images/o0900126.png
o0980085		BAHAR₂~c	I	BAHAR2~c	𒛨	/pcsl/easl/images/o0900128.png
o0980086		BALA~a	I	BALA~a	𒛩	/pcsl/easl/images/o0900130.png
o0980087		BALA~b	I	BALA~b	𒛪,𒛫	/pcsl/easl/images/o0900131.png
o0980088		BALAG	I	BALAG	𒛬,𒛭	/pcsl/easl/images/o0900133.png
o0980089		BAN~a	I	BAN~a	𒛮,𒛯,𒛰	/pcsl/easl/images/o0900136.png
o0980090		BAN~b	I	BAN~b	𒛱	/pcsl/easl/images/o0900139.png
o0980091		BANŠUR~a	I	BANSZUR~a	𒛲	/pcsl/easl/images/o0900141.png
o0980092		BANŠUR~a@t	I	BANSZUR~a@t	𒛳	/pcsl/easl/images/o0900146.png
o0980093		BANŠUR~b1	I	BANSZUR~b1	𒛴	/pcsl/easl/images/o0900142.png
o0980094		BANŠUR~b2	I	BANSZUR~b2	𒛵	/pcsl/easl/images/o0900143.png
o0980095		BANŠUR~c	I	BANSZUR~c	𒛶	/pcsl/easl/images/o0900144.png
o0980096	!U	BAPPIR~a	I	BAPPIR~a	𒛷	/pcsl/easl/images/o0900148.png
o0980097	!U	BAPPIR~b	I	BAPPIR~b	𒛸	/pcsl/easl/images/o0900149.png
o0980098	!U	BAPPIR~c	I	BAPPIR~c	𒛹	/pcsl/easl/images/o0900150.png
o0980099	!U	BAPPIR~d	I	BAPPIR~d	𒛺	/pcsl/easl/images/o0900151.png
o0980100	!U	BAPPIR~e	I	BAPPIR~e	𒛻	/pcsl/easl/images/o0900152.png
o0980101	!U	BAPPIR~f	I	BAPPIR~f	𒛼	/pcsl/easl/images/o0900153.png
o0980102		BAR	I	BAR	𒛽	/pcsl/easl/images/o0900154.png
o0980105		BARA₂~a	I	BARA2~a	𒛾,𒛿	/pcsl/easl/images/o0900158.png
o0980106		BARA₂~b	I	BARA2~b	𒜀,𒜁	/pcsl/easl/images/o0900160.png
o0980107		BARA₃	I	BARA3	𒜂	/pcsl/easl/images/o0900162.png
o0980108	1-	BAU405	I	|UET2.405|	󲪥	/pcsl/easl/images/o0900163.png
o0980109		BIR~a	I	BIR~a	𒜃	/pcsl/easl/images/o0900165.png
o0980110		BIR~b	I	BIR~b	𒜄	/pcsl/easl/images/o0900166.png
o0980111		BIR~c	I	BIR~c	𒜅	/pcsl/easl/images/o0900167.png
o0980112		BIR₃~a	I	BIR3~a	𒜇,𒜆	/pcsl/easl/images/o0900169.png
o0980113		BIR₃~b	I	BIR3~b	𒜉,𒜈	/pcsl/easl/images/o0900171.png
o0980114		BIR₃~c	I	BIR3~c	𒜊	/pcsl/easl/images/o0900173.png
o0980115		BU~a	I	BU~a	𒜓,𒜋	/pcsl/easl/images/o0900175.png
o0980117		|BU~a+DU₆~a|	I	|BU~a+DU6~a|	𒜌,𒜍	/pcsl/easl/images/o0900199.png
o0980121		|BU~a×GIŠ@t|	I	|BU~axGISZ@t|	𒜎	/pcsl/easl/images/o0900185.png
o0980122		|BU~a×1(N58)|	I	|BU~ax1(N58)|	𒜏	/pcsl/easl/images/o0900187.png
o0980123		|(BU~a&BU~a).NA₂~a|	I	|(BU~a&BU~a).NA2~a|	𒜐,𒜑	/pcsl/easl/images/o0900191.png
o0982241	d	|(BU~a&BU~a).NA₂~b|	I	|(BU~a&BU~a).NA2~b|	󲱣	/pcsl/easl/images/o0900193.png
o0980124	#	|(BU~a&BU~a).X|	I	|(BU~a&BU~a).X|	𒜒	/pcsl/easl/images/o0900197.png
o0980120	n	|BU~a~v1×A|	I	|BU~axA|	𒜔	/pcsl/easl/images/o0900183.png
o0980125	nc	|(BU~a~v1%BU~a~v1).NA₂~a@n|	I	|(BU~a&BU~a).NA2~a@n|	𒜕,󲱣	/pcsl/easl/images/o0903398.png
o0980126		BU~b	I	BU~b	𒜖	/pcsl/easl/images/o0900177.png
o0980127	.n	|BU~b.NA₂~a~v1|	I	|BU~b.NA2~a|	𒜗	/pcsl/easl/images/o0900181.png
o0980128		BU₃	I	BU3	𒜘	/pcsl/easl/images/o0900205.png
o0980129		BULUG	I	BULUG	𒜙	/pcsl/easl/images/o0900206.png
o0980130		BULUG₃	I	BULUG3	𒜚	/pcsl/easl/images/o0900207.png
o0980132		BUR~a	I	BUR~a	𒜛	/pcsl/easl/images/o0900211.png
o0980133		BUR~b	I	BUR~b	𒜜	/pcsl/easl/images/o0900212.png
o0980134		BUR~c	I	BUR~c	𒜝	/pcsl/easl/images/o0900213.png
o0980135		BUR~d	I	BUR~d	𒜞	/pcsl/easl/images/o0900214.png
o0980136		BUR₂	I	BUR2	𒜟	/pcsl/easl/images/o0900215.png
o0980137		DA~a	I	DA~a	𒜠	/pcsl/easl/images/o0900217.png
o0980138	.	|DA~a.LIŠ|	I	|DA~a.LISZ|	𒜡	/pcsl/easl/images/o0900222.png
o0980139		DA~b	I	DA~b	𒜢	/pcsl/easl/images/o0900218.png
o0980140		DA~c	I	DA~c	𒜣	/pcsl/easl/images/o0900219.png
o0980141		DA~d	I	DA~d	𒜤	/pcsl/easl/images/o0900220.png
o0980142	1-	DAG	I	DAG	󲝞	/pcsl/easl/images/o0900223.png
o0980143		DAH	I	DAH	𒜥	/pcsl/easl/images/o0900224.png
o0980144		DAM	I	DAM	𒜦	/pcsl/easl/images/o0900225.png
o0980145		DANNA	I	DANNA	𒜧	/pcsl/easl/images/o0900226.png
o0980146		DAR~a	I	DAR~a	𒜨	/pcsl/easl/images/o0900228.png
o0980147		|DAR~a×A|	I	|DAR~axA|	𒜩	/pcsl/easl/images/o0900233.png
o0980148		DAR~b	I	DAR~b	𒜪	/pcsl/easl/images/o0900229.png
o0980149		DAR~c	I	DAR~c	𒜫	/pcsl/easl/images/o0900230.png
o0980150		DAR~d	I	DAR~d	𒜬	/pcsl/easl/images/o0900231.png
o0980151		DARA₃~a	I	DARA3~a	𒜭	/pcsl/easl/images/o0900235.png
o0980152		DARA₃~b	I	DARA3~b	𒜮	/pcsl/easl/images/o0900236.png
o0980153		DARA₃~c	I	DARA3~c	𒜯,𒜲	/pcsl/easl/images/o0900237.png
o0980154		|DARA₃~c×KAR₂|	I	|DARA3~cxKAR2|	𒜰	/pcsl/easl/images/o0900241.png
o0980155		|DARA₃~c×(KAR₂.ŠE~a)|	I	|DARA3~cx(KAR2.SZE~a)|	𒜱	/pcsl/easl/images/o0900246.png
o0980156		DARA₃~d	I	DARA3~d	𒜳	/pcsl/easl/images/o0900239.png
o0980158		|DARA₃~d×KAR₂~b|	I	|DARA3~dxKAR2|	𒜵,𒜴,𒜶	/pcsl/easl/images/o0900243.png
o0980157		|DARA₃~d×(KAR₂.ŠE~a)|	I	|DARA3~dx(KAR2.SZE~a)|	𒜷	/pcsl/easl/images/o0900247.png
o0980159		DARA₄~a1	I	DARA4~a1	𒜸	/pcsl/easl/images/o0900249.png
o0980160		DARA₄~a2	I	DARA4~a2	𒜹	/pcsl/easl/images/o0900250.png
o0980161		DARA₄~a3	I	DARA4~a3	𒜺	/pcsl/easl/images/o0900251.png
o0980162		DARA₄~b	I	DARA4~b	𒜻	/pcsl/easl/images/o0900252.png
o0980164		DARA₄~c1	I	DARA4~c1	𒜼	/pcsl/easl/images/o0900254.png
o0980165		DARA₄~c2	I	DARA4~c2	𒜽	/pcsl/easl/images/o0900255.png
o0980166		DARA₄~c3	I	DARA4~c3	𒜾	/pcsl/easl/images/o0900256.png
o0980167		DARA₄~c4	I	DARA4~c4	𒜿	/pcsl/easl/images/o0900257.png
o0980168		DARA₄~c5	I	DARA4~c5	𒝀	/pcsl/easl/images/o0900258.png
o0980170		DI	I	DI	𒝁	/pcsl/easl/images/o0900260.png
o0980171		DI@t	I	DI@t	𒝂	/pcsl/easl/images/o0900261.png
o0980172		DIB	I	DIB	𒝃,𒝄	/pcsl/easl/images/o0900262.png
o0980173		DILMUN	I	DILMUN	𒝇,𒝅,𒝆	/pcsl/easl/images/o0900264.png
o0980174		DIM~a	I	DIM~a	𒝈	/pcsl/easl/images/o0900269.png
o0980175	1-	|DIM~a×GU|	I	|DIM~axGU|	󲱱	/pcsl/easl/images/o0900273.png
o0980176	1-	|DIM~a×X|	I	|DIM~axX|	󲱲	/pcsl/easl/images/o0900275.png
o0980177		DIM~b	I	DIM~b	𒝉	/pcsl/easl/images/o0900270.png
o0980178		DIM~c	I	DIM~c	𒝊	/pcsl/easl/images/o0900271.png
o0980179		DIN	I	DIN	𒝋	/pcsl/easl/images/o0900276.png
o0980181		DIN@t	I	DIN@t	𒝌	/pcsl/easl/images/o0900278.png
o0980183		|DU×1(N58@t)|	I	|DUxDISZ|	𒝎	/pcsl/easl/images/o0900281.png
o0980182		DU	DU	DU	𒝍	/pcsl/easl/images/o0900279.png
o0980184		DU@g	I	DU@g	𒝏	/pcsl/easl/images/o0900282.png
o0980185		DU₆~a	I	DU6~a	𒝑,𒝐	/pcsl/easl/images/o0900284.png
o0980186	n	|DU₆~a~v1×1(N58)|	I	|DU6~axDISZ|	𒝒	/pcsl/easl/images/o0900290.png
o0980188		DU₆~b	I	DU6~b	𒝓	/pcsl/easl/images/o0900287.png
o0980189		DU₆~c	I	DU6~c	𒝔	/pcsl/easl/images/o0900288.png
o0980190		DU₇	I	DU7	𒝕	/pcsl/easl/images/o0900291.png
o0980191		DU₈~a	I	DU8~a	𒝖	/pcsl/easl/images/o0900293.png
o0980192		DU₈~b	I	DU8~b	𒝗,𒝘	/pcsl/easl/images/o0900294.png
o0980193		DU₈~c	I	DU8~c	𒝙	/pcsl/easl/images/o0900296.png
o0980196		|DU₈~c×HI|	I	|DU8~cxHI|	𒝚	/pcsl/easl/images/o0900303.png
o0980197		|DU₈~c×UDU~a|	I	|DU8~cxUDU~a|	𒝛	/pcsl/easl/images/o0900305.png
o0980198	#	|DU₈~c×X|	I	|DU8~cxX|	𒝜	/pcsl/easl/images/o0900307.png
o0980199		DU₈~c@g	I	DU8~c@g	𒝝,𒝞	/pcsl/easl/images/o0900309.png
o0980200		DUB~a	I	DUB~a	𒝟	/pcsl/easl/images/o0900312.png
o0980201		DUB~b	I	DUB~b	𒝡,𒝠,𒝣,𒝢,𒝤	/pcsl/easl/images/o0900313.png
o0980203		DUB~c	I	DUB~c	𒝥	/pcsl/easl/images/o0900318.png
o0980204		DUB~d	I	DUB~d	𒝦	/pcsl/easl/images/o0900319.png
o0980205		DUB~e	I	DUB~e	𒝧	/pcsl/easl/images/o0900320.png
o0980206		DUB~f	I	DUB~f	𒝨	/pcsl/easl/images/o0900321.png
o0980208		|(DUB@n~a×1(N58))~a|	I	|(DUBxDISZ)~a|	𒝩	/pcsl/easl/images/o0900324.png
o0980209		|(DUB@n~a×1(N58))~b|	I	|(DUBxDISZ)~c|	𒝪	/pcsl/easl/images/o0900326.png
o0980210		|DUB@n~b×1(N58)~a|	I	|(DUBxDISZ)~b|	𒝫	/pcsl/easl/images/o0900325.png
o0980211		DUB₂	I	DUB2	𒝬	/pcsl/easl/images/o0900329.png
o0980212		DUG~a	I	DUG~a	𒝶,𒝵,𒝭	/pcsl/easl/images/o0900331.png
o0980213	1-	|DUG~a×HI|	I	|DUG~axHI|	󲱼	/pcsl/easl/images/o0900369.png
o0980214		|DUG~a×KASKAL|	I	|DUG~axKASKAL|	𒝮	/pcsl/easl/images/o0900375.png
o0980216		|DUG~a×LAM~b|	I	|DUG~axLAM~b|	𒝯	/pcsl/easl/images/o0900388.png
o0980217		|DUG~a×NAGA~a|	I	|DUG~axNAGA~a|	𒝰	/pcsl/easl/images/o0900407.png
o0980218		|DUG~a×U₂~a|	I	|DUG~axU2~a|	𒝱	/pcsl/easl/images/o0900447.png
o0980219		|DUG~a×U₂~b|	I	|DUG~axU2~b|	𒝲	/pcsl/easl/images/o0900448.png
o0980220	1-#	|DUG~a×X|	I	|DUG~axX|	󲲂	/pcsl/easl/images/o0900460.png
o0980221		|DUG~a×1(N57)|	I	|DUG~ax1(N57)|	𒝳	/pcsl/easl/images/o0900394.png
o0980222		DUG~b	I	DUG~b	𒞭,𒝷	/pcsl/easl/images/o0900334.png
o0980224		|DUG~b×ANŠE~b|	I	|DUG~bxANSZE~b|	𒝸	/pcsl/easl/images/o0900342.png
o0980225		|DUG~b×ANŠE~d|	I	|DUG~bxANSZE~d|	𒝹	/pcsl/easl/images/o0900343.png
o0980226	#	|DUG~b×BA|	I	|DUG~bxBA|	󳁣	-
o0980227		|DUG~b×BALA~a|	I	|DUG~bxBALA~a|	𒝺	/pcsl/easl/images/o0900347.png
o0980228		|DUG~b×BIR₃~c|	I	|DUG~bxBIR3~c|	𒝻	/pcsl/easl/images/o0900349.png
o0980229		|DUG~b×DIN|	I	|DUG~bxDIN|	𒞯,𒝼	/pcsl/easl/images/o0900351.png
o0980230		|(DUG~b×DIN)@r|	I	|(DUG~bxDIN)@r|	𒝽	/pcsl/easl/images/o0900354.png
o0980231		|DUG~b×E~a|	I	|DUG~bxE~a|	𒝾	/pcsl/easl/images/o0900356.png
o0980232	n	|DUG~b×GA~a~v4|	I	|DUG~bxGA~a|	𒝿	/pcsl/easl/images/o0900358.png
o0980233		|DUG~b×GA~b|	I	|DUG~bxGA~b|	𒞀	/pcsl/easl/images/o0900359.png
o0980234	n	|DUG~b×GEŠTU~a~v2|	I	|DUG~bxGESZTU~a|	𒞰,𒞁	/pcsl/easl/images/o0900361.png
o0980235		|DUG~b×GEŠTU~b|	I	|DUG~bxGESZTU~b|	𒞂	/pcsl/easl/images/o0900363.png
o0980236		|DUG~b×GI₆|	I	|DUG~bxGI6|	𒞃	/pcsl/easl/images/o0900365.png
o0980237		|DUG~b×GIŠ|	I	|DUG~bxGISZ|	𒞄	/pcsl/easl/images/o0900367.png
o0980238		|DUG~b×HI|	I	|DUG~bxHI|	𒞱,𒞅	/pcsl/easl/images/o0900370.png
o0980240		|DUG~b×KASKAL|	I	|DUG~bxKASKAL|	𒞆	/pcsl/easl/images/o0900376.png
o0980241		|DUG~b×KU₆~a|	I	|DUG~bxKU6~a|	𒞇	/pcsl/easl/images/o0900379.png
o0980242		|DUG~b×KUR~a|	I	|DUG~bxKUR~a|	𒞈	/pcsl/easl/images/o0900381.png
o0980243	n#	|DUG~b×(KUR~a.X)|	I	|DUG~bx(KUR~a.X)|	𒞉	/pcsl/easl/images/o0900384.png
o0980244		|DUG~b×KUR~b|	I	|DUG~bxKUR~b|	𒞊	/pcsl/easl/images/o0900382.png
o0980245		|DUG~b×KUR@g~a|	I	|DUG~bxKUR@g~a|	𒞋	/pcsl/easl/images/o0900386.png
o0980246		|DUG~b×LAM~a|	I	|DUG~bxLAM~a|	𒞌	/pcsl/easl/images/o0900389.png
o0980247		|DUG~b×MAŠ|	I	|DUG~bxMASZ|	𒞳,𒞍	/pcsl/easl/images/o0900391.png
o0980248		|DUG~b×NAGA~a|	I	|DUG~bxNAGA~a|	𒞎	/pcsl/easl/images/o0900408.png
o0980249		|DUG~b×NAM₂|	I	|DUG~bxNAM2|	𒞏	/pcsl/easl/images/o0900410.png
o0980250	n	|DUG~b×(NI~a@g.ZATU779)|	I	|DUG~bx(NI~a@g.ZATU779)|	𒞐	/pcsl/easl/images/o0900412.png
o0980251		|DUG~b×SA~a|	I	|DUG~bxSA~a|	𒞑	/pcsl/easl/images/o0900414.png
o0980252		|DUG~b×(SA~a.GI)|	DUG~b+SA~a+GI	DUG~b+SA~a+GI	󳁔	-
o0980253		|DUG~b×SI₄~a|	I	|DUG~bxSI4~a|	𒞒	/pcsl/easl/images/o0900418.png
o0980254	n#	|DUG~b×(SI₄~a.X)|	I	|DUG~bx(SI4~a.X)|	𒞓	/pcsl/easl/images/o0900420.png
o0980255		|DUG~b×SIG₂~a1|	I	|DUG~bxSIG2~a1|	𒞔	/pcsl/easl/images/o0900422.png
o0980256		|DUG~b×SIG₂~a2|	I	|DUG~bxSIG2~a2|	𒞕	/pcsl/easl/images/o0900423.png
o0980257		|DUG~b×SIG₇|	I	|DUG~bxSIG7|	𒞖	/pcsl/easl/images/o0900425.png
o0980258		|DUG~b×SUHUR|	I	|DUG~bxSUHUR|	𒞗	/pcsl/easl/images/o0900427.png
o0980260		|DUG~b×ŠAH₂~a|	I	|DUG~bxSZAH2~a|	𒞘	/pcsl/easl/images/o0900431.png
o0980261		|DUG~b×ŠE~a|	I	|DUG~bxSZE~a|	𒞴,𒞵,𒞙	/pcsl/easl/images/o0900433.png
o0980262	n	|DUG~b×(ŠE~a.NAM₂)|	I	|DUG~bx(SZE~a.NAM2)|	𒞚	/pcsl/easl/images/o0900437.png
o0980263		|DUG~b×TAK₄~a|	I	|DUG~bxTAK4~a|	𒞛	/pcsl/easl/images/o0900439.png
o0980264	n	|DUG~b×(TAK₄~a.SA~a)|	I	|DUG~bx(TAK4~a.SA~a)|	𒞜	/pcsl/easl/images/o0900441.png
o0980265	n	|DUG~b×(TAK₄~a.SAL)|	I	|DUG~bx(TAK4~a.SAL)|	𒞝	/pcsl/easl/images/o0900443.png
o0980266		|DUG~b×TI|	I	|DUG~bxTI|	𒞞	/pcsl/easl/images/o0900445.png
o0980267		|DUG~b×U₂~a|	I	|DUG~bxU2~a|	𒞟	/pcsl/easl/images/o0900449.png
o0980268	+	|DUG~b×U₂~b|	I	|DUG~bxU2~b|	𒞶,𒞺,𒞠	/pcsl/easl/images/o0900450.png
o0980270		|DUG~b×UH₃~a|	I	|DUG~bxUH3~a|	𒞡	/pcsl/easl/images/o0900456.png
o0980271		|DUG~b×UH₃~a@t|	I	|DUG~bxUH3~a@t|	𒞢	/pcsl/easl/images/o0900458.png
o0980272	#	|DUG~b×X|	I	|DUG~bxX|	𒞷,𒞣	/pcsl/easl/images/o0900461.png
o0980273		|DUG~b×ZATU707~a|	I	|DUG~bxZATU707~a|	𒞤	/pcsl/easl/images/o0900464.png
o0980274		|DUG~b×ZATU764|	I	|DUG~bxZATU764|	𒞥	/pcsl/easl/images/o0900466.png
o0980275		|DUG~b×ZATU779|	I	|DUG~bxZATU779|	𒞦	/pcsl/easl/images/o0900468.png
o0980276		|DUG~b×ZATU780|	I	|DUG~bxZATU780|	𒞧	/pcsl/easl/images/o0900470.png
o0980277		|DUG~b×ZATU781|	I	|DUG~bxZATU781|	𒞨	/pcsl/easl/images/o0900472.png
o0980278	n	|DUG~b×(ZATU789.SA~a)|	I	|DUG~bx(ZATU789.SA~a)|	𒞩	/pcsl/easl/images/o0900474.png
o0980279		|DUG~b×1(N57)|	I	|DUG~bx1(N57)|	𒞸,𒞪	/pcsl/easl/images/o0900395.png
o0980280	n	|DUG~b×(1(N57).KU₃~a)|	I	|DUG~bx(1(N57).KU3~a)|	𒞫	/pcsl/easl/images/o0900401.png
o0980281		|DUG~b×3(N57)|	I	|DUG~bx3(N57)|	𒞬	/pcsl/easl/images/o0900403.png
o0980223	n	|DUG~b~v1×AB₂|	I	|DUG~bxAB2|	𒞮	/pcsl/easl/images/o0900340.png
o0980239	n	|DUG~b~v1×HI@g~a|	I	|DUG~bxHI@g~a|	𒞲	/pcsl/easl/images/o0900373.png
o0980283	n	|(DUG~b~v1&DUG~b~v1)×1(N58)|	I	|(DUG~b&DUG~b)x1(N58)|	𒞹	/pcsl/easl/images/o0900476.png
o0980284		DUG~c~v1	I	DUG~c	𒞼,𒞿	/pcsl/easl/images/o0900336.png
o0980285		|DUG~c×1(N57)|	I	|DUG~cx1(N57)|	𒞾,𒞽,𒟀	/pcsl/easl/images/o0900398.png
o0980286		DUG~c@t	I	DUG~c@t	𒞻	/pcsl/easl/images/o0900479.png
o0980287	c	DUG~d	I	DUG~d	𒟁;𒝴	/pcsl/easl/images/o0900338.png
o0980288		DUGUD	I	DUGUD	𒟂	/pcsl/easl/images/o0900481.png
o0980289		DUR~a	I	DUR~a	𒟃	/pcsl/easl/images/o0900483.png
o0980290		DUR~b	I	DUR~b	𒟄	/pcsl/easl/images/o0900484.png
o0980291		DUR₂	I	DUR2	𒟅	/pcsl/easl/images/o0900485.png
o0980292		E~a	I	E~a	𒟆	/pcsl/easl/images/o0900487.png
o0980293		E~b	I	E~b	𒟇	/pcsl/easl/images/o0900488.png
o0980294		E~c	I	E~c	𒟈	/pcsl/easl/images/o0900489.png
o0980295		E~d	I	E~d	𒟉	/pcsl/easl/images/o0900490.png
o0980296	1-	E~e	I	E~e	󲞩	/pcsl/easl/images/o0900491.png
o0980297		E₂~a	I	E2~a	𒟊	/pcsl/easl/images/o0900493.png
o0980298	.	|E₂~a.LIŠ|	I	|E2~a.LISZ|	𒟋	/pcsl/easl/images/o0900498.png
o0980299		|E₂~a×3(N58)|	I	|E2~ax3(N58)|	𒟌	/pcsl/easl/images/o0900506.png
o0980300		|E₂~a×1(N58@t)|	I	|E2~ax1(N57)@t|	𒟍	/pcsl/easl/images/o0900503.png
o0980301		E₂~b	I	E2~b	𒟎	/pcsl/easl/images/o0900494.png
o0980302	.	|E₂~b.LIŠ|	I	|E2~b.LISZ|	𒟏	/pcsl/easl/images/o0900499.png
o0980303	n	|E₂~b×1(N58@t)|	I	|E2~bx1(N57)@t|	𒟐	/pcsl/easl/images/o0900504.png
o0980304		E₂~c	I	E2~c	𒟑	/pcsl/easl/images/o0900495.png
o0980305		E₂~d	I	E2~d	𒟒	/pcsl/easl/images/o0900496.png
o0980306	:	E₃~a	I	E3~a	𒟓	/pcsl/easl/images/o0900508.png
o0980307		E₃~b	I	E3~b	𒟔	/pcsl/easl/images/o0900510.png
o0980308		EDIN	I	EDIN	𒟕	/pcsl/easl/images/o0900511.png
o0980309		EN~a	I	EN~a	𒟖,𒟗,𒟘,𒟙	/pcsl/easl/images/o0900513.png
o0980310		EN~b	I	EN~b	𒟚,𒟜	/pcsl/easl/images/o0900517.png
o0980311		EN~b@t	I	EN~b@t	𒟛	/pcsl/easl/images/o0900528.png
o0980312		EN~c	I	EN~c	𒟝,𒟟	/pcsl/easl/images/o0900519.png
o0980313		|EN~c&EN~c|	I	|EN~c&EN~c|	𒟞	/pcsl/easl/images/o0900523.png
o0980314		EN~e	I	EN~e	𒟠	/pcsl/easl/images/o0900521.png
o0980315		EN@g~a	I	EN@g~a	𒟡	/pcsl/easl/images/o0900525.png
o0980316		EN@g~b	I	EN@g~b	𒟢	/pcsl/easl/images/o0900526.png
o0980317		EN₂	I	EN2	𒟣	/pcsl/easl/images/o0900529.png
o0980318	.	|EN₂.E₂~a|	I	|EN2.E2~a|	𒟤	/pcsl/easl/images/o0900531.png
o0980319	.	|EN₂.E₂~b|	I	|EN2.E2~b|	𒟥	/pcsl/easl/images/o0900532.png
o0980320	:	ENDIB	I	ENDIB	𒟦	/pcsl/easl/images/o0900533.png
o0980321	:	ENGIZ	I	ENGIZ	𒟧;󳄎,󳄏	/pcsl/easl/images/o0900534.png
o0980322	:	ENKUM	I	ENKUM	𒟨,𒟩	/pcsl/easl/images/o0900535.png
o0980323	:	ENLIL	I	ENLIL	𒟪	/pcsl/easl/images/o0900537.png
o0980324	1-.	ENSI	I	ENSI	󲟃	/pcsl/easl/images/o0900538.png
o0980325	1-.	ENSI₂	I	ENSI2	󲟄	/pcsl/easl/images/o0900539.png
o0980326		ERIM~a	I	ERIM~a	𒟫	/pcsl/easl/images/o0900541.png
o0980327		ERIM~b1	I	ERIM~b1	𒟬	/pcsl/easl/images/o0900542.png
o0980328		ERIM~b2	I	ERIM~b2	𒟭	/pcsl/easl/images/o0900543.png
o0980329	:	ERIM₂	I	ERIM2	𒟮	/pcsl/easl/images/o0900544.png
o0980330		ERIN	I	ERIN	𒟯	/pcsl/easl/images/o0900545.png
o0981209		ŠE₃@t	I	SZE3@t	𒭛,𒭝	/pcsl/easl/images/o0901964.png
o0980331		EŠDA	I	ESZDA	𒟰	/pcsl/easl/images/o0900546.png
o0980332	n	|EŠDA×TAR~a|	I	|ESZDAxTAR|	𒟱	/pcsl/easl/images/o0900547.png
o0980333		EŠGAR	I	ESZGAR	𒟲	/pcsl/easl/images/o0900548.png
o0980334		EZEN~a	I	EZEN~a	𒠁,𒟳	/pcsl/easl/images/o0900550.png
o0980336	n	|EZEN~a×EN~b~v1|	I	|EZEN~axEN~b|	𒟴	/pcsl/easl/images/o0900557.png
o0980337	n	|EZEN~a×(HI×1(N57).AN)|	I	|EZEN~ax(HI.1(N57).AN)|	𒟵	/pcsl/easl/images/o0900559.png
o0980338		|EZEN~a×KAB|	I	|EZEN~axKAB|	𒟶	/pcsl/easl/images/o0900561.png
o0980340		|EZEN~a×KI|	I	|EZEN~axKI|	𒟷	/pcsl/easl/images/o0900565.png
o0980341	1-	|EZEN~a×LA~e|	I	|EZEN~axLA~e|	󲳕,𒟸	/pcsl/easl/images/o0900567.png
o0980342		|EZEN~a×NIM~b2|	I	|EZEN~axNIM~b2|	𒟹	/pcsl/easl/images/o0900573.png
o0980343		|EZEN~a×NIMGIR|	I	|EZEN~axNIMGIR|	𒟺	/pcsl/easl/images/o0900575.png
o0980344		|EZEN~a×RAD~a|	I	|EZEN~axRAD~a|	𒟻	/pcsl/easl/images/o0900577.png
o0980345	n	|EZEN~a×SAG~v1|	I	|EZEN~axSAG|	𒟼	/pcsl/easl/images/o0900579.png
o0980346		|EZEN~a×SU~a|	I	|EZEN~axSU~a|	𒟽	/pcsl/easl/images/o0900581.png
o0980347	n	|EZEN~a×(U₂~b.A)|	I	|EZEN~ax(U2~b.A)|	𒟾	/pcsl/easl/images/o0900583.png
o0980348		|EZEN~a×U₄|	I	|EZEN~axU4|	𒟿	/pcsl/easl/images/o0900585.png
o0980349	#	|EZEN~a×X|	I	|EZEN~axX|	𒠀	/pcsl/easl/images/o0900587.png
o0980335	n	|EZEN~a~v1×EN~a|	I	|EZEN~axEN~a|	𒠂	/pcsl/easl/images/o0900556.png
o0980350		EZEN~b	I	EZEN~b	𒠃	/pcsl/easl/images/o0900552.png
o0980351	++	|EZEN~b×ŠE~a@t|	I	-	󳄆	-
o0980352	c	|EZEN~b×6(N57)|	I	|EZEN~bx6(N57)|	󲳟,𒠄	/pcsl/easl/images/o0900571.png
o0980353		EZEN~b@t	I	|EZEN~b@t|	𒠅	/pcsl/easl/images/o0900592.png
o0982242	d	EZEN~c	I	EZEN~c	󲟐	/pcsl/easl/images/o0900554.png
o0980354		EZINU~a	I	EZINU~a	𒠆	/pcsl/easl/images/o0900594.png
o0980355		EZINU~b	I	EZINU~b	𒠇	/pcsl/easl/images/o0900595.png
o0980356		EZINU~c	I	EZINU~c	𒠈	/pcsl/easl/images/o0900596.png
o0980357		EZINU~d	I	EZINU~d	𒠉	/pcsl/easl/images/o0900597.png
o0980358		GA~a	I	GA~a	𒠊,𒠋,𒠍,𒠎,𒠏	/pcsl/easl/images/o0900599.png
o0980359	n.	|GA~a~v1.ZATU753|	I	|GA~a.ZATU753|	𒠌,𒠐	/pcsl/easl/images/o0900607.png
o0980360	#	|GA~a~v4×X|	I	|GA~axX|	󲳡	/pcsl/easl/images/o0900614.png
o0980361		GA~b	I	GA~b	𒠑	/pcsl/easl/images/o0900604.png
o0980362		GA~c	I	GA~c	𒠒	/pcsl/easl/images/o0900605.png
o0980363		|GA~c×KASKAL|	I	|GA~cxKASKAL|	𒠓	/pcsl/easl/images/o0900610.png
o0980364		|GA~c×1(N14)|	I	|GA~cx1(N14)|	𒠔	/pcsl/easl/images/o0900612.png
o0980365		GA₂~a1	I	GA2~a1	𒠕	/pcsl/easl/images/o0900616.png
o0980366		|GA₂~a1×A|	I	|GA2~a1xA|	𒠖	/pcsl/easl/images/o0900623.png
o0980369	n	|GA₂~a1×EN~b~v1|	I	|GA2~a1xEN~b|	𒠗	/pcsl/easl/images/o0900631.png
o0980371		|GA₂~a1×GEŠTU~c3|	I	|GA2~a1xGESZTU~c3|	𒠘	/pcsl/easl/images/o0900634.png
o0980372		|GA₂~a1×GEŠTU~c5|	I	|GA2~a1xGESZTU~c5|	𒠙	/pcsl/easl/images/o0900635.png
o0980373		|GA₂~a1×GIR~a|	I	|GA2~a1xGIR~a|	𒠚	/pcsl/easl/images/o0900637.png
o0980374	n	|GA₂~a1×(GIR~a.KU₆~a)|	I	|GA2~a1x(GIR~a.KU6~a)|	𒠛	/pcsl/easl/images/o0900639.png
o0980375		|GA₂~a1×GIŠ@t|	I	|GA2~a1xGISZ@t|	𒠜	/pcsl/easl/images/o0900641.png
o0980376	1-	|GA₂~a1×GU₄|	I	|GA2~a1xGU4|	󲳰	/pcsl/easl/images/o0900643.png
o0980377		|GA₂~a1×HAL|	I	|GA2~a1xHAL|	𒠝	/pcsl/easl/images/o0900648.png
o0980378		|GA₂~a1×HI|	I	|GA2~a1xHI|	𒠞	/pcsl/easl/images/o0900650.png
o0980379	n	|GA₂~a1×(HI.SUHUR~v1)|	I	|GA2~a1x(HI.SUHUR)|	𒠟	/pcsl/easl/images/o0900652.png
o0980380		|GA₂~a1×KU₃~a|	I	|GA2~a1xKU3~a|	𒠠	/pcsl/easl/images/o0900654.png
o0980381		|GA₂~a1×KU₆~a|	I	|GA2~a1xKU6~a|	𒠡	/pcsl/easl/images/o0900657.png
o0980382	n	|GA₂~a1×(KU₆~a+KU₆~a)|	I	|GA2~a1x(KU6~a.KU6~a)|	𒠢	/pcsl/easl/images/o0900660.png
o0980383		|GA₂~a1×LAGAB~b|	I	|GA2~a1xLAGAB~b|	𒠣	/pcsl/easl/images/o0900662.png
o0980384		|GA₂~a1×MAŠ|	I	|GA2~a1xMASZ|	𒠤	/pcsl/easl/images/o0900664.png
o0980385		|GA₂~a1×NAGA~a|	I	|GA2~a1xNAGA~a|	𒠥	/pcsl/easl/images/o0900675.png
o0980386		|GA₂~a1×NIM~b1|	I	|GA2~a2xNIM~b1|	𒠦	/pcsl/easl/images/o0900680.png
o0980387	1-	|GA₂~a1×NUN~a|	I	|GA2~a1xNUN~a|	󲳻	/pcsl/easl/images/o0900682.png
o0980388		|GA₂~a1×PAD~b|	I	|GA2~a1xPAD~b|	𒠧	/pcsl/easl/images/o0900685.png
o0980389		|GA₂~a1×PAP~a|	I	|GA2~a1xPAP~a|	𒠨	/pcsl/easl/images/o0900687.png
o0980390		|GA₂~a1×SU~a|	I	|GA2~a1xSU~a|	𒠩	/pcsl/easl/images/o0900689.png
o0980391		|GA₂~a1×SUHUR|	I	|GA2~a1xSUHUR|	𒠪	/pcsl/easl/images/o0900691.png
o0980392		|GA₂~a1×SUKUD|	I	|GA2~a1xSUKUD|	𒠫	/pcsl/easl/images/o0900694.png
o0980393		|GA₂~a1×((SUKUD+SUKUD)~a)|	I	|GA2~a1x((SUKUD&SUKUD)~a)|	𒠬	/pcsl/easl/images/o0900696.png
o0980394		|GA₂~a1×((SUKUD+SUKUD)~b)|	I	|GA2~a1x((SUKUD&SUKUD)~b)|	𒠭	/pcsl/easl/images/o0900697.png
o0980395		|GA₂~a1×SUMAŠ|	I	|GA2~a1xSUMASZ|	𒠮	/pcsl/easl/images/o0900699.png
o0980396		|GA₂~a1×ŠA|	I	|GA2~a1xSZA|	𒠯	/pcsl/easl/images/o0900701.png
o0980397		|GA₂~a1×TI|	I	|GA2~a1xTI|	𒠰	/pcsl/easl/images/o0900705.png
o0980398		|GA₂~a1×U₄|	I	|GA2~a1xU4|	𒠱	/pcsl/easl/images/o0900707.png
o0980399	1-#	|GA₂~a1×X|	I	|GA2~a1xX|	𒠲	/pcsl/easl/images/o0900709.png
o0980400		|GA₂~a1×1(N14)|	I	|GA2~a1x1(N14)|	𒠳	/pcsl/easl/images/o0900666.png
o0980401		|GA₂~a1×1(N57)|	I	|GA2~a1x1(N57)|	𒠴	/pcsl/easl/images/o0900668.png
o0980403		GA₂~a2	I	GA2~a2	𒠶	/pcsl/easl/images/o0900617.png
o0980404		|GA₂~a2×GU₄|	I	|GA2~a2xGU4|	𒠷	/pcsl/easl/images/o0900644.png
o0980405		|GA₂~a2×NI~a|	I	|GA2~a2xNI~a|	𒠸	/pcsl/easl/images/o0900677.png
o0980406		|GA₂~a2×NI~b|	I	|GA2~a2xNI~b|	𒠹	/pcsl/easl/images/o0900678.png
o0980407		|GA₂~a2×SUHUR|	I	|GA2~a2xSUHUR|	𒠺	/pcsl/easl/images/o0900692.png
o0980408	n	|GA₂~a2×ŠE₃~v1|	I	|GA2~a2xSZE3|	𒠻	/pcsl/easl/images/o0900703.png
o0980409	n	|GA₂~a2×(ŠE₃~v1.GU₄)|	I	|GA2~a2x(GU4.SZE3)|	𒠼	/pcsl/easl/images/o0900646.png
o0980410	#	|GA₂~a2×X|	I	|GA2~a2xX|	𒠽	/pcsl/easl/images/o0900711.png
o0980411		|GA₂~a2×3(N57)|	I	|GA2~a2x3(N57)|	󳃾	/pcsl/easl/images/o0900671.png
o0980412		GA₂~a3	I	GA2~a3	𒠾	/pcsl/easl/images/o0900618.png
o0980413	#	|GA₂~a3×X|	I	|GA2~a3xX|	𒠿	/pcsl/easl/images/o0900712.png
o0980414		GA₂~a4	I	GA2~a4	𒡀	/pcsl/easl/images/o0900619.png
o0980415		GA₂~b	I	GA2~b	𒡁	/pcsl/easl/images/o0900620.png
o0980416		|GA₂~b×DUB~a|	I	|GA2~bxDUB~a|	𒡂	/pcsl/easl/images/o0900625.png
o0980417	n	|GA₂~b×DUB~b~v2|	I	|GA2~bxDUB~b|	𒡃	/pcsl/easl/images/o0900626.png
o0980418		|GA₂~b×KU₃~a|	I	|GA2~bxKU3~a|	𒡄	/pcsl/easl/images/o0900655.png
o0980421		|GA₂~b×ZATU659|	I	|GA2~bxZATU659|	𒡅	/pcsl/easl/images/o0900715.png
o0980422		GA₂~c	I	GA2~c	𒡆	/pcsl/easl/images/o0900621.png
o0980423		GAʾAR~a1	I	GA'AR~a1	𒡇	/pcsl/easl/images/o0900719.png
o0980424		GAʾAR~a2	I	GA'AR~a2	𒡈	/pcsl/easl/images/o0900720.png
o0980425		GAʾAR~b1	I	GA'AR~b1	𒡉	/pcsl/easl/images/o0900721.png
o0980426		GAʾAR~b2	I	GA'AR~b2	𒡊	/pcsl/easl/images/o0900722.png
o0980427		GADA~a	I	GADA~a	𒡋	/pcsl/easl/images/o0900724.png
o0980428		GADA~b	I	GADA~b	𒡌	/pcsl/easl/images/o0900725.png
o0980429		GADA~b@g	I	GADA~b@g	𒡍	/pcsl/easl/images/o0900727.png
o0980430		GAL~a	I	GAL~a	𒡎	/pcsl/easl/images/o0900729.png
o0980431		GAL~b	I	GAL~b	𒡏	/pcsl/easl/images/o0900730.png
o0980432		GALGA~a	I	GALGA~a	𒡐	/pcsl/easl/images/o0900732.png
o0980433		GALGA~b	I	GALGA~b	𒡑	/pcsl/easl/images/o0900733.png
o0980434		GAN~a	I	GAN~a	𒡒,𒡓	/pcsl/easl/images/o0900736.png
o0980435		GAN~b	I	GAN~b	𒡔,𒡕,𒡖,𒡗	/pcsl/easl/images/o0900738.png
o0980436		GAN~c	I	GAN~c	𒡘,𒡠	/pcsl/easl/images/o0900742.png
o0980437		|GAN~c×DIN|	I	|GAN~cxDIN|	𒡙	/pcsl/easl/images/o0900747.png
o0980438		|GAN~c×HI|	I	|GAN~cxHI|	𒡚	/pcsl/easl/images/o0900751.png
o0980439	n	|GAN~c×(HI.DIN)|	I	|GAN~cx(HI.DIN)|	𒡛	/pcsl/easl/images/o0900755.png
o0980442		|GAN~c×LAGAB~b|	I	|GAN~cxLAGAB~b|	𒡜	/pcsl/easl/images/o0900761.png
o0980443		|GAN~c×NE~a|	I	|GAN~cxNE~a|	𒡝	/pcsl/easl/images/o0900765.png
o0980444		|GAN~c×SIG₇|	I	|GAN~cxSIG7|	𒡞	/pcsl/easl/images/o0900767.png
o0980447	#	|GAN~c×X|	I	|GAN~cxX|	𒡟	/pcsl/easl/images/o0900773.png
o0980440	n	|GAN~c~v1×KAŠ~c|	I	|GAN~cxKASZ~c|	𒡡	/pcsl/easl/images/o0900757.png
o0980441	n	|GAN~c~v1×(KUR~a.A)|	I	|GAN~cx(KUR~a.A)|	𒡢	/pcsl/easl/images/o0900759.png
o0980448	n	|GAN~c~v1×ZATU777~v1|	I	|GAN~cxZATU777|	𒡣	/pcsl/easl/images/o0900775.png
o0980445	n	|GAN~c~v2×ŠE~a|	I	|GAN~cxSZE~a|	𒡤	/pcsl/easl/images/o0900769.png
o0980446	n	|GAN~c~v2×ŠE₃~v1@t|	I	|GAN~cxSZE3@t|	𒡥	/pcsl/easl/images/o0900771.png
o0980450	1-	GAN~d	I	GAN~d	󲟵	/pcsl/easl/images/o0900744.png
o0980451	n	|GAN~d×GEŠTU~a~v2|	I	|GAN~dxGESZTU~a|	𒡦	/pcsl/easl/images/o0900749.png
o0980452	1-	|GAN~d×HI|	I	|GAN~dxHI|	󲴡	/pcsl/easl/images/o0900752.png
o0980453		GAN₂	I	GAN2	𒡧	/pcsl/easl/images/o0900778.png
o0980454		GAR	I	GAR	𒡨	/pcsl/easl/images/o0900779.png
o0980455		GAR@g~a	I	GAR@g~a	𒡩	/pcsl/easl/images/o0900781.png
o0980456		GAR@g~b	I	GAR@g~b	𒡪	/pcsl/easl/images/o0900782.png
o0980457		GAR@g~c	I	GAR@g~c	𒡫	/pcsl/easl/images/o0900783.png
o0980458		GAR₃	I	GAR3	𒡬	/pcsl/easl/images/o0900784.png
o0980459		GARA₂~a	I	GARA2~a	𒡭	/pcsl/easl/images/o0900786.png
o0980460		GARA₂~b	I	GARA2~b	𒡮	/pcsl/easl/images/o0900787.png
o0980461		GAZI	I	GAZI	𒡯	/pcsl/easl/images/o0900788.png
o0980462		GEŠTIN~a	I	GESZTIN~a	𒡰	/pcsl/easl/images/o0900790.png
o0980463	1-	GEŠTIN~c	I	GESZTIN~c	󲠀	/pcsl/easl/images/o0900791.png
o0980464	1-#	|GEŠTIN~c×X|	I	|GESZTIN~cxX|	󲴢	/pcsl/easl/images/o0900795.png
o0980467		GEŠTU~a	I	GESZTU~a	𒡱,𒡲,𒡳	/pcsl/easl/images/o0900797.png
o0980468		|GEŠTU~a×ŠE~a@t~v1|	I	|GESZTU~axSZE~a@t|	󲴣	/pcsl/easl/images/o0900805.png
o0980469		GEŠTU~b	I	GESZTU~b	𒡴	/pcsl/easl/images/o0900800.png
o0980470		GEŠTU~c3	I	GESZTU~c3	𒡵,𒡶	/pcsl/easl/images/o0900801.png
o0980471		GEŠTU~c5	I	GESZTU~c5	𒡷	/pcsl/easl/images/o0900803.png
o0980472		GI	I	GI	𒢄,𒡸	/pcsl/easl/images/o0900806.png
o0980475		|GI×KU~b1|	I	|GIxKU~b1|	𒡹	/pcsl/easl/images/o0900812.png
o0980477		|GI×NAM₂|	I	|GIxNAM2|	𒡺	/pcsl/easl/images/o0900817.png
o0980478		|GI×SIG₂~d1|	I	|GIxSIG2~d1|	𒡻	/pcsl/easl/images/o0900819.png
o0980479	n	|GI×ŠE₃~v1|	I	|GIxSZE3|	𒡼	/pcsl/easl/images/o0900820.png
o0980480	#	|GI×X|	I	|GIxX|	𒡽	/pcsl/easl/images/o0900821.png
o0980482		|GI×1(N58@t)|	I	|GIx1(N58)@t|	𒡾	/pcsl/easl/images/o0900816.png
o0980483		|GI&GI|	I	|GI&GI|	𒡿	/pcsl/easl/images/o0900822.png
o0980484		|(GI&GI)×GIŠ@t|	I	|(GI&GI)xGISZ@t|	𒢀	/pcsl/easl/images/o0900823.png
o0980485	n	|(GI&GI)×ŠE₃~v1|	I	|(GI+&GI)xSZE3|	𒢁	/pcsl/easl/images/o0900824.png
o0980486	#	|(GI&GI)×X|	I	|(GI&GI)xX|	𒢂	/pcsl/easl/images/o0900825.png
o0980474	n	|GI~v1×GIŠ@t|	I	|GIxGISZ@t|	𒢅	/pcsl/easl/images/o0900810.png
o0980476	n	|GI~v1×LAGAB~a|	I	|GIxLAGAB~a|	𒢆	/pcsl/easl/images/o0900814.png
o0980481	n	|GI~v1×1(N14)|	I	|GIx1(N14)|	𒢇	/pcsl/easl/images/o0900815.png
o0980487	n	|GI~v1&GI~v1&GI~v1|	I	|GI&GI&GI|	𒢈	/pcsl/easl/images/o0900826.png
o0980488		GI@t	I	GI@t	𒢃	/pcsl/easl/images/o0900827.png
o0980489		GI₄~a	I	GI4~a	𒢉	/pcsl/easl/images/o0900829.png
o0980490		|GI₄~a×A|	I	|GI4~axA|	𒢊	/pcsl/easl/images/o0900832.png
o0980491		|GI₄~a&GI₄~a|	I	|GI4~a&GI4~a|	𒢋	/pcsl/easl/images/o0900834.png
o0980492		GI₄~b	I	GI4~b	𒢌	/pcsl/easl/images/o0900830.png
o0980493		|GI₄~b&GI₄~b|	I	|GI4~b&GI4~b|	𒢍	/pcsl/easl/images/o0900835.png
o0980494		GI₆	I	GI6	𒢏,𒢎	/pcsl/easl/images/o0900836.png
o0980495		GIBIL	I	GIBIL	𒢐	/pcsl/easl/images/o0900839.png
o0980496		GIBIL@t	I	GIBIL@t	𒢑	/pcsl/easl/images/o0900840.png
o0980497	:	GIBIL₆	I	GIBIL6	𒢒	/pcsl/easl/images/o0900841.png
o0980498	1-.	GIG	I	GIG	󲠒	/pcsl/easl/images/o0900842.png
o0980499	1-	GIL	I	GIL	󲠓	/pcsl/easl/images/o0900843.png
o0980500		GIR~a	I	GIR~a	𒢓	/pcsl/easl/images/o0900845.png
o0980501	.	|GIR~a.KU₆~a|	I	|GIR~a.KU6~a|	𒢔	/pcsl/easl/images/o0900853.png
o0980502		GIR~b	I	GIR~b	𒢕,𒢖	/pcsl/easl/images/o0900846.png
o0980503	n.	|GIR~b~v1.GIR~b~v1|	I	|GIR~b.GIR~b|	𒢗	/pcsl/easl/images/o0900851.png
o0980504		GIR~c	I	GIR~c	𒢘	/pcsl/easl/images/o0900848.png
o0980505		GIR~d	I	GIR~d	𒢙	/pcsl/easl/images/o0900849.png
o0980506		GIR₂~a	I	GIR2~a	𒢚	/pcsl/easl/images/o0900855.png
o0980507		GIR₂~b	I	GIR2~b	𒢛	/pcsl/easl/images/o0900856.png
o0980508		GIR₃~a	I	GIR3~a	𒢜	/pcsl/easl/images/o0900858.png
o0980509		|GIR₃~a×ŠE~b|	I	|GIR3~axSZE~b|	𒢝	/pcsl/easl/images/o0900864.png
o0980510		GIR₃~b	I	GIR3~b	𒢞	/pcsl/easl/images/o0900859.png
o0980511		GIR₃~c	I	GIR3~c	𒢟	/pcsl/easl/images/o0900860.png
o0980512	n	|GIR₃~c×KAR₂~b|	I	|GIR3~cxKAR2|	𒢠	/pcsl/easl/images/o0900862.png
o0980513	n	|GIR₃~c×ŠE₃~v1|	I	|GIR3~cxSZE3|	𒢡	/pcsl/easl/images/o0900866.png
o0980514		GIR₃@g~a	I	GIR3@g~a	𒢢	/pcsl/easl/images/o0900869.png
o0980515		GIR₃@g~b	I	GIR3@g~b	𒢣	/pcsl/easl/images/o0900870.png
o0980516		GIR₃@g~c	I	GIR3@g~c	𒢤	/pcsl/easl/images/o0900871.png
o0980517	1-	GIR₄	I	GIR4	󲠡	/pcsl/easl/images/o0900867.png
o0980518		GISAL~a	I	GISAL~a	𒢥	/pcsl/easl/images/o0900873.png
o0980519		GISAL~b	I	GISAL~b	𒢦	/pcsl/easl/images/o0900874.png
o0980520		GIŠ	I	GISZ	𒢧	/pcsl/easl/images/o0900875.png
o0980521	.	|GIŠ.TE|	I	|GISZ.TE|	𒢨	/pcsl/easl/images/o0900877.png
o0980522	n	|(GIŠ×(DIN.DIN))~a|	I	|(GISZx(DIN.DIN))~a|	𒢩	/pcsl/easl/images/o0900879.png
o0980523	n	|(GIŠ×(DIN.DIN))~b|	I	|(GISZx(DIN.DIN))~b|	𒢪	/pcsl/easl/images/o0900880.png
o0980524	n	|(GIŠ×(DIN.DIN))~c|	I	|(GISZx(DIN.DIN))~c|	𒢫	/pcsl/easl/images/o0900881.png
o0980525		|(GIŠ×ŠU₂)~a|	I	|GISZxSZU2~a|	𒢬	/pcsl/easl/images/o0900883.png
o0980526		|(GIŠ×ŠU₂)~b|	I	|GISZxSZU2~b|	𒢭	/pcsl/easl/images/o0900884.png
o0980527	1-	GIŠ~v	I	GISZ~x	󲠥	/pcsl/easl/images/o0900876.png
o0980528		GIŠ@t	I	GISZ@t	𒢮	/pcsl/easl/images/o0900885.png
o0980529	1-.	|GIŠ@t.E₂~a|	I	|GISZ@t.E2~a|	󲵀	/pcsl/easl/images/o0900887.png
o0980530		GIŠ₃~a	I	GISZ3~a	𒢯	/pcsl/easl/images/o0900889.png
o0980531		|GIŠ₃~a&GIŠ₃~a|	I	|GISZ3~a&GISZ3~a|	𒢰	/pcsl/easl/images/o0900892.png
o0980532		GIŠ₃~b	I	GISZ3~b	𒢱	/pcsl/easl/images/o0900890.png
o0980533		GIŠGAL	I	GISZGAL	𒢳,𒢲	/pcsl/easl/images/o0900893.png
o0980534		GIŠIMMAR~a1	I	GISZIMMAR~a1	𒢴	/pcsl/easl/images/o0900896.png
o0980535		GIŠIMMAR~a2	I	GISZIMMAR~a2	𒢵	/pcsl/easl/images/o0900897.png
o0980536		GIŠIMMAR~a3	I	GISZIMMAR~a3	𒢶	/pcsl/easl/images/o0900898.png
o0980537		GIŠIMMAR~b1	I	GISZIMMAR~b1	𒢷,𒢸,𒢹	/pcsl/easl/images/o0900899.png
o0980539		GIŠIMMAR~b3	I	GISZIMMAR~b3	𒢺	/pcsl/easl/images/o0900903.png
o0980540	n:	GIZZAL~v	I	GIZZAL~x	𒢻	/pcsl/easl/images/o0900905.png
o0980541		GU	I	GU	𒢼	/pcsl/easl/images/o0900906.png
o0980542		GU₂	I	GU2	𒢽	/pcsl/easl/images/o0900907.png
o0980543		GU₄	I	GU4	𒣁,𒢾	/pcsl/easl/images/o0900908.png
o0980544	n.	|GU₄.ZATU755~b|	I	|GU4.ZATU755~a|	𒢿	/pcsl/easl/images/o0900911.png
o0980546		GU₄@g	I	GU4@g	𒣀	/pcsl/easl/images/o0900914.png
o0982249		|GU₄×1(N58)|	GU4+1N58	GU₄+1N58	󳃨	-
o0980547		GU₇	I	GU7	𒣂,𒣃	/pcsl/easl/images/o0900912.png
o0980548		GUB₃~a	I	GUB3~a	𒣄	/pcsl/easl/images/o0900916.png
o0980549		GUB₃~b	I	GUB3~b	𒣅	/pcsl/easl/images/o0900917.png
o0980550		GUB₃~c	I	GUB3~c	𒣆	/pcsl/easl/images/o0900918.png
o0980551		GUB₃~d	I	GUB3~d	𒣇	/pcsl/easl/images/o0900919.png
o0980552		GUG₂	I	GUG2	𒣊,𒣈	/pcsl/easl/images/o0900920.png
o0980553	n	|GUG₂~v1×SILA₃~a|	I	|GUG2xSILA3~a|	𒣋	/pcsl/easl/images/o0900923.png
o0980554		|GUG₂~v1×ŠITA~a1|	I	|GUG2xSZITA~a1|	󲵃	/pcsl/easl/images/o0900925.png
o0980555	n	|GUG₂~v1×TUR~v1|	I	|GUG2xTUR|	𒣌	/pcsl/easl/images/o0900926.png
o0980556		GUG₂@t	I	GUG2@t	𒣉	/pcsl/easl/images/o0900927.png
o0980557		GUKKAL~a	I	GUKKAL~a	𒣍	/pcsl/easl/images/o0900929.png
o0980558	.	|GUKKAL~a.HI@g~a|	I	|GUKKAL~a.HI@g~a|	𒣎	/pcsl/easl/images/o0900934.png
o0980559		GUKKAL~b	I	GUKKAL~b	𒣏	/pcsl/easl/images/o0900930.png
o0980560		GUKKAL~c	I	GUKKAL~c	𒣐	/pcsl/easl/images/o0900931.png
o0980561		GUKKAL~d	I	GUKKAL~d	𒣑	/pcsl/easl/images/o0900932.png
o0980562		GUL	I	GUL	𒣒	/pcsl/easl/images/o0900935.png
o0980563		GUM~a	I	GUM~a	𒣓	/pcsl/easl/images/o0900937.png
o0980564		GUM~b	I	GUM~b	𒣔,𒣗	/pcsl/easl/images/o0900938.png
o0980565		GUM~b@n	I	GUM~b@n	𒣕,𒣖	/pcsl/easl/images/o0900941.png
o0980566		GUN₃~a	I	GUN3~a	𒣘	/pcsl/easl/images/o0900944.png
o0980567		GUN₃~b	I	GUN3~b	𒣙	/pcsl/easl/images/o0900945.png
o0980568		GUR	I	GUR	𒣚	/pcsl/easl/images/o0900946.png
o0980569		GURUŠ~a	I	GURUSZ~a	𒣛,𒣝;󳃶	/pcsl/easl/images/o0900948.png
o0980570		|GURUŠ~a×2(N14)|	I	|GURUSZ~ax2(N14)|	𒣜	/pcsl/easl/images/o0900952.png
o0980571		GURUŠ~b	I	GURUSZ~b	𒣞	/pcsl/easl/images/o0900950.png
o0980572		|GURUŠ~b×2(N14)|	I	|GURUSZ~bx2(N14)|	𒣟	/pcsl/easl/images/o0900953.png
o0980573		|GURUŠ~c×2(N14)|	I	|GURUSZ~cx2(N14)|	𒣠	/pcsl/easl/images/o0900954.png
o0980574		GURUŠDA	I	GURUSZDA	𒣡	/pcsl/easl/images/o0900955.png
o0980575		HAL	I	HAL	𒣢	/pcsl/easl/images/o0900956.png
o0980576		HALUB	I	HALUB	𒣣	/pcsl/easl/images/o0900957.png
o0980577		HAŠHUR	I	HASZHUR	𒣤	/pcsl/easl/images/o0900958.png
o0980578		|HAŠHUR×MA|	I	|HASZHURxMA|	𒣥	/pcsl/easl/images/o0900959.png
o0980579		HI	I	HI	𒣦	/pcsl/easl/images/o0900960.png
o0980580	.c	|HI.SUHUR|	I	|HI.SUHUR|	𒣧,𒣨,𒣩	/pcsl/easl/images/o0900962.png
o0980581	:	|HI×LAGAB~a|	I	|HIxLAGAB~a|	𒣪	/pcsl/easl/images/o0900966.png
o0980582	1-	|HI×ŠE₃~v1@t|	I	|HIxSZE3@t|	󲵑	/pcsl/easl/images/o0900972.png
o0980583		|HI×ZATU707~a|	I	|HIxZATU707~a|	𒣫	/pcsl/easl/images/o0900974.png
o0980584	1-	|HI×1(N01@f)|	I	|HIx1(N01)F|	󲵋	/pcsl/easl/images/o0900967.png
o0980585		|HI×1(N57)|	I	|HIx1(N57)|	𒣬	/pcsl/easl/images/o0900968.png
o0980586	.	|(HI×1(N57)).(HI×1(N57))|	I	|(HIx1(N57))&(HI+1(N57))|	𒣭;󳂒	/pcsl/easl/images/o0900969.png
o0980587		|HI×1(N57@t)|	I	|HIx1(N57)@t|	𒣮	/pcsl/easl/images/o0900970.png
o0980588		|HI×1(N58)|	I	|HIx1(N58)|	𒣯	/pcsl/easl/images/o0900971.png
o0980590		HI@g~a	I	HI@g~a	𒣰	/pcsl/easl/images/o0900976.png
o0980591		HI@g~b	I	HI@g~b	𒣱	/pcsl/easl/images/o0900977.png
o0980592		HI@g~c	I	HI@g~c	𒣲	/pcsl/easl/images/o0900978.png
o0980593	1-	HUB₂	I	HUB2	󲡙	/pcsl/easl/images/o0900979.png
o0980594		I	I	I	𒣳	/pcsl/easl/images/o0900981.png
o0980595		IB~a	I	IB~a	𒣴;󳃳,󳃴	/pcsl/easl/images/o0900983.png
o0980596		IB~a@n	I	|IB~a@n|	𒣵	/pcsl/easl/images/o0900987.png
o0980597		IB~b	I	IB~b	𒣶	/pcsl/easl/images/o0900984.png
o0980599		IDIGNA	I	IDIGNA	𒣸,𒣷	/pcsl/easl/images/o0900988.png
o0980600		IG~a	I	IG~a	𒣹	/pcsl/easl/images/o0900991.png
o0980601		IG~b	I	IG~b	𒣺	/pcsl/easl/images/o0900992.png
o0980602	1-	IGI	I	IGI	󲡢	/pcsl/easl/images/o0900993.png
o0980603		IL	I	IL	𒣻	/pcsl/easl/images/o0900995.png
o0980604	:	ILDUM~a	I	ILDUM~a	𒣼	/pcsl/easl/images/o0900997.png
o0980605	:	ILDUM~b	I	ILDUM~b	𒣽	/pcsl/easl/images/o0900998.png
o0980606		IM~a	I	IM~a	𒣾	/pcsl/easl/images/o0901000.png
o0980607	1-	IM~a@g	I	IM~a@g	󲡧	/pcsl/easl/images/o0901003.png
o0980608		IM~b	I	IM~b	𒣿	/pcsl/easl/images/o0901001.png
o0980609		IN~b	I	IN~b	𒤀,𒤁	/pcsl/easl/images/o0901005.png
o0980610		IN~d	I	IN~d	𒤂	/pcsl/easl/images/o0901007.png
o0980611		IR~a	I	IR~a	𒤃	/pcsl/easl/images/o0901009.png
o0980612	.	|IR~a.GA₂~a1|	I	|IR~a.GA2~a1|	𒤄	/pcsl/easl/images/o0901014.png
o0980613		IR~b	I	IR~b	𒤅	/pcsl/easl/images/o0901010.png
o0980614		IR~c	I	IR~c	𒤆	/pcsl/easl/images/o0901011.png
o0980615		IR~d	I	IR~d	𒤇	/pcsl/easl/images/o0901012.png
o0980616	:	IR₁₁	I	IR11	𒤈,𒤉	/pcsl/easl/images/o0901016.png
o0980617	#	IRHAN	I	IRHAN	𒤊	/pcsl/easl/images/o0901018.png
o0980618		IŠ~a	I	ISZ~a	𒤌,𒤋	/pcsl/easl/images/o0901020.png
o0980619	nc	IŠ~b	I	ISZ~b	𒤍,𒤎,𒤏,𒤐,𒤑,𒤒	/pcsl/easl/images/o0901022.png
o0980620		IŠ~c	I	ISZ~c	𒤓	/pcsl/easl/images/o0901028.png
o0980621		KA~a	I	KA~a	𒤔	/pcsl/easl/images/o0901030.png
o0980623		|KA~a×SAR~a|	I	|KA~axSAR~a|	𒤕	/pcsl/easl/images/o0901036.png
o0980622	n.	|KA~a~v1.ŠE~a|	I	|KA~a.SZE~a|	𒤗,𒤖	/pcsl/easl/images/o0901032.png
o0980624		KA₂~a	I	KA2~a	𒤘	/pcsl/easl/images/o0901038.png
o0980625		KA₂~b	I	KA2~b	𒤙	/pcsl/easl/images/o0901039.png
o0980626		KA₂~c	I	KA2~c	𒤚	/pcsl/easl/images/o0901040.png
o0980627	1-	KA₂~d	I	KA2~d	󲢀	/pcsl/easl/images/o0901041.png
o0980628	nc	|KA₂~d×LAM~b~v2|	I	|KA2xLAM|	𒤛;󿿹	/pcsl/easl/images/o0901043.png
o0980629		KAB	I	KAB	𒤜	/pcsl/easl/images/o0901044.png
o0980630		|KAB×1(N58)|	I	|KABx1(N58)|	𒤝	/pcsl/easl/images/o0901045.png
o0980631		KAD₄~a	I	KAD4~a	𒤞	/pcsl/easl/images/o0901047.png
o0980632		KAD₄~b	I	KAD4~b	𒤟	/pcsl/easl/images/o0901048.png
o0980633		KAD₄~c1	I	KAD4~c1	𒤠	/pcsl/easl/images/o0901049.png
o0980634		KAD₄~c2	I	KAD4~c2	𒤡	/pcsl/easl/images/o0901050.png
o0980635		KAK~a	I	KAK~a	𒤢	/pcsl/easl/images/o0901052.png
o0980636	.	|KAK~a.GA₂~a1|	I	|KAK~a.GA2~a1|	𒤣	/pcsl/easl/images/o0901055.png
o0980637		KAK~b	I	KAK~b	𒤤	/pcsl/easl/images/o0901053.png
o0980638		KAL~a	I	KAL~a	𒤥	/pcsl/easl/images/o0901057.png
o0980639		KAL~b1	I	KAL~b1	𒤦,𒤧	/pcsl/easl/images/o0901058.png
o0980640		KAL~b2	I	KAL~b2	𒤨	/pcsl/easl/images/o0901060.png
o0980641		KALAM~a	I	KALAM~a	𒤩	/pcsl/easl/images/o0901062.png
o0980642		KALAM~b	I	KALAM~b	𒤪	/pcsl/easl/images/o0901063.png
o0980643		KALAM~c	I	KALAM~c	𒤫	/pcsl/easl/images/o0901064.png
o0980644		KALAM~d	I	KALAM~d	𒤬	/pcsl/easl/images/o0901065.png
o0980645		KALAM~e	I	KALAM~e	𒤭	/pcsl/easl/images/o0901066.png
o0980646		KALAM~f	I	KALAM~f	𒤮	/pcsl/easl/images/o0901067.png
o0980650	:	KAR	I	KAR	𒤯	/pcsl/easl/images/o0901071.png
o0980651		KAR₂~a	I	KAR2~a	𒤰	/pcsl/easl/images/o0901073.png
o0980652		KAR₂~b	I	KAR2~b	𒤱	/pcsl/easl/images/o0901074.png
o0980653		KASKAL	I	KASKAL	𒤲	/pcsl/easl/images/o0901075.png
o0980654		KASKAL@g	I	|KASKAL@g|	𒤳	/pcsl/easl/images/o0901076.png
o0980655		KAŠ~a	I	KASZ~a	𒤵,𒤴	/pcsl/easl/images/o0901078.png
o0980656		KAŠ~b	I	KASZ~b	𒤸,𒤶	/pcsl/easl/images/o0901080.png
o0980657	n	|KAŠ~b~v1×ŠE~a@t~v1|	I	|KASZ~bxSZE~a|	𒤹	/pcsl/easl/images/o0901086.png
o0980658		KAŠ~b@t	I	|KASZ~b@t|	𒤷	/pcsl/easl/images/o0901088.png
o0980659		KAŠ~c	I	KASZ~c	𒤺	/pcsl/easl/images/o0901082.png
o0980660		KAŠ~d	I	KASZ~d	𒤻	/pcsl/easl/images/o0901083.png
o0980661	1-	KEŠ₂	I	KESZ2	󲢞	/pcsl/easl/images/o0901089.png
o0980662		KI	I	KI	𒤼	/pcsl/easl/images/o0901090.png
o0980663		KI@n	I	KI@n	𒤽	/pcsl/easl/images/o0901091.png
o0980664		|KI@n×DUB~a|	I	|KI@nxDUB~a|	𒤾	/pcsl/easl/images/o0901093.png
o0980665		KIB	I	KIB	𒤿	/pcsl/easl/images/o0901094.png
o0980666		KIB@g	I	KIB@g	𒥀	/pcsl/easl/images/o0901095.png
o0980667		KID~a	I	KID~a	𒥁	/pcsl/easl/images/o0901097.png
o0980668		KID~b	I	KID~b	𒥂	/pcsl/easl/images/o0901098.png
o0980669		KID~c	I	KID~c	𒥃	/pcsl/easl/images/o0901099.png
o0980670		KID~d	I	KID~d	𒥄	/pcsl/easl/images/o0901100.png
o0980671		KID~e	I	KID~e	𒥅	/pcsl/easl/images/o0901101.png
o0980672		KIN	I	KIN	𒥆	/pcsl/easl/images/o0901102.png
o0980673		KIN₂~a	I	KIN2~a	𒥇	/pcsl/easl/images/o0901104.png
o0980675		KIN₂~c	I	KIN2~c	𒥈	/pcsl/easl/images/o0901106.png
o0980676		KIN₂~d	I	KIN2~d	𒥉	/pcsl/easl/images/o0901107.png
o0980677		KIN₂~e	I	KIN2~e	𒥊	/pcsl/easl/images/o0901108.png
o0980678	:	KINGAL	I	KINGAL	𒥋,𒥌	/pcsl/easl/images/o0901109.png
o0980679	:	KIR₁₁	I	KIR11	𒥍	/pcsl/easl/images/o0901111.png
o0980680		KISAL~a1	I	KISAL~a1	𒥎	/pcsl/easl/images/o0901113.png
o0980681		KISAL~a2	I	KISAL~a2	𒥏	/pcsl/easl/images/o0901114.png
o0980682		KISAL~b1	I	KISAL~b1	𒥐	/pcsl/easl/images/o0901115.png
o0980683		KISAL~b2	I	KISAL~b2	𒥑	/pcsl/easl/images/o0901116.png
o0980684		KISAL~b2@t	I	|KISAL~b2@t|	𒥒	/pcsl/easl/images/o0901120.png
o0980685		KISAL~b3	I	KISAL~b3	𒥓	/pcsl/easl/images/o0901117.png
o0980686		KISIM~a	I	KISIM~a	𒥔	/pcsl/easl/images/o0901122.png
o0980687		KISIM~b	I	KISIM~b	𒥕,𒥖,𒥗,𒥘	/pcsl/easl/images/o0901123.png
o0980688		KISIM~c	I	KISIM~c	𒥙	/pcsl/easl/images/o0901127.png
o0980689		KIŠ	I	KISZ	𒥚,𒥛	/pcsl/easl/images/o0901128.png
o0980690		KIŠIK~a	I	KISZIK~a	𒥜	/pcsl/easl/images/o0901131.png
o0980691		KIŠIK~b	I	KISZIK~b	𒥝	/pcsl/easl/images/o0901132.png
o0980692	:	KITI	I	KITI	𒥞,𒥟	/pcsl/easl/images/o0901133.png
o0980693		KU~a	I	KU~a	𒥠	/pcsl/easl/images/o0901136.png
o0980694	1-	KU~a@t	I	KU~a@t	󲣃	/pcsl/easl/images/o0901140.png
o0980695		KU~b1	I	KU~b1	𒥡	/pcsl/easl/images/o0901137.png
o0980696		KU~b2	I	KU~b2	𒥢	/pcsl/easl/images/o0901138.png
o0980697		KU₃~a	I	KU3~a	𒥣	/pcsl/easl/images/o0901142.png
o0980698		KU₃~c	I	KU3~c	𒥤	/pcsl/easl/images/o0901143.png
o0980699		KU₆~a	I	KU6~a	𒥥	/pcsl/easl/images/o0901145.png
o0980700	.	|KU₆~a.1(N02)|	I	|KU6~a.1(N02)|	𒥦	/pcsl/easl/images/o0901149.png
o0980701	.	|KU₆~a+GIŠ|	I	|KU6~a+GISZ|	𒥧	/pcsl/easl/images/o0901151.png
o0980702		|KU₆~a+KU₆~a|	I	|KU6~a+KU6~a|	𒥨	/pcsl/easl/images/o0901153.png
o0980703		KU₆~a@s	I	KU6~a@s	𒥩	/pcsl/easl/images/o0901155.png
o0980704		KU₆~c	I	KU6~c	𒥪	/pcsl/easl/images/o0901146.png
o0980705		KU₆~d	I	KU6~d	𒥫	/pcsl/easl/images/o0901147.png
o0980706	1-	KUN	I	KUN	󲣌	/pcsl/easl/images/o0901156.png
o0980707		KUR~a	I	KUR~a	𒥬	/pcsl/easl/images/o0901158.png
o0980708	.	|KUR~a.E₂~a|	I	|KUR~a.E2~a|	𒥭	/pcsl/easl/images/o0901164.png
o0980709	.	|KUR~a.NUNUZ~a1|	I	|KUR~a.NUNUZ~a1|	𒥮	/pcsl/easl/images/o0901167.png
o0980710		KUR~b	I	KUR~b	𒥯	/pcsl/easl/images/o0901159.png
o0980711	.	|KUR~b.E₂~a|	I	|KUR~b.E2~a|	𒥰	/pcsl/easl/images/o0901165.png
o0980712		KUR~c	I	KUR~c	𒥱,𒥲	/pcsl/easl/images/o0901160.png
o0980713		KUR~d	I	KUR~d	𒥳	/pcsl/easl/images/o0901162.png
o0980714		KUR@g~a	I	|KUR@g~a|	𒥴	/pcsl/easl/images/o0901169.png
o0980715		KUR@g~b	I	|KUR@g~b|	𒥵	/pcsl/easl/images/o0901170.png
o0980716		KUŠU₂~a	I	KUSZU2~a	𒥶	/pcsl/easl/images/o0901172.png
o0980717		KUŠU₂~b	I	KUSZU2~b	𒥷	/pcsl/easl/images/o0901173.png
o0980718		KUŠU₂~c	I	KUSZU2~c	𒥸	/pcsl/easl/images/o0901174.png
o0980719		KUŠU₂~d	I	KUSZU2~d	𒥹	/pcsl/easl/images/o0901175.png
o0980720		KUŠU₂~e	I	KUSZU2~e	𒥺	/pcsl/easl/images/o0901176.png
o0980721		KUŠU₂~f	I	KUSZU2~f	𒥻	/pcsl/easl/images/o0901177.png
o0980722		LA~b	I	LA~b	𒥼	/pcsl/easl/images/o0901179.png
o0980723		LA~c	I	LA~c	𒥽	/pcsl/easl/images/o0901180.png
o0980724		LA~d	I	LA~d	𒥾	/pcsl/easl/images/o0901181.png
o0980725	1-	LA~e	I	LA~e	󲣝	/pcsl/easl/images/o0901182.png
o0980726		LA₂	I	LA2	𒥿	/pcsl/easl/images/o0901184.png
o0980727		LAGAB~a	I	LAGAB~a	𒦀	/pcsl/easl/images/o0901186.png
o0980728		|LAGAB~a×BA|	I	|LAGAB~axBA|	𒦁	/pcsl/easl/images/o0901191.png
o0980729		|LAGAB~a×BIR₃~b|	I	|LAGAB~axBIR3~b|	𒦂	/pcsl/easl/images/o0901195.png
o0980730	n	|LAGAB~a×DU₆~a~v1|	I	|LAGAB~axDU6~b|	𒦃	/pcsl/easl/images/o0901197.png
o0980731		|LAGAB~a×KAK~a|	I	|LAGAB~axKAK~a|	𒦄	/pcsl/easl/images/o0901205.png
o0980732		|LAGAB~a×KU₆~a|	I	|LAGAB~axKU6~a|	𒦅	/pcsl/easl/images/o0901207.png
o0980733		|LAGAB~a×(KU₆~a+KU₆~a)|	I	|LAGAB~ax(KU6~a+KU6~a)|	𒦆	/pcsl/easl/images/o0901209.png
o0980734	n	|LAGAB~a×KUŠU₂~a@t|	I	|LAGAB~axKUSZU2~b|	𒦇	/pcsl/easl/images/o0901213.png
o0980736		|LAGAB~a×LAGAB~a|	I	|LAGAB~axLAGAB~a|	𒦈	/pcsl/easl/images/o0901217.png
o0980737		|LAGAB~a×ME~a|	I	|LAGAB~axME~a|	𒦉	/pcsl/easl/images/o0901219.png
o0980739		|LAGAB~a×NUN~b|	I	|LAGAB~axNUN~b|	𒦊	/pcsl/easl/images/o0901229.png
o0980740		|LAGAB~a×PA~a|	I	|LAGAB~axPA~a|	𒦋	/pcsl/easl/images/o0901231.png
o0980741	n	|LAGAB~a×SI~v1|	I	|LAGAB~axSI|	𒦌	/pcsl/easl/images/o0901234.png
o0980742	n	|LAGAB~a×SIG₇~v1|	I	|LAGAB~axSIG7|	𒦍	/pcsl/easl/images/o0901237.png
o0980743		|LAGAB~a×SU~a|	I	|LAGAB~axSU~a|	𒦎	/pcsl/easl/images/o0901239.png
o0980744		|LAGAB~a×ŠA|	I	|LAGAB~axSZA|	𒦏	/pcsl/easl/images/o0901243.png
o0980745		|LAGAB~a×ŠITA~a1|	I	|LAGAB~axSZITA~a1|	𒦐	/pcsl/easl/images/o0901245.png
o0980746		|LAGAB~a×TI|	I	|LAGAB~axTI|	𒦑	/pcsl/easl/images/o0901248.png
o0980747		|LAGAB~a×U₄|	I	|LAGAB~axU4|	𒦒	/pcsl/easl/images/o0901250.png
o0980748		|LAGAB~a×UB|	I	|LAGAB~axUB|	𒦓	/pcsl/easl/images/o0901253.png
o0980749	#	|LAGAB~a×X|	I	|LAGAB~axX|	𒦔	/pcsl/easl/images/o0901255.png
o0980750		|LAGAB~a×ZATU753|	I	|LAGAB~axZATU753|	𒦕	/pcsl/easl/images/o0901258.png
o0980751		|LAGAB~a×2(N14)|	I	|LAGAB~ax2(N14)|	𒦖	/pcsl/easl/images/o0901223.png
o0980753		LAGAB~b	I	LAGAB~b	𒦗	/pcsl/easl/images/o0901187.png
o0980754	.	|LAGAB~b.TE|	I	|LAGAB~b.TE|	𒦗_𒮹	-
o0980755		|LAGAB~b×BANŠUR~a|	I	|LAGAB~bxBANSZUR~a|	𒦘	/pcsl/easl/images/o0901193.png
o0980756		|LAGAB~b×GAʾAR~a1|	I	|LAGAB~bxGA'AR~a1|	𒦙	/pcsl/easl/images/o0901199.png
o0980757		|LAGAB~b×HI|	I	|LAGAB~bxHI|	𒦚	/pcsl/easl/images/o0901201.png
o0980759		|LAGAB~b×KUR~e|	I	|LAGAB~bxKUR~e|	𒦛	/pcsl/easl/images/o0901211.png
o0980760		|LAGAB~b×PA~a|	I	|LAGAB~bxPA~a|	𒦜	/pcsl/easl/images/o0901232.png
o0980761	1-	|LAGAB~b×SI|	I	|LAGAB~bxSI|	󲶃	/pcsl/easl/images/o0901235.png
o0980762		|LAGAB~b×SUH₃|	I	|LAGAB~bxSUH|3	𒦝	/pcsl/easl/images/o0901241.png
o0980763	1-	|LAGAB~b×ŠITA~c|	I	|LAGAB~bxSZITA~c|	󲶂	/pcsl/easl/images/o0901246.png
o0980764		|LAGAB~b×U₄|	I	|LAGAB~bxU4|	𒦞	/pcsl/easl/images/o0901251.png
o0980765	1-#	|LAGAB~b×X|	I	|LAGAB~bxX|	󲶆	/pcsl/easl/images/o0901256.png
o0980766	1-	|LAGAB~b×1(N01)|	I	|LAGAB~bx1(N01)|	󲵻	/pcsl/easl/images/o0901221.png
o0980767		|LAGAB~b&LAGAB~b|	I	|LAGAB~bxLAGAB~b|	𒦟	/pcsl/easl/images/o0901260.png
o0980768		LAGAR~a	I	LAGAR~a	𒦠	/pcsl/easl/images/o0901262.png
o0980769		LAGAR~a@r	I	LAGAR~a@r	𒦡	/pcsl/easl/images/o0901267.png
o0980770		LAGAR~b1	I	LAGAR~b1	𒦢	/pcsl/easl/images/o0901263.png
o0980771		LAGAR~b2	I	LAGAR~b2	𒦣	/pcsl/easl/images/o0901264.png
o0980772		LAGAR~c	I	LAGAR~c	𒦤	/pcsl/easl/images/o0901265.png
o0980773	:	LAHTAN₂	I	LAHTAN2	𒦥	/pcsl/easl/images/o0901268.png
o0980774	1-	LAK025	I	LAK025	󲣧	/pcsl/easl/images/o0901295.png
o0980775	1-	LAK050	I	LAK050	󲣨	/pcsl/easl/images/o0901296.png
o0980776	1-	LAK172	I	LAK172	󲣩	/pcsl/easl/images/o0901297.png
o0980777	1-	LAK251	I	LAK251	󲣪	/pcsl/easl/images/o0901298.png
o0980778	1-	LAK350	I	LAK350	󲣫	/pcsl/easl/images/o0901299.png
o0980779	1-	LAK777	I	LAK777	󲣬	/pcsl/easl/images/o0901300.png
o0980780		LAL₂~a	I	LAL2~a	𒦦	/pcsl/easl/images/o0901270.png
o0980781	n	|LAL₂~a×EZEN~a~v1|	I	|LAL2~axEZEN~a|	𒦧	/pcsl/easl/images/o0901273.png
o0980783		|LAL₂~a×NIM~b2|	I	|LAL2~axNIM~b2|	𒦨	/pcsl/easl/images/o0901277.png
o0980784		LAL₂~b	I	LAL2~b	𒦩	/pcsl/easl/images/o0901271.png
o0980785		LAL₃~a	I	LAL3~a	𒦪	/pcsl/easl/images/o0901279.png
o0980786		LAL₃~b	I	LAL3~b	𒦫	/pcsl/easl/images/o0901280.png
o0980787	1-	LAL₃~c	I	LAL3~c	󲣱	/pcsl/easl/images/o0901281.png
o0980788		LAM~a	I	LAM~a	𒦬	/pcsl/easl/images/o0901283.png
o0980789		LAM~b	I	LAM~b	𒦭,𒦱,𒦲	/pcsl/easl/images/o0901284.png
o0980790		LAM~b@r	I	LAM~b@r	𒦮	/pcsl/easl/images/o0901290.png
o0980791		LAM~b@s	I	LAM~b@s	𒦯	/pcsl/easl/images/o0901292.png
o0980792		LAM~b@t	I	|LAM~b@t|	𒦰	/pcsl/easl/images/o0901294.png
o0980793	1-	LAM~c	I	LAM~c	󲣹	/pcsl/easl/images/o0901287.png
o0980794	.B	LI	I	LI	𒦳,𒦴	/pcsl/easl/images/o0901301.png
o0980795		LIŠ	I	LISZ	𒦵	/pcsl/easl/images/o0901303.png
o0980796		LU₂	I	LU2	𒦹,𒦶,𒦸	/pcsl/easl/images/o0901304.png
o0980797		|LU₂×GEŠTU~c3|	I	|LU2xGESZTU~c3|	𒦷	/pcsl/easl/images/o0901308.png
o0980798	1-	LU₂@t	I	LU2@t	󲤀	/pcsl/easl/images/o0901309.png
o0980799	:	LUGAL	I	LUGAL	𒦺,𒦻	/pcsl/easl/images/o0901310.png
o0980800		LUM	I	LUM	𒦼	/pcsl/easl/images/o0901312.png
o0980801		MA	I	MA	𒦽,𒧀	/pcsl/easl/images/o0901313.png
o0980803		|MA×MA|	I	|MAxMA|	𒦾	/pcsl/easl/images/o0901316.png
o0980806		|MA×1(N58)|	I	|MAx1(N58)|	𒦿	/pcsl/easl/images/o0901318.png
o0980802	n	|MA~v1×A|	I	|MAxA|	𒧁	/pcsl/easl/images/o0901315.png
o0980804	1-#	|MA~v1×X|	I	|MAxX|	󲶎	/pcsl/easl/images/o0901319.png
o0980805	1-	|MA~v1×2(N57)|	I	|MAx2(N57)|	󲶋	/pcsl/easl/images/o0901317.png
o0980807		MA₂	I	MA2	𒧂	/pcsl/easl/images/o0901320.png
o0980808		MAGUR~a	I	MAGUR~a	𒧃	/pcsl/easl/images/o0901322.png
o0980809		MAGUR~b	I	MAGUR~b	𒧄	/pcsl/easl/images/o0901323.png
o0980810		MAH~a	I	MAH~a	𒧅	/pcsl/easl/images/o0901325.png
o0980811		|MAH~a×AB₂|	I	|MAH~axAB2|	𒧆	/pcsl/easl/images/o0901328.png
o0980812		|MAH~a×GUKKAL~a|	I	|MAH~axGUKKAL~a|	𒧇	/pcsl/easl/images/o0901330.png
o0980813		|MAH~a×KU₆~a|	I	|MAH~axKU6~a|	𒧈	/pcsl/easl/images/o0901332.png
o0980814		|MAH~a×MAŠ|	I	|MAH~axMASZ|	𒧉	/pcsl/easl/images/o0901335.png
o0980815		|MAH~a×NA~a|	I	|MAH~axNA~a|	𒧊	/pcsl/easl/images/o0901338.png
o0980816		|MAH~a×(SILA₃~a×UMBIN~a)|	I	|MAH~ax(SILA3~axUMBIN~a)|	𒧋	/pcsl/easl/images/o0901343.png
o0980817		|MAH~a×TUG₂~a|	I	|MAH~axTUG2~a|	𒧌	/pcsl/easl/images/o0901345.png
o0980819	n	|MAH~a×UD₅~a~v1|	I	|MAH~axUD5~a|	𒧍	/pcsl/easl/images/o0901349.png
o0980820		|MAH~a×UDU~a|	I	|MAH~axUDU~a|	𒧎	/pcsl/easl/images/o0901351.png
o0980821		|MAH~a×UR~a|	I	|MAH~axUR~a|	𒧏	/pcsl/easl/images/o0901353.png
o0980822		|MAH~a×UTUA~a|	I	|MAH~axUTUA~a|	𒧐	/pcsl/easl/images/o0901355.png
o0980823	#	|MAH~a×X|	I	|MAH~axX|	𒧑	/pcsl/easl/images/o0901357.png
o0980824		|MAH~a×ZATU659|	I	|MAH~axZATU659|	𒧒	/pcsl/easl/images/o0901359.png
o0980825		MAH~b	I	MAH~b	𒧓	/pcsl/easl/images/o0901326.png
o0980826		|MAH~b×KU₆~a|	I	|MAH~bxKU6~a|	𒧔	/pcsl/easl/images/o0901333.png
o0980827		|MAH~b×MAŠ|	I	|MAH~bxMASZ|	𒧕	/pcsl/easl/images/o0901336.png
o0980828		|MAH~b×NA~a|	I	|MAH~bxNA~a|	𒧖	/pcsl/easl/images/o0901339.png
o0980829		|MAH~b×SAL|	I	|MAH~bxSAL|	𒧗	/pcsl/easl/images/o0901341.png
o0980830		MAR~a	I	MAR~a	𒧘,𒧚	/pcsl/easl/images/o0901361.png
o0980831		MAR~a@g	I	MAR~a@g	𒧙	/pcsl/easl/images/o0901373.png
o0980832		MAR~a@t	I	MAR~a@t	󿿼	-
o0980833		MAR~b	I	MAR~b	𒧛	/pcsl/easl/images/o0901363.png
o0980835	n	|MAR~b×(LAGAB~b.ŠE₃~v1)|	I	|MAR~bx(LAGAB~b.SZE3)|	𒧜	/pcsl/easl/images/o0901367.png
o0980836		|MAR~b×ŠE~a|	I	|MAR~bxSZE~a|	𒧝	/pcsl/easl/images/o0901369.png
o0980837	#	|MAR~b×X|	I	|MAR~bxX|	𒧞	/pcsl/easl/images/o0901371.png
o0980838		MAŠ	I	MASZ	𒧟	/pcsl/easl/images/o0901376.png
o0980839		MAŠ₂	I	MASZ2	𒧠	/pcsl/easl/images/o0901377.png
o0980840		MAŠ₂@g	I	MASZ2@g	𒧡	/pcsl/easl/images/o0901378.png
o0980841		ME~a	I	ME~a	𒧢	/pcsl/easl/images/o0901380.png
o0980842		ME~b	I	ME~b	𒧣	/pcsl/easl/images/o0901381.png
o0980843	!U	ME₃	I	ME3	𒧤	/pcsl/easl/images/o0901382.png
o0980844		MEN~a	I	MEN~a	𒧥,𒧦	/pcsl/easl/images/o0901384.png
o0980845		MEN~b	I	MEN~b	𒧧	/pcsl/easl/images/o0901386.png
o0980846		MES	I	MES	𒧨,𒧩	/pcsl/easl/images/o0901387.png
o0980847		MIR~a	I	MIR~a	𒧪	/pcsl/easl/images/o0901390.png
o0980848		MIR~b	I	MIR~b	𒧫	/pcsl/easl/images/o0901391.png
o0980849		MU	I	MU	𒧬	/pcsl/easl/images/o0901392.png
o0980850		MUD	I	MUD	𒧭,𒧮	/pcsl/easl/images/o0901393.png
o0980851		MUD₃~a	I	MUD3~a	𒧯	/pcsl/easl/images/o0901396.png
o0980852		MUD₃~a@g	I	MUD3~a@g	𒧰	/pcsl/easl/images/o0901401.png
o0980853	1-	|MUD₃~a@g×GU|	I	|MUD3~a@gxGU|	󲶣	/pcsl/easl/images/o0901403.png
o0980854		MUD₃~b	I	MUD3~b	𒧱	/pcsl/easl/images/o0901397.png
o0980855		MUD₃~c	I	MUD3~c	𒧲	/pcsl/easl/images/o0901398.png
o0980856		MUD₃~d	I	MUD3~d	𒧳	/pcsl/easl/images/o0901399.png
o0980857		MUL	I	MUL	𒧴	/pcsl/easl/images/o0901404.png
o0980858		MUN~a1	I	MUN~a1	𒧵	/pcsl/easl/images/o0901407.png
o0980859		MUN~a2	I	MUN~a2	𒧶	/pcsl/easl/images/o0901408.png
o0980860		MUN~a3	I	MUN~a3	𒧷	/pcsl/easl/images/o0901409.png
o0980861		MUN~a4	I	MUN~a4	𒧸	/pcsl/easl/images/o0901410.png
o0980862		MUN~b	I	MUN~b	𒧹	/pcsl/easl/images/o0901411.png
o0980863		MUNŠUB~a	I	MUNSZUB~a	𒧺	/pcsl/easl/images/o0901413.png
o0980864		MUNŠUB~b	I	MUNSZUB~b	𒧻	/pcsl/easl/images/o0901414.png
o0980865		MUNU₃	I	MUNU3	𒧼	/pcsl/easl/images/o0901415.png
o0980866	:	MURUB₂	I	MURUB2	𒧽	/pcsl/easl/images/o0901416.png
o0980867		MUŠ	I	MUSZ	𒧾	/pcsl/easl/images/o0901417.png
o0980868		MUŠ₃~a	I	MUSZ3~a	𒧿,𒨂,𒨃	/pcsl/easl/images/o0901419.png
o0980869		MUŠ₃~a@g	I	MUSZ3~a@g	𒨀,𒨁	/pcsl/easl/images/o0901424.png
o0980870		MUŠ₃~b	I	MUSZ3~b	𒨄	/pcsl/easl/images/o0901422.png
o0980871		MUŠEN	I	MUSZEN	𒨅;󳄒	/pcsl/easl/images/o0901426.png
o0980872	.	|MUŠEN.UR₃~b2|	I	|MUSZEN.UR3~b2|	𒨆;󳄑	/pcsl/easl/images/o0901429.png
o0980874	n	|MUŠEN×PAP~a|	I	|MUSZENxPAP~a|	󲶧	-
o0980875	#	|MUŠEN×X|	I	|MUSZENxX|	𒨇	/pcsl/easl/images/o0901435.png
o0982224	@.	|1(N57).MUŠEN|	I	|MUSZENx1(N57)|	𒨈;󰄐_𒨅	/pcsl/easl/images/o0901430.png
o0982225	@.	|2(N57).MUŠEN|	I	|MUSZENx2(N57)|	𒨉;󰄑_𒨅	/pcsl/easl/images/o0901431.png
o0982226	@.	|3(N57).MUŠEN|	I	|MUSZENx3(N57)|	𒨊	/pcsl/easl/images/o0901432.png
o0982214	.#	|X(N57).GAR|	I	|x(N57).GAR|	𒷲	/pcsl/easl/images/o0902413.png
o0982202	.	|1(N57).AB₂|	I	|1(N57).AB2|	𒷳	/pcsl/easl/images/o0903211.png
o0982232	.	|1(N57).SIG|	I	|SIGx1(N57)|	𒷴	/pcsl/easl/images/o0901748.png
o0982234	.	|1(N57).ŠAH₂~a|	I	|1(N57).SZAH2~a|	𒷵	/pcsl/easl/images/o0903219.png
o0982235	.	|1(N57).ŠUBUR|	I	|1(N57).SZUBUR|	𒷷,𒷶	/pcsl/easl/images/o0903220.png
o0982203	.	|2(N57).AB₂|	I	|2(N57).AB2|	𒷸	/pcsl/easl/images/o0903223.png
o0982223	.	|2(N57).KU₆~a|	I	|2(N57).KU6~a|	𒷹	/pcsl/easl/images/o0903227.png
o0982233	.	|2(N57).SU~a|	I	|2(N57).SU~a|	𒷺	/pcsl/easl/images/o0903230.png
o0982236	.	|2(N57).ŠUBUR|	I	|2(N57).SZUBUR|	𒷻	/pcsl/easl/images/o0903231.png
o0982204	.	|3(N57).AMAR|	I	|3(N57).AMAR|	𒷼	/pcsl/easl/images/o0903235.png
o0982208	.	|3(N57).BARA₃|	I	|3(N57).BARA3|	𒷽	/pcsl/easl/images/o0903239.png
o0982212	.	|3(N57).E₂~b|	I	|3(N57).E2~b|	𒷾;󳁢	/pcsl/easl/images/o0903241.png
o0982215	.	|3(N57).GAR|	I	|3(N57).GAR|	𒷿	/pcsl/easl/images/o0903243.png
o0982227	.	|3(N57).NUNUZ~a1|	I	|3(N57).NUNUZ~a1|	𒸀	/pcsl/easl/images/o0903245.png
o0982228	.	|3(N57).NUNUZ~c|	I	|3(N57).NUNUZ~c|	𒸁	/pcsl/easl/images/o0903246.png
o0982229	.	|3(N57).PIRIG~b1|	I	|3(N57).PIRIG~b1|	𒸂	/pcsl/easl/images/o0903248.png
o0982237	.	|3(N57).ŠUBUR|	I	|3(N57).SZUBUR|	𒸃	/pcsl/easl/images/o0903252.png
o0982205	.	|4(N57).AMAR|	I	|4(N57).AMAR|	𒸄	/pcsl/easl/images/o0903258.png
o0982216	.	|4(N57).GAR|	I	|4(N57).GAR|	𒸅	/pcsl/easl/images/o0903259.png
o0982220	.	|4(N57).KU₃~a|	I	|4(N57).KU3~a|	𒸆	/pcsl/easl/images/o0903261.png
o0982217	.	|5(N57).GAR|	I	|5(N57).GAR|	𒸈	/pcsl/easl/images/o0903265.png
o0982221	.	|5(N57).KU₃~a|	I	|5(N57).KU3~a|	𒸉	/pcsl/easl/images/o0903267.png
o0982218	.	|6(N57).GAR|	I	|6(N57).GAR|	𒸊	/pcsl/easl/images/o0903270.png
o0982222	.	|6(N57).KU₃~a|	I	|6(N57).KU3~a|	𒸋	/pcsl/easl/images/o0903272.png
o0980878	!U	|(1(N58).BAD)~b|	I	|1(N58).BAD~b|	𒸏,𒸎	/pcsl/easl/images/o0903283.png
o0980877	!A	|1(N58).BAD|	I	|1(N58).BAD~a|	𒸍	/pcsl/easl/images/o0903281.png
o0980879	!C	|3(N58).UR₃~b1|	I	|3(N58).UR3~b1|	𒸐	/pcsl/easl/images/o0903287.png
o0980880		NA~a	I	NA~a	𒨋	/pcsl/easl/images/o0901437.png
o0980881		NA~b	I	NA~b	𒨌	/pcsl/easl/images/o0901438.png
o0980882		NA~c	I	NA~c	𒨍	/pcsl/easl/images/o0901439.png
o0980883		NA~d	I	NA~d	𒨎	/pcsl/easl/images/o0901440.png
o0980884		NA₂~a	I	NA2~a	𒨏,𒨐	/pcsl/easl/images/o0901442.png
o0980885		NA₂~b1	I	NA2~b1	𒨑	/pcsl/easl/images/o0901444.png
o0980886		NA₂~b2	I	NA2~b2	𒨒	/pcsl/easl/images/o0901445.png
o0980888		NAB	I	NAB	𒨓,𒨔,𒨕	/pcsl/easl/images/o0901448.png
o0980889		NAGA~a	I	NAGA~a	𒨖	/pcsl/easl/images/o0901452.png
o0980890		|NAGA~a×TAK₄~a|	I	|NAGA~axTAK4~a|	𒨗	/pcsl/easl/images/o0901455.png
o0980891		NAGA~b	I	NAGA~b	𒨘	/pcsl/easl/images/o0901453.png
o0980892		NAGAR~a	I	NAGAR~a	𒨙,𒨚,𒨛,𒨜	/pcsl/easl/images/o0901457.png
o0980893		NAGAR~b	I	NAGAR~b	𒨝,𒨞	/pcsl/easl/images/o0901461.png
o0980894		NAM~a	I	NAM~a	𒨟	/pcsl/easl/images/o0901464.png
o0980895		NAM~b	I	NAM~b	𒨠	/pcsl/easl/images/o0901465.png
o0980896		NAM~c	I	NAM~c	𒨡	/pcsl/easl/images/o0901466.png
o0980897		NAM~d	I	NAM~d	𒨢	/pcsl/easl/images/o0901467.png
o0980898		NAM₂	I	NAM2	𒨣;󳃻	/pcsl/easl/images/o0901468.png
o0980899		|NAM₂×1(N01)|	I	|NAM2x1(N01)|	𒨤	/pcsl/easl/images/o0901469.png
o0980900		NAM₂@g	I	NAM2@g	𒨥	/pcsl/easl/images/o0901470.png
o0980901		NAM₂@t	I	NAM2@t	𒨦	/pcsl/easl/images/o0901471.png
o0980902	:	NAMEŠDA	I	NAMESZDA	𒨧,𒨨	/pcsl/easl/images/o0901472.png
o0980903	:	NANNA~a	I	NANNA~a	𒨩,𒨪	/pcsl/easl/images/o0901475.png
o0980904	:	NANNA~b	I	NANNA~b	𒨫	/pcsl/easl/images/o0901477.png
o0980905		NANŠE~a	I	NANSZE~a	𒨬	/pcsl/easl/images/o0901479.png
o0980906		NANŠE~b	I	NANSZE~b	𒨭	/pcsl/easl/images/o0901480.png
o0980907		NAR	I	NAR	𒨮	/pcsl/easl/images/o0901481.png
o0980908		NE~a	I	NE~a	𒨯,𒨰,𒨱	/pcsl/easl/images/o0901483.png
o0980909		NE~b	I	NE~b	𒨲	/pcsl/easl/images/o0901486.png
o0980910		NE~c	I	NE~c	𒨳;󳄃	/pcsl/easl/images/o0901487.png
o0980911		NE~d	I	NE~d	𒨴	/pcsl/easl/images/o0901488.png
o0980912	n:	NERGAL~v	I	NERGAL~x	𒨵	/pcsl/easl/images/o0901491.png
o0980913		NESAG₂~a	I	NESAG2~a	𒨶,󲥠	/pcsl/easl/images/o0901493.png
o0980915		NESAG₂~b	I	NESAG2~b	𒨷,𒨹	/pcsl/easl/images/o0901496.png
o0980916		NESAG₂~b@t	I	NESAG2~b@t	𒨸	/pcsl/easl/images/o0901499.png
o0980917		NI~a	I	NI~a	𒨺	/pcsl/easl/images/o0901501.png
o0980918	n.	|NI~a.RU~v1|	I	|NI~a.RU|	𒨻	/pcsl/easl/images/o0901504.png
o0980919		|NI~a×1(N57)|	I	|NI~ax1(N57)|	𒨼	/pcsl/easl/images/o0901506.png
o0980920		NI~a@g	I	NI~a@g	𒨽	/pcsl/easl/images/o0901512.png
o0980921		NI~b	I	NI~b	𒨾	/pcsl/easl/images/o0901502.png
o0980922	#	|NI~b×X|	I	|NI~bxX|	𒨿	/pcsl/easl/images/o0901510.png
o0980923		|NI~b×4(N57)|	I	|NI~bx4(N57)|	𒩀	/pcsl/easl/images/o0901508.png
o0980924		|NI~b×8(N57)|	I	|8(N57).NI~b|	𒸌	/pcsl/easl/images/o0903277.png
o0980925		NI₂	I	NI2	𒩁	/pcsl/easl/images/o0901513.png
o0980926		NIGIN	I	NIGIN	𒩂	/pcsl/easl/images/o0901514.png
o0980927		NIM~a	I	NIM~a	𒩃	/pcsl/easl/images/o0901516.png
o0980928		NIM~b1	I	NIM~b1	𒩄	/pcsl/easl/images/o0901517.png
o0980929		NIM~b2	I	NIM~b2	𒩅	/pcsl/easl/images/o0901518.png
o0980930		NIM~b3	I	NIM~b3	𒩆	/pcsl/easl/images/o0901519.png
o0980932		NIMGIR	I	NIMGIR	𒩇,𒩈	/pcsl/easl/images/o0901521.png
o0980933	:	NIN	I	NIN	𒩉	/pcsl/easl/images/o0901524.png
o0980934		NINDA₂	I	NINDA2	𒩧,𒩊	/pcsl/easl/images/o0901525.png
o0980935		|NINDA₂×AN|	I	|NINDA2xAN|	𒩋	/pcsl/easl/images/o0901527.png
o0980936	n	|NINDA₂×(AN.HI)|	I	|NINDA2x(AN.HI)|	𒩌	/pcsl/easl/images/o0901528.png
o0980937	n	|NINDA₂×(AN.ME~a)|	I	|NINDA2x(AN.ME~a)|	𒩍,󲷂	/pcsl/easl/images/o0901535.png
o0980938	n#	|NINDA₂×(AN.X)|	I	|NINDA2x(AN.X)|	𒩎	/pcsl/easl/images/o0901537.png
o0980939		|NINDA₂×BA|	I	|NINDA2xBA|	𒩏	/pcsl/easl/images/o0901538.png
o0980940		|NINDA₂×EZEN~b|	I	|NINDA2xEZEN~b|	𒩐	/pcsl/easl/images/o0901540.png
o0980941		|NINDA₂×GAʾAR~a1|	I	|NINDA2xGA'AR~a1|	𒩑	/pcsl/easl/images/o0901542.png
o0980942		|NINDA₂×GAR|	I	|NINDA2xGAR|	𒩒	/pcsl/easl/images/o0901543.png
o0980943		|NINDA₂×GIŠ|	I	|NINDA2xGISZ|	𒩓	/pcsl/easl/images/o0901544.png
o0980944	1-	|NINDA₂×(GIŠ.DAR~a)|	I	|NINDA2x(GISZ.DAR~a)|	󲶽	/pcsl/easl/images/o0901546.png
o0980945		|NINDA₂×GU₄|	I	|NINDA2xGU4|	𒩔	/pcsl/easl/images/o0901547.png
o0982243	d	|NINDA₂×GUDU₄|~v2	I	|NINDA2xGUDU4|	𒩚,𒩙,󲷁,󲷂	/pcsl/easl/images/o0901529.png
o0980946		|NINDA₂×HI|	I	|NINDA2xHI|	𒩕	/pcsl/easl/images/o0901548.png
o0980947	n	|NINDA₂×(HI.AN.ME~a)|	I	|NINDA2x(HI.AN.ME~a)|	𒩖,󲷁,𒩙	/pcsl/easl/images/o0901533.png
o0980948	n	|NINDA₂×(HI.ME~a)|	I	|NINDA2x(HI.ME~a)|	𒩗,𒩚	/pcsl/easl/images/o0901530.png
o0980949	n#	|NINDA₂×(HI.X)|	I	|NINDA2x(HI.X)|	𒩘	/pcsl/easl/images/o0901549.png
o0980950		|NINDA₂×KAŠ~b|	I	|NINDA2xKASZ~b|	𒩛	/pcsl/easl/images/o0901553.png
o0980952		|NINDA₂×MAR~b|	I	|NINDA2xMAR~b|	𒩜	/pcsl/easl/images/o0901556.png
o0980953	1-	|NINDA₂×NE~a~v1|	I	|NINDA2xNE~a|	󲷊	/pcsl/easl/images/o0901562.png
o0980955	1-	|NINDA₂×ŠIM~a~v2|	I	|NINDA2xSZIM~a|	󲷋	/pcsl/easl/images/o0901566.png
o0980956		|NINDA₂×U₄|	I	|NINDA2xU4|	𒩝	/pcsl/easl/images/o0901567.png
o0980957	n#	|NINDA₂×(U₄.X)|	I	|NINDA2x(U4.X)|	𒩞	/pcsl/easl/images/o0901568.png
o0980958	n	|NINDA₂×(UDU~a×TAR~a)|	I	|NINDA2x((UDU~axTAR)~a)|	𒩟	/pcsl/easl/images/o0901570.png
o0980960	#	|NINDA₂×X|	I	|NINDA2xX|	𒩡	/pcsl/easl/images/o0901572.png
o0980961	1-#	|NINDA₂×(X.MAŠ)|	I	|NINDA2x(X.MASZ)|	󲷑	/pcsl/easl/images/o0901574.png
o0980962		|NINDA₂×(ZATU659×1(N01))|	I	|NINDA2x(ZATU659x1(N01))|	𒩢	/pcsl/easl/images/o0901575.png
o0980964		|NINDA₂×1(N01)|	I	|NINDA2x1(N01)|	𒩣	/pcsl/easl/images/o0901557.png
o0980965		|NINDA₂×2(N01)|	I	|NINDA2x2(N01)|	𒩤	/pcsl/easl/images/o0901558.png
o0980966	1-	|NINDA₂×1(N06)|	I	|NINDA2x1(N06)|	󲶱	/pcsl/easl/images/o0901559.png
o0980967	n	|NINDA₂×(1(N06).HI@g~a)|	I	|NINDA2x(HI@g~a.1(N06))|	𒩥	/pcsl/easl/images/o0901551.png
o0980968		|NINDA₂×1(N08)|	I	|NINDA2x1(N08)|	𒩦	/pcsl/easl/images/o0901560.png
o0980969	:	NINKUM	I	NINKUM	𒩨	/pcsl/easl/images/o0901577.png
o0980970	:	NINLIL	I	NINLIL	𒩩	/pcsl/easl/images/o0901578.png
o0980971	n	NIR~a	I	NIR~a	𒩪	/pcsl/easl/images/o0901580.png
o0980972		|NIR~a×AN|	I	|NIR~axAN|	𒩫	/pcsl/easl/images/o0901583.png
o0980973		NIR~b	I	NIR~b	𒩬	/pcsl/easl/images/o0901581.png
o0980974		NU	I	NU	𒩭	/pcsl/easl/images/o0901584.png
o0980975		NU@g	I	NU@g	𒩮	/pcsl/easl/images/o0901585.png
o0980976		NU₁₁	I	NU11	𒩯	/pcsl/easl/images/o0901586.png
o0980977		|NU₁₁&NU₁₁|	I	|NU11&NU11|	𒩰	/pcsl/easl/images/o0901587.png
o0980978		NU₁₁@t	I	|NU11@t|	𒩱	/pcsl/easl/images/o0901588.png
o0980979		NUMUN	I	NUMUN	𒩲	/pcsl/easl/images/o0901589.png
o0980980		NUMUN₂	I	NUMUN2	𒩳	/pcsl/easl/images/o0901590.png
o0980981		NUN~a	I	NUN~a	𒩴	/pcsl/easl/images/o0901592.png
o0980982		|NUN~a+A|	I	|NUN~a+A|	𒩵	/pcsl/easl/images/o0901603.png
o0980983	n	|NUN~a+EN~a~v2|	I	|NUN~a+EN~a|	𒩶	/pcsl/easl/images/o0901606.png
o0980984	n	|NUN~a+EN~b~v1|	I	|NUN~a+EN~b|	𒩷	/pcsl/easl/images/o0901607.png
o0980985		|NUN~a+EN~d|	I	|NUN~a+EN~d|	𒩸	/pcsl/easl/images/o0901608.png
o0980986		|NUN~a+NAM₂|	I	|NUN~a+NAM2|	𒩹	/pcsl/easl/images/o0901611.png
o0980987		NUN~b	I	NUN~b	𒩺	/pcsl/easl/images/o0901593.png
o0980989		|NUN~b+EN~a|	I	|NUN~b+EN~a|	𒩻	/pcsl/easl/images/o0901609.png
o0980990		NUN~c	I	NUN~c	𒩼,𒩽,𒩾,𒩿	/pcsl/easl/images/o0901594.png
o0980991		NUN~d	I	NUN~d	𒪀	/pcsl/easl/images/o0901598.png
o0980992		NUNUZ~a0	I	NUNUZ~a0	𒪁	/pcsl/easl/images/o0901613.png
o0980993		NUNUZ~a1	I	NUNUZ~a1	𒪂	/pcsl/easl/images/o0901614.png
o0980994		NUNUZ~a1@t	I	|NUNUZ~a1@t|	𒪃	/pcsl/easl/images/o0901623.png
o0980995		NUNUZ~a2	I	NUNUZ~a2	𒪄	/pcsl/easl/images/o0901615.png
o0980996		NUNUZ~b1	I	NUNUZ~b1	𒪅	/pcsl/easl/images/o0901616.png
o0980997		NUNUZ~b2	I	NUNUZ~b2	𒪆	/pcsl/easl/images/o0901617.png
o0980998		NUNUZ~c	I	NUNUZ~c	𒪇,𒪈,𒪉,𒪊	/pcsl/easl/images/o0901618.png
o0980999		PA~a	I	PA~a	𒪋,𒪌,𒪍;󳄁	/pcsl/easl/images/o0901625.png
o0981000		PA~b	I	PA~b	𒪎	/pcsl/easl/images/o0901628.png
o0981001	1-	PA₃	I	PA3	󲦑	/pcsl/easl/images/o0901634.png
o0981002		PAD~a	I	PAD~a	𒪏	/pcsl/easl/images/o0901636.png
o0981003		PAD~b	I	PAD~b	𒪐	/pcsl/easl/images/o0901637.png
o0981004		PAP~a	I	PAP~a	𒪑	/pcsl/easl/images/o0901639.png
o0981005		PAP@t	I	PAP~a@t	𒪒	/pcsl/easl/images/o0901643.png
o0981006		PAP~b	I	PAP~b	𒪓,𒪔	/pcsl/easl/images/o0901640.png
o0981007		PIRIG~a1	I	PIRIG~a1	𒪕	/pcsl/easl/images/o0901645.png
o0981008		PIRIG~a2	I	PIRIG~a2	𒪖	/pcsl/easl/images/o0901646.png
o0981009		PIRIG~a3	I	PIRIG~a3	𒪗	/pcsl/easl/images/o0901647.png
o0981010		PIRIG~b1	I	PIRIG~b1	𒪘	/pcsl/easl/images/o0901648.png
o0981012		|PIRIG~b1×UR₂|	I	|PIRIG~b1xUR2|	𒪙	/pcsl/easl/images/o0901653.png
o0981014		PIRIG~b2	I	PIRIG~b2	𒪚	/pcsl/easl/images/o0901649.png
o0981015		PU₂	I	PU2	𒪛	/pcsl/easl/images/o0901656.png
o0981016		RA	I	RA	𒪜	/pcsl/easl/images/o0901657.png
o0981017	c	RAD~a	I	RAD~a	𒪝	/pcsl/easl/images/o0901659.png
o0981018		RAD~a@g	I	RAD~a@g	𒪞	/pcsl/easl/images/o0901662.png
o0981019	c	RAD~a@t	I	|RAD~a@t|	𒪟	/pcsl/easl/images/o0901664.png
o0981020		RAD~b	I	RAD~b	𒪠	/pcsl/easl/images/o0901660.png
o0981021	1-	RI	I	RI	󲦣	/pcsl/easl/images/o0901665.png
o0982244	dd	RI~x	I	RI~x	󲦤	/pcsl/easl/images/o0901666.png
o0981022		RI₈~a	I	RI8~a	𒪡	/pcsl/easl/images/o0901668.png
o0981023		RI₈~b	I	RI8~b	𒪢	/pcsl/easl/images/o0901669.png
o0981024		RU	I	RU	𒪣,𒪥	/pcsl/easl/images/o0901670.png
o0981025		RU@t	I	|RU@t|	𒪤	/pcsl/easl/images/o0901672.png
o0981026		SA~a	I	SA~a	𒪦	/pcsl/easl/images/o0901674.png
o0981027		SA~c	I	SA~c	𒪧,𒪨	/pcsl/easl/images/o0901675.png
o0981028		SAG	I	SAG	𒪩,𒪮,𒪲	/pcsl/easl/images/o0901677.png
o0981030		|SAG×GEŠTU~a|	I	|SAGxGESZTU~a|	𒪪	/pcsl/easl/images/o0901681.png
o0981036	1-	|SAG×SAR~a|	I	|SAGxSAR~a|	󲷣	/pcsl/easl/images/o0901691.png
o0981032	n	|SAG~v1×GEŠTU~c|	I	|SAGxGESZTU~c|	𒪯	/pcsl/easl/images/o0901684.png
o0981033	1-	|SAG~v1×LAM~c|	I	|SAGxLAM~c|	󲷡	/pcsl/easl/images/o0901686.png
o0981034	n	|SAG~v1×MA~v1|	I	|SAGxMA|	𒪰	/pcsl/easl/images/o0901687.png
o0981037	n	|SAG~v1×1(N14)|	I	|SAGx1(N14)|	𒪱	/pcsl/easl/images/o0901688.png
o0981038		SAG@g	I	SAG@g	𒪫	/pcsl/easl/images/o0901694.png
o0981039		SAG@n	I	SAG@n	𒪬	/pcsl/easl/images/o0901695.png
o0981031	n	|SAG@n×GEŠTU~b|	I	|SAGxGESZTU~b|	𒪭,𒪳	/pcsl/easl/images/o0901682.png
o0981040		SAGŠU	I	SAGSZU	𒪴	/pcsl/easl/images/o0901696.png
o0981041		SAL	I	SAL	𒪵	/pcsl/easl/images/o0901697.png
o0981042	.	|SAL.KUR~a|	I	|SAL.KUR~a|	𒪶	/pcsl/easl/images/o0901699.png
o0981043	.	|SAL.LAM~b|	I	|SAL.LAM~b|	𒪷	/pcsl/easl/images/o0901701.png
o0981045	n.	|SAL.ŠU₂~b|	I	|SAL.SZU2|	𒪸	/pcsl/easl/images/o0901703.png
o0981046	.	|SAL.ZATU751~a|	SAL+ZATU751a	SAL.ZATU751~a	󳀎	-
o0981047	.	|SAL.ZATU751~b|	SAL+ZATU751b	SAL+ZATU751~b	󳄄	-
o0981048	.	|SAL.ZATU751~c|	SAL+ZATU751c	SAL+ZATU751~c	󳄂	-
o0981049		|SAL×1(N58)|	I	|SALx1(N58)|	𒪹	/pcsl/easl/images/o0901704.png
o0981050		SANGA~a	I	SANGA~a	𒪺,𒪻,𒪼	/pcsl/easl/images/o0901709.png
o0981051		SANGA~b	I	SANGA~b	𒪽,𒪾	/pcsl/easl/images/o0901712.png
o0981052		SANGA~c	I	SANGA~c	𒪿	/pcsl/easl/images/o0901714.png
o0981054		SAR~a	I	SAR~a	𒫀	/pcsl/easl/images/o0901718.png
o0981055		|SAR~a×ŠE~a|	I	|SAR~axSZE~a|	𒫁	/pcsl/easl/images/o0901723.png
o0981056		SAR~b	I	SAR~b	𒫂	/pcsl/easl/images/o0901719.png
o0981057		SAR~c	I	SAR~c	𒫃	/pcsl/easl/images/o0901720.png
o0981059		SI	I	SI	𒫄,𒫇	/pcsl/easl/images/o0901724.png
o0981062		|SI×GU₄|	I	|SIxGU4|	𒫅	/pcsl/easl/images/o0901729.png
o0981065	n	|SI×ŠE₃~v1|	I	|SIxSZE3|	𒫆	/pcsl/easl/images/o0901734.png
o0981068		SI₄~a	I	SI4~a	𒫈	/pcsl/easl/images/o0901739.png
o0981069		SI₄~b	I	SI4~b	𒫉	/pcsl/easl/images/o0901740.png
o0981070		SI₄~c	I	SI4~c	𒫊	/pcsl/easl/images/o0901741.png
o0981071		SI₄~d	I	SI4~d	𒫋,𒫌	/pcsl/easl/images/o0901742.png
o0981072		SI₄~f	I	SI4~f	𒫍,𒫎	/pcsl/easl/images/o0901744.png
o0981073		SIG	I	SIG	𒫏	/pcsl/easl/images/o0901746.png
o0981076		SIG₂~a1	I	SIG2~a1	𒫑	/pcsl/easl/images/o0901751.png
o0981077		SIG₂~a2	I	SIG2~a2	𒫒	/pcsl/easl/images/o0901752.png
o0981078		SIG₂~a3	I	SIG2~a3	𒫓,𒫔,𒫕	/pcsl/easl/images/o0901753.png
o0981079		SIG₂~a4	I	SIG2~a4	𒫖	/pcsl/easl/images/o0901756.png
o0981080		SIG₂~b	I	SIG2~b	𒫗	/pcsl/easl/images/o0901757.png
o0981081		|SIG₂~b×1(N14)|	I	|SIG2~bx1(N14)|	𒫘	/pcsl/easl/images/o0901767.png
o0981082		|SIG₂~b&SIG₂~b|	I	|SIG2~b.SIG2~b|	𒫙	/pcsl/easl/images/o0901769.png
o0981083		SIG₂~c1	I	SIG2~c1	𒫚	/pcsl/easl/images/o0901758.png
o0981084		SIG₂~c2	I	SIG2~c2	𒫛	/pcsl/easl/images/o0901759.png
o0981085		SIG₂~d1	I	SIG2~d1	𒫜	/pcsl/easl/images/o0901760.png
o0981086		SIG₂~d2	I	SIG2~d2	𒫝,𒫞	/pcsl/easl/images/o0901761.png
o0981087		SIG₂~d3	I	SIG2~d3	𒫟	/pcsl/easl/images/o0901763.png
o0981088		SIG₂~d4	I	SIG2~d4	𒫠	/pcsl/easl/images/o0901764.png
o0981089		SIG₂~e	I	SIG2~e	𒫡	/pcsl/easl/images/o0901765.png
o0981090		SIG₄	I	SIG4	𒫢	/pcsl/easl/images/o0901770.png
o0981091		SIG₇	I	SIG7	𒫣,𒫤	/pcsl/easl/images/o0901771.png
o0981092	1-:	SIKIL	I	SIKIL	󲨰	/pcsl/easl/images/o0901773.png
o0981093		SILA₃~a	I	SILA3~a	𒫥	/pcsl/easl/images/o0901775.png
o0981094		|SILA₃~a×A|	I	|SILA3~axA|	𒫦	/pcsl/easl/images/o0901781.png
o0981095		|SILA₃~a×AMAR|	I	|SILA3~axAMAR|	𒫧	/pcsl/easl/images/o0901783.png
o0981096		|SILA₃~a×DUG~a|~v1	I	|SILA3~axDUG~a|	𒬉,𒫨	/pcsl/easl/images/o0901785.png
o0981097	1-	|SILA₃~a×DUG~b|	I	|SILA3~axDUG~b|	󲸑	/pcsl/easl/images/o0901787.png
o0981098	n	|SILA₃~a×GA~a~v3|	I	|SILA3~axGA~a|	𒫩	/pcsl/easl/images/o0901790.png
o0981099		|SILA₃~a×GARA₂~a|	I	|SILA3~axGARA2~a|	𒫪	/pcsl/easl/images/o0901792.png
o0981100	n	|SILA₃~a×GEŠTU~a~v2|	I	|SILA3~axGESZTU~a|	𒫫	/pcsl/easl/images/o0901794.png
o0981101		|SILA₃~a×GEŠTU~c3|	I	|SILA3~axGESZTU~c3|	𒫬	/pcsl/easl/images/o0901795.png
o0981102		|SILA₃~a×GEŠTU~c5|	I	|SILA3~axGESZTU~c5|	𒫭	/pcsl/easl/images/o0901796.png
o0981103		|SILA₃~a×HAŠHUR|	I	|SILA3~axHASZHUR|	𒫮	/pcsl/easl/images/o0901800.png
o0981104		|SILA₃~a×HI|	I	|SILA3~axHI|	𒫯	/pcsl/easl/images/o0901802.png
o0981105		|SILA₃~a×HI@g~a|	I	|SILA3~axHI@g~a|	𒫰	/pcsl/easl/images/o0901804.png
o0981106		|SILA₃~a×IB~a|	I	|SILA3~axIB~a|	𒫱	/pcsl/easl/images/o0901806.png
o0981107		|SILA₃~a×KAŠ~a|	I	|SILA3~axKASZ~a|	𒫲	/pcsl/easl/images/o0901808.png
o0981108		|SILA₃~a×KAŠ~c|	I	|SILA3~axKASZ~c|	𒫳	/pcsl/easl/images/o0901809.png
o0981109		|SILA₃~a×KAŠ~d|	I	|SILA3~axKASZ~d|	𒫴	/pcsl/easl/images/o0901810.png
o0981110		|SILA₃~a×KU₆~a|	I	|SILA3~axKU6~a|	𒫵	/pcsl/easl/images/o0901812.png
o0981111		|SILA₃~a×KUR~a|	I	|SILA3~axKUR~a|	𒫶	/pcsl/easl/images/o0901814.png
o0981112	n	|SILA₃~a×MA~v1|	I	|SILA3~axMA|	𒫷	/pcsl/easl/images/o0901816.png
o0981113		|SILA₃~a×MAŠ|	I	|SILA3~axMASZ|	𒫸	/pcsl/easl/images/o0901818.png
o0981115		|SILA₃~a×NAGA~a|	I	|SILA3~axNAGA~a|	𒫹	/pcsl/easl/images/o0901826.png
o0981116		|SILA₃~a×NI~a|	I	|SILA3~axNI~a|	𒫺	/pcsl/easl/images/o0901829.png
o0981117		|SILA₃~a×NUN~b|	I	|SILA3~axNUN~b|	𒫻	/pcsl/easl/images/o0901834.png
o0981118		|SILA₃~a×SUHUR|	I	|SILA3~axSUHUR|	𒫼	/pcsl/easl/images/o0901836.png
o0981119	n	|SILA₃~a×SUM~a~v1|	I	|SILA3~axSUM~a|	𒫽	/pcsl/easl/images/o0901838.png
o0981120		|SILA₃~a×SUM~b|	I	|SILA3~axSUM~b|	𒫾	/pcsl/easl/images/o0901839.png
o0981121		|SILA₃~a×ŠE~a|	I	|SILA3~axSZE~a|	𒫿	/pcsl/easl/images/o0901841.png
o0981122		|SILA₃~a×ŠE~a@t|	I	|SILA3~axSZE~a@t|	𒬀	/pcsl/easl/images/o0901843.png
o0981123		|SILA₃~a×ŠU|	I	|SILA3~axSZU|	𒬁	/pcsl/easl/images/o0901845.png
o0981124	n	|SILA₃~a×ŠU₂~b|	I	|SILA3~axSZU2|	𒬂	/pcsl/easl/images/o0901848.png
o0981125	#	|SILA₃~a×X|	I	|SILA3~axX|	𒬃	/pcsl/easl/images/o0901850.png
o0981126	n	|SILA₃~a×ZATU629~v1|	I	|SILA3~axZATU629|	𒬄	/pcsl/easl/images/o0901852.png
o0981127		|SILA₃~a×ZATU646|	I	|SILA3~axZATU646|	𒬅	/pcsl/easl/images/o0901854.png
o0981128	n	|SILA₃~a×(ZATU659.TU~c~v1)|	I	|SILA3~ax(ZATU659.TU~c)|	𒬆	/pcsl/easl/images/o0901856.png
o0981129		|SILA₃~a×1(N57)|	I	|SILA3~ax1(N57)|	𒬇	/pcsl/easl/images/o0901822.png
o0981130		|SILA₃~a×1(N58)|	I	|SILA3~ax1(N58)|	𒬈	/pcsl/easl/images/o0901824.png
o0981131		SILA₃~b	I	SILA3~b	𒬊	/pcsl/easl/images/o0901776.png
o0981132	1-	|SILA₃~b×DUG~a|	I	|SILA3~bxDUG~a|	󲸰	/pcsl/easl/images/o0901788.png
o0981133		|SILA₃~b×GUG₂|	I	|SILA3~bxGUG2|	𒬋	/pcsl/easl/images/o0901798.png
o0981134		|SILA₃~b×NAGA~b|	I	|SILA3~bxNAGA~b|	𒬌	/pcsl/easl/images/o0901827.png
o0981136		|SILA₃~b×NI~b|	I	|SILA3~bxNI~b|	𒬍	/pcsl/easl/images/o0901831.png
o0981137		SILA₃~c	I	SILA3~c	𒬎	/pcsl/easl/images/o0901777.png
o0981135	n	|SILA₃~b×NI~a|	I	|SILA3~bxNI~a|	𒬏	/pcsl/easl/images/o0901830.png
o0981138		|SILA₃~c×ŠU|	I	|SILA3~cxSZU|	𒬐	/pcsl/easl/images/o0901846.png
o0981139		|SILA₃~c×ZATU687|	I	|SILA3~cxZATU687|	𒬑	/pcsl/easl/images/o0901858.png
o0981140		|SILA₃~d×NI~a|	I	|SILA3~dxNI~a|	𒬒	/pcsl/easl/images/o0901832.png
o0981141		SILA₄~a	I	SILA4~a	𒬓	/pcsl/easl/images/o0901860.png
o0981142		SILA₄~b	I	SILA4~b	𒬔	/pcsl/easl/images/o0901861.png
o0981143		SILA₄~c	I	SILA4~c	𒬕;󳀀	/pcsl/easl/images/o0901862.png
o0981144		SILA₄~d	I	SILA4~d	𒬖	/pcsl/easl/images/o0901864.png
o0981145	!A	SILANITA	I	SILANITA	𒬗	/pcsl/easl/images/o0901865.png
o0981146		SIMUG	I	SIMUG	𒬘,𒬙	/pcsl/easl/images/o0901866.png
o0981147	:	SIPA	I	SIPA	𒬚	/pcsl/easl/images/o0901868.png
o0981148		SU~a	I	SU~a	𒬛,𒬝	/pcsl/easl/images/o0901870.png
o0981149		|SU~a×1(N58)|	I	|SU~ax1(N58)|	𒬜	/pcsl/easl/images/o0901875.png
o0981150		SU~b	I	SU~b	𒬞	/pcsl/easl/images/o0901872.png
o0981152		SU₃	I	SU3	𒬟	/pcsl/easl/images/o0901876.png
o0981153		SUG	I	SUG	𒬠	/pcsl/easl/images/o0901878.png
o0981154		SUG₅	I	SUG5	𒬡	/pcsl/easl/images/o0901879.png
o0981155		SUH₃	I	SUH3	𒬢	/pcsl/easl/images/o0901880.png
o0981156		SUHUR	I	SUHUR	𒬣;󳄇,󳄈	/pcsl/easl/images/o0901881.png
o0981157		SUHUR@g	I	SUHUR@g	𒬤	/pcsl/easl/images/o0901883.png
o0981158		SUHUR@n	I	|SUHUR@n|	𒬥	/pcsl/easl/images/o0901884.png
o0981160		SUKKAL	I	SUKKAL	𒬦	/pcsl/easl/images/o0901887.png
o0981161		SUKUD	I	SUKUD	𒬧	/pcsl/easl/images/o0901888.png
o0981162		|(SUKUD+SUKUD)~a|	I	|(SUKUD+SUKUD)~a|	𒬨	/pcsl/easl/images/o0901890.png
o0981163		|(SUKUD+SUKUD)~b|	I	|(SUKUD+SUKUD)~b|	𒬩	/pcsl/easl/images/o0901891.png
o0981164	1-	|(SUKUD+SUKUD)~c|	I	|(SUKUD+SUKUD)~c|	󲸻	/pcsl/easl/images/o0901892.png
o0981165		|(SUKUD+SUKUD)~d|	I	|(SUKUD+SUKUD)~d|	𒬪	/pcsl/easl/images/o0901893.png
o0981166		SUKUD@g~a	I	SUKUD@g~a	𒬫	/pcsl/easl/images/o0901895.png
o0981167		SUKUD@g~b	I	SUKUD@g~b	𒬬,𒬭	/pcsl/easl/images/o0901896.png
o0981168		SUKUD@g~c	I	SUKUD@g~c	𒬮	/pcsl/easl/images/o0901898.png
o0981169		SUKUD@g~d	I	|SUKUD@g~d|	𒬯	/pcsl/easl/images/o0901899.png
o0981171		SUM~a	I	SUM~a	𒬰,𒬲	/pcsl/easl/images/o0901902.png
o0981172		SUM~a@t	I	|SUM~a@t|	𒬱	/pcsl/easl/images/o0901906.png
o0981173		SUM~b	I	SUM~b	𒬳	/pcsl/easl/images/o0901904.png
o0981174		SUMAŠ	I	SUMASZ	𒬴	/pcsl/easl/images/o0901907.png
o0981175		SUR	I	SUR	𒬵	/pcsl/easl/images/o0901908.png
o0981176	:	SUSA	I	SUSA	𒬶	/pcsl/easl/images/o0901909.png
o0981177		ŠA	I	SZA	𒬻,𒬼,𒬷;󳄅	/pcsl/easl/images/o0901910.png
o0981178		|(ŠA×HI@g~a)~a|	I	|(SZAxHI@g~a)~a|	𒬸	/pcsl/easl/images/o0901914.png
o0981179		|(ŠA×HI@g~a)~b|	I	|(SZAxHI@g~a)~b|	𒬹	/pcsl/easl/images/o0901915.png
o0981180		ŠA@g	I	SZA@g	𒬺	/pcsl/easl/images/o0901916.png
o0981181		ŠA₃~a1	I	SZA3~a1	𒬽	/pcsl/easl/images/o0901918.png
o0981182		ŠA₃~a2	I	SZA3~a2	𒬾	/pcsl/easl/images/o0901919.png
o0981184		ŠA₃~b	I	SZA3~b	𒬿	/pcsl/easl/images/o0901920.png
o0981185		ŠA₃~c	I	SZA3~c	𒭀	/pcsl/easl/images/o0901921.png
o0981186		ŠA₃~d	I	SZA3~d	𒭁	/pcsl/easl/images/o0901922.png
o0981187	:	ŠAB~a	I	SZAB~a	𒭂,𒭃	/pcsl/easl/images/o0901926.png
o0981188	:	ŠAB~b	I	SZAB~b	𒭄,𒭅	/pcsl/easl/images/o0901928.png
o0981189		ŠAGAN	I	SZAGAN	𒭆,𒭇	/pcsl/easl/images/o0901930.png
o0981190	!U	ŠAGINA	I	SZAGINA	𒭈	/pcsl/easl/images/o0901932.png
o0981191		ŠAH₂~a	I	SZAH2~a	𒭉	/pcsl/easl/images/o0901934.png
o0981192		ŠAH₂~b	I	SZAH2~b	𒭊	/pcsl/easl/images/o0901935.png
o0981193		ŠAH₂~c	I	SZAH2~c	𒭋	/pcsl/easl/images/o0901936.png
o0981194		ŠAKIR~a	I	SZAKIR~a	𒭌	/pcsl/easl/images/o0901938.png
o0981195		ŠAKIR~b	I	SZAKIR~b	𒭍	/pcsl/easl/images/o0901939.png
o0981196		ŠAKIR~c	I	SZAKIR~c	𒭎	/pcsl/easl/images/o0901940.png
o0981197		ŠAM₂	I	SZAM2	𒭏	/pcsl/easl/images/o0901941.png
o0981198	:	ŠANDANA~a	I	SZANDANA~a	𒭐	/pcsl/easl/images/o0901943.png
o0981199	:	ŠANDANA~b	I	SZANDANA~b	𒭑	/pcsl/easl/images/o0901944.png
o0981202	.	|ŠE~a.KIN₂~c|	I	|SZE~a.KIN2~c|	𒭓	/pcsl/easl/images/o0901953.png
o0981203	.	|ŠE~a.NAM₂|	I	|SZE~a.NAM2|	𒭔,𒭕	/pcsl/easl/images/o0901955.png
o0981204		|ŠE~a&ŠE~a|	I	|SZE~a&SZE~a|	𒭖	/pcsl/easl/images/o0901959.png
o0981200		ŠE~a	ŠEa	ŠE~a	𒭒	/pcsl/easl/images/o0901946.png
o0981205		ŠE~a@t	I	SZE~a@t	𒭗;󳄋	/pcsl/easl/images/o0901961.png
o0981206		ŠE~b	I	SZE~b	𒭘	/pcsl/easl/images/o0901947.png
o0981207		ŠE~c	I	SZE~c	𒭙	/pcsl/easl/images/o0901948.png
o0981208		ŠE₃	I	SZE3	𒭚,𒭜	/pcsl/easl/images/o0901962.png
o0981210		ŠEG₉	I	SZEG9	𒭞	/pcsl/easl/images/o0901966.png
o0981211	:	ŠELU	I	SZELU	𒭟	/pcsl/easl/images/o0901967.png
o0981212		ŠEN~a	I	SZEN~a	𒭠,𒭡	/pcsl/easl/images/o0901969.png
o0981213		ŠEN~b	I	SZEN~b	𒭢,𒭣	/pcsl/easl/images/o0901971.png
o0981214		ŠEN~c	I	SZEN~c	𒭤	/pcsl/easl/images/o0901973.png
o0981215		ŠEN~c@t	I	SZEN~c@t	𒭥	/pcsl/easl/images/o0901981.png
o0981216	d	ŠEN~d	I	SZEN~d	𒭦,𒭨,𒭩	/pcsl/easl/images/o0901974.png
o0981217		|ŠEN~e×A|	I	|SZEN~dxA|	𒭧	/pcsl/easl/images/o0901979.png
o0981218		ŠEN~e	I	SZEN~e	𒭪,𒭦,𒭨,𒭩	/pcsl/easl/images/o0901977.png
o0981219		ŠENNUR~a	I	SZENNUR~a	𒭫	/pcsl/easl/images/o0901983.png
o0981220		ŠENNUR~b	I	SZENNUR~b	𒭬	/pcsl/easl/images/o0901984.png
o0981221		ŠEŠ~a	I	SZESZ~a	𒭭,𒭮	/pcsl/easl/images/o0901986.png
o0981222		ŠEŠ~b	I	SZESZ~b	𒭯	/pcsl/easl/images/o0901988.png
o0981223		ŠIDIM	I	SZIDIM	𒭰	/pcsl/easl/images/o0901990.png
o0981224		ŠIDIM@t	I	SZIDIM@t	𒭱	/pcsl/easl/images/o0901991.png
o0981225		ŠIM~a	I	SZIM~a	𒭲,𒭳,𒭴	/pcsl/easl/images/o0901993.png
o0981226		ŠIM~b	I	SZIM~b	𒭵	/pcsl/easl/images/o0901996.png
o0981227		ŠIR~a	I	SZIR~a	𒭶,𒭷	/pcsl/easl/images/o0901998.png
o0981228		ŠIR~b	I	SZIR~b	𒭸,𒭹,𒭺	/pcsl/easl/images/o0902000.png
o0981229		ŠITA~a1	I	SZITA~a1	𒭻	/pcsl/easl/images/o0902004.png
o0981230		|ŠITA~a1×KAK~a|	I	|SZITA~a1xKAK~a|	𒭼	/pcsl/easl/images/o0902014.png
o0981231		|ŠITA~a1×ŠU|	I	|SZITA~a1xSZU|	𒭽	/pcsl/easl/images/o0902020.png
o0981232	n	|ŠITA~a1×ŠU₂~b|	I	|SZITA~a1xSZU2|	𒭾	/pcsl/easl/images/o0902022.png
o0981233		|ŠITA~a1×UDU~a|	I	|SZITA~a1xUDU~a|	𒭿	/pcsl/easl/images/o0902024.png
o0981234		|ŠITA~a1×1(N06)|	I	|SZITA~a1x1(N06)|	𒮀	/pcsl/easl/images/o0902016.png
o0981246		ŠITA@g~b	I	SZITA@g~b	𒮁	/pcsl/easl/images/o0902026.png
o0981235		ŠITA~a2	I	SZITA~a2	𒮂	/pcsl/easl/images/o0902005.png
o0981236		ŠITA~a3	I	SZITA~a3	𒮃	/pcsl/easl/images/o0902006.png
o0981237		ŠITA~b1	I	SZITA~b1	𒮄	/pcsl/easl/images/o0902007.png
o0981243		ŠITA@g~a	I	SZITA@g~a	𒮅	/pcsl/easl/images/o0903420.png
o0981238		ŠITA~b2	I	SZITA~b2	𒮆	/pcsl/easl/images/o0902008.png
o0981239	n	|ŠITA~b2@g×HI@g~a|	I	|SZITA~b1xHI@g~a|	𒮇	/pcsl/easl/images/o0902012.png
o0981240		ŠITA~b3	I	SZITA~b3	𒮈	/pcsl/easl/images/o0902009.png
o0981241		|ŠITA~b3×NAM₂|	I	|SZITA~b3xNAM2|	𒮉	/pcsl/easl/images/o0902018.png
o0981244		|ŠITA@g~a×1(N04)|	I	|SZITA@g~ax1(N04)|	𒮋	/pcsl/easl/images/o0902030.png
o0981245		|ŠITA@g~a×1(N06)|	I	|SZITA@g~ax1(N06)|	𒮌	/pcsl/easl/images/o0902032.png
o0981242	1-	ŠITA~c	I	SZITA~c	󲨀	/pcsl/easl/images/o0902010.png
o0981247		ŠU	I	SZU	𒮍	/pcsl/easl/images/o0902033.png
o0981248		|ŠU×1(N58)|	I	|SZUx1(N58)|	𒮎	/pcsl/easl/images/o0902034.png
o0981249		|ŠU&ŠU|	I	|SZU&SZU|	𒮏	/pcsl/easl/images/o0902035.png
o0981250		ŠU@g	I	SZU@g	𒮐	/pcsl/easl/images/o0902036.png
o0981251	1-	ŠU@s	I	SZU@s	󲨆	/pcsl/easl/images/o0902037.png
o0981252		ŠU₂	I	SZU2	𒮑,𒮘;󳃼,󳄍	/pcsl/easl/images/o0902039.png
o0981256	n.	|ŠU₂.EN~a|	I	|SZU2.EN~a|	𒮓,𒮔	/pcsl/easl/images/o0902046.png
o0981257	n.	|ŠU₂~a.EN~b|	I	|SZU2.EN~b|	𒮕	/pcsl/easl/images/o0902048.png
o0981259	n.	|ŠU₂~a.(HI×1(N57))&(HI×1(N57))|	I	|SZU2.((HI+1(N57))+(HI+1(N57)))|	𒮖	/pcsl/easl/images/o0902824.png
o0981261	n.	|ŠU₂~a.URI₃~a~v1|	I	|SZU2.URI3~a|	𒮗	/pcsl/easl/images/o0902056.png
o0981254	n.	|ŠU₂~b.E₂~a|	I	|SZU2.E2~a|	𒮙	/pcsl/easl/images/o0902043.png
o0981255	n.	|ŠU₂~b.E₂~b|	I	|SZU2.E2~b|	𒮚	/pcsl/easl/images/o0902044.png
o0981258	n.	|ŠU₂~b.GIŠ|	I	|SZU2.GISZ|	𒮛	/pcsl/easl/images/o0902049.png
o0981262	n.	|ŠU₂~b.1(N02)|	I	|SZU2.1(N02)|	𒮜	/pcsl/easl/images/o0902051.png
o0981264	1-.	|ŠU₂~b.2(N57)|	I	|SZU2.2(N57)|	󲷼	/pcsl/easl/images/o0902052.png
o0981266		ŠU₁₂	I	SZU12	𒮝	/pcsl/easl/images/o0902059.png
o0981267		ŠUBUR	I	SZUBUR	𒮞;󳄌	/pcsl/easl/images/o0902060.png
o0981268		ŠUM	I	SZUM	𒮟	/pcsl/easl/images/o0902061.png
o0981270		ŠUR₂~a	I	SZUR2~a	𒮠	/pcsl/easl/images/o0902063.png
o0981271		ŠUR₂~b	I	SZUR2~b	𒮡	/pcsl/easl/images/o0902064.png
o0981273	:	ŠURUPPAK~a	I	SZURUPPAK~a	𒮢,𒮣	/pcsl/easl/images/o0902068.png
o0981274	:	ŠURUPPAK~b	I	SZURUPPAK~b	𒮤,𒮥	/pcsl/easl/images/o0902070.png
o0981275	1-:	ŠURUPPAK~c	I	SZURUPPAK~c	󲨒	/pcsl/easl/images/o0902072.png
o0981276		TA~a	I	TA~a	𒮦	/pcsl/easl/images/o0902074.png
o0981277		TA~b	I	TA~b	𒮧	/pcsl/easl/images/o0902075.png
o0981278		TA~c	I	TA~c	𒮨	/pcsl/easl/images/o0902076.png
o0981279		TA~d	I	TA~d	𒮩	/pcsl/easl/images/o0902077.png
o0981280		|TA~d×MAŠ|	I	|TA~dxMASZ|	𒮪	/pcsl/easl/images/o0902081.png
o0981281		TA~e	I	TA~e	𒮫	/pcsl/easl/images/o0902078.png
o0981282	1-	TA~f	I	TA~f	󲩙	/pcsl/easl/images/o0902079.png
o0981283		TAG~a1	I	TAG~a1	𒮬	/pcsl/easl/images/o0902083.png
o0981284		TAG~a1@t	I	TAG~a1@t	𒮭	/pcsl/easl/images/o0902092.png
o0981285		TAG~a2	I	TAG~a2	𒮮	/pcsl/easl/images/o0902084.png
o0981286		TAG~a3	I	TAG~a3	𒮯	/pcsl/easl/images/o0902085.png
o0981287		TAG~a4	I	TAG~a4	𒮰	/pcsl/easl/images/o0902086.png
o0981288		TAG~b	I	TAG~b	𒮱	/pcsl/easl/images/o0902087.png
o0981289		TAG~c	I	TAG~c	𒮲	/pcsl/easl/images/o0902088.png
o0981290		TAG~d	I	TAG~d	𒮳	/pcsl/easl/images/o0902089.png
o0981291		TAK₄~a	I	TAK4~a	𒮶,𒮴	/pcsl/easl/images/o0902094.png
o0981292		TAK₄~a@n	I	TAK4~a@n	𒮵	/pcsl/easl/images/o0902098.png
o0981293		TAK₄~c	I	TAK4~c	𒮷	/pcsl/easl/images/o0902096.png
o0981294		TAR~a	I	TAR~a	𒮸	/pcsl/easl/images/o0902100.png
o0981295	1-	TAR~d	I	TAR~d	󲩧	/pcsl/easl/images/o0902101.png
o0981296		TE	I	TE	𒮹	/pcsl/easl/images/o0902102.png
o0981297		TI	I	TI	𒮺,𒮾	/pcsl/easl/images/o0902103.png
o0981298		TI@g	I	TI@g	𒮻	/pcsl/easl/images/o0902105.png
o0981299		TI@r	I	TI@r	𒮼	/pcsl/easl/images/o0902106.png
o0981300		TI@t	I	TI@t	𒮽	/pcsl/easl/images/o0902107.png
o0981301	:	TIDNUM	I	TIDNUM	𒮿	/pcsl/easl/images/o0902108.png
o0981302		TILLA₂	I	TILLA2	𒯀	/pcsl/easl/images/o0902109.png
o0981303		TU~a	I	TU~a	𒯁	/pcsl/easl/images/o0902111.png
o0981304		TU~b	I	TU~b	𒯂	/pcsl/easl/images/o0902112.png
o0981305		TU~c	I	TU~c	𒯃	/pcsl/easl/images/o0902114.png
o0981306		TUG₂~a	I	TUG2~a	𒯄	/pcsl/easl/images/o0902116.png
o0981307	.	|TUG₂~a.BAD&BAD|	I	|TUG2~a.(BAD&BAD)|	𒯅;󳄐	/pcsl/easl/images/o0902121.png
o0981308		TUG₂~a@g	I	TUG2~a@g	𒯆,𒯇	/pcsl/easl/images/o0902123.png
o0981309		TUG₂~b	I	TUG2~b	𒯈	/pcsl/easl/images/o0902117.png
o0981310		TUG₂~c	I	TUG2~c	𒯉	/pcsl/easl/images/o0902118.png
o0981311		TUG₂~d	I	TUG2~d	𒯊	/pcsl/easl/images/o0902119.png
o0981312		TUM~a	I	TUM~a	𒯋	/pcsl/easl/images/o0902128.png
o0981313		TUM~a@g	I	TUM~a@g	𒯌	/pcsl/easl/images/o0902133.png
o0981314		TUM~b	I	TUM~b	𒯍	/pcsl/easl/images/o0902129.png
o0981315		TUM~c	I	TUM~c	𒯎	/pcsl/easl/images/o0902130.png
o0981316		TUM~d	I	TUM~d	𒯏	/pcsl/easl/images/o0902131.png
o0981317		TUN₃~a	I	TUN3~a	𒯐	/pcsl/easl/images/o0902136.png
o0981318		TUN₃~b	I	TUN3~b	𒯑	/pcsl/easl/images/o0902137.png
o0981319		TUN₃~c	I	TUN3~c	𒯒	/pcsl/easl/images/o0902138.png
o0981320		TUR	I	TUR	𒯓,𒯕,𒯖,𒯗	/pcsl/easl/images/o0902139.png
o0981321	1-#	|TUR~v1×X|	I	|TURxX|	󲸿	/pcsl/easl/images/o0902143.png
o0981322		TUR@g	I	TUR@g	𒯔	/pcsl/easl/images/o0902144.png
o0981323		TUR₃~a	I	TUR3~a	𒯘	/pcsl/easl/images/o0902146.png
o0981325		TUR₃~a@n	I	|TUR3~a@n|	𒯙	/pcsl/easl/images/o0902154.png
o0981326		TUR₃~b	I	TUR3~b	𒯚	/pcsl/easl/images/o0902147.png
o0981327	1-	|TUR₃~b×TAK₄~a|	I	|TUR3~bxTAK4~a|	󲹀	/pcsl/easl/images/o0902152.png
o0981328		TUR₃~c	I	TUR3~c	𒯛	/pcsl/easl/images/o0902148.png
o0981329		U₂~a	I	U2~a	𒯜	/pcsl/easl/images/o0902156.png
o0981330		U₂~b	I	U2~b	𒯝,𒯞,𒯟	/pcsl/easl/images/o0902157.png
o0981331		U₂~c	I	U2~c	𒯠	/pcsl/easl/images/o0902160.png
o0981332		U₄	I	U4	𒯡	/pcsl/easl/images/o0902161.png
o0981333	n.	|U₄.ŠU₂~b|	I	|U4.SZU2|	𒯢	/pcsl/easl/images/o0902177.png
o0981334	.	|U₄.1(N08)|	I	|U4.1(N08)|	𒯣	/pcsl/easl/images/o0902163.png
o0981335	.	|U₄.2(N08)|	I	|U4.2(N08)|	𒯤	/pcsl/easl/images/o0902164.png
o0981336	.	|U₄.3(N08)|	I	|U4.3(N08)|	𒯥	/pcsl/easl/images/o0902165.png
o0981337	n.	|U₄.4(N08)~v1|	I	|U4.4(N08)|	𒯦	/pcsl/easl/images/o0902166.png
o0981338	.	|U₄.5(N08)|	I	|U4.5(N08)|	𒯧	/pcsl/easl/images/o0902167.png
o0981339	.	|U₄.6(N08)|	I	|U4.6(N08)|	𒯨	/pcsl/easl/images/o0902168.png
o0981340	.	|U₄.7(N08)|	I	|U4.7(N08)|	𒯩	/pcsl/easl/images/o0902169.png
o0981341	.	|U₄.8(N08)|	I	|U4.8(N08)|	𒯪	/pcsl/easl/images/o0902170.png
o0981342	.	|U₄.1(N14)|	I	|U4.1(N14)|	𒯫	/pcsl/easl/images/o0902171.png
o0981344	.	|U₄.1(N14).3(N08)|	I	|U4.(1(N14).3(N08))|	𒯬	/pcsl/easl/images/o0902172.png
o0981345	.	|U₄.1(N14).4(N08)|	I	|U4.(1(N14).4(N08))|	𒯭	/pcsl/easl/images/o0902173.png
o0981346	.	|U₄.1(N14).5(N08)|	I	|U4.(1(N14).5(N08))|	𒯮	/pcsl/easl/images/o0902174.png
o0981347	.	|U₄.1(N14).8(N08)|	I	|U4.(1(N14).8(N08))|	𒯯	/pcsl/easl/images/o0902175.png
o0981348	.	|U₄.2(N14)|	I	|U4.2(N14)|	𒯰	/pcsl/easl/images/o0902176.png
o0981350	#	|U₄×X|	I	|U4xX|	𒯱	/pcsl/easl/images/o0902216.png
o0981351	#	|U₄×(X+2(N01))|	I	|U4x(X+2(N01))|	𒯲	/pcsl/easl/images/o0902217.png
o0981352		|U₄×1(N01)|	I	|U4x1(N01)|	𒯳	/pcsl/easl/images/o0902178.png
o0981353	.	|U₄×1(N01).5(N08)|	I	|U4x1(N01).5(N08)|	𒯴	/pcsl/easl/images/o0902179.png
o0981355	#	|U₄×2(N01)|	I	|U4x2(N01)|	𒯵	/pcsl/easl/images/o0902182.png
o0981356	.#	|U₄×2(N01).X|	I	|U4x2(N01).X|	𒯶	/pcsl/easl/images/o0902185.png
o0981357	.	|U₄×2(N01).2(N14)|	I	|U4x2(N01).2(N14)|	𒯷	/pcsl/easl/images/o0902183.png
o0981358	.	|U₄×2(N01).2(N14).1(N08)|	I	|U4x2(N01).(2(N14).1(N08))|	𒯸	/pcsl/easl/images/o0902184.png
o0981359		|U₄×3(N01)|	I	|U4x3(N01)|	𒯹	/pcsl/easl/images/o0902186.png
o0981360	n.	|U₄×3(N01).3(N08)~v1|	I	|U4x3(N01).3(N08)|	𒯺	/pcsl/easl/images/o0902187.png
o0981361		|U₄×4(N01)|	I	|U4x4(N01)|	𒯻	/pcsl/easl/images/o0902188.png
o0981362	.	|U₄×4(N01).2(N14)|	I	|U4x4(N01).2(N14)|	𒯼	/pcsl/easl/images/o0902189.png
o0981363		|U₄×5(N01)|	I	|U4x5(N01)|	𒯽	/pcsl/easl/images/o0902190.png
o0981364	.	|U₄×5(N01).1(N14)|	I	|U4x5(N01).1(N14)|	𒯾	/pcsl/easl/images/o0902191.png
o0981365		|U₄×6(N01)|	I	|U4x6(N01)|	𒯿	/pcsl/easl/images/o0902192.png
o0981366		|U₄×8(N01)|	I	|U4x8(N01)|	𒰀	/pcsl/easl/images/o0902193.png
o0981367	.#	|U₄×8(N01).X|	I	|U4x8(N01).X|	𒰁	/pcsl/easl/images/o0902194.png
o0981368	n#	|U₄×N(N01)|	I	|U4x(X(N01))|	𒰂	/pcsl/easl/images/o0902195.png
o0981369	1-	|U₄×1(N01@f)|	I	|U4x1(N01)F|	󲹃	/pcsl/easl/images/o0902181.png
o0981370		|U₄×1(N14)|	I	|U4x1(N14)|	𒰃	/pcsl/easl/images/o0902196.png
o0981372		|U₄×(1(N14).2(N01))|	I	|U4x(1(N14).2(N01))|	𒰄	/pcsl/easl/images/o0902198.png
o0981375		|U₄×(1(N14).4(N01))|	I	|U4x(1(N14).4(N01))|	𒰅	/pcsl/easl/images/o0902200.png
o0981376		|U₄×(1(N14).8(N01))|	I	|U4x(1(N14).8(N01))|	𒰆	/pcsl/easl/images/o0902201.png
o0981377		|U₄×2(N14)|	I	|U4x2(N14)|	𒰇	/pcsl/easl/images/o0902202.png
o0981378		|U₄×(2(N14).4(N01))|	I	|U4x(2(N14).4(N01))|	𒰈	/pcsl/easl/images/o0902203.png
o0981379		|U₄×(3(N14).2(N01))|	I	|U4x(3(N14).2(N01))|	𒰉	/pcsl/easl/images/o0902204.png
o0981380		|U₄×(3(N14).7(N01))|	I	|U4x(3(N14).7(N01))|	𒰊	/pcsl/easl/images/o0902205.png
o0981381		|U₄×1(N57)|	I	|U4x1(N57)|	𒰋	/pcsl/easl/images/o0902206.png
o0981382		|U₄×2(N57)|	I	|U4x2(N57)|	𒰌	/pcsl/easl/images/o0902207.png
o0981383		|U₄×3(N57)|	I	|U4x3(N57)|	𒰍	/pcsl/easl/images/o0902208.png
o0981384		|U₄×4(N57)|	I	|U4x4(N57)|	𒰎	/pcsl/easl/images/o0902209.png
o0981385		|U₄×5(N57)|	I	|U4x5(N57)|	𒰏	/pcsl/easl/images/o0902210.png
o0981386		|U₄×6(N57)|	I	|U4x6(N57)|	𒰐	/pcsl/easl/images/o0902211.png
o0981387		|U₄×7(N57)|	I	|U4x7(N57)|	𒰑	/pcsl/easl/images/o0902212.png
o0981388		|U₄×8(N57)|	I	|U4x8(N57)|	𒰒	/pcsl/easl/images/o0902213.png
o0981389	n	|U₄×10(N57)|	I	|U4x10(N57)|	𒰓	/pcsl/easl/images/o0902214.png
o0981390		|U₄×1(N58@t)|	I	|U4x1(N58)@t|	𒰔	/pcsl/easl/images/o0902215.png
o0981391		U₄@t	I	U4@t	𒰕	/pcsl/easl/images/o0902226.png
o0981392		U₈	I	U8	𒰖,𒰘,𒰙,𒰚	/pcsl/easl/images/o0902220.png
o0981393	n	|U₈×TAR~b|	I	|(U8xTAR)~b|	𒰗	/pcsl/easl/images/o0902225.png
o0981394		UB	I	UB	𒰛	/pcsl/easl/images/o0902227.png
o0981395		UBI~a	I	UBI~a	𒰜	/pcsl/easl/images/o0902229.png
o0981396		UBI~c	I	UBI~c	𒰝,𒰞	/pcsl/easl/images/o0902230.png
o0981398		UD₅~a	I	UD5~a	𒰟,𒰡,𒰢	/pcsl/easl/images/o0902234.png
o0981399		UD₅~a@g	I	UD5~a@g	𒰠	/pcsl/easl/images/o0902241.png
o0981400		UD₅~b	I	UD5~b	𒰣	/pcsl/easl/images/o0902237.png
o0981401		UD₅~c	I	UD5~c	𒰤	/pcsl/easl/images/o0902238.png
o0981402		UDU~a	I	UDU~a	𒰥	/pcsl/easl/images/o0902243.png
o0981403	n	|UDU~a×TAR~a|	I	|(UDU~axTAR)~a|	𒰦	/pcsl/easl/images/o0902247.png
o0981404	n	|UDU~a×TAR~b|	I	|(UDU~axTAR)~b|	𒰧	/pcsl/easl/images/o0902248.png
o0981405		UDU~b	I	UDU~b	𒰨	/pcsl/easl/images/o0902244.png
o0981406		UDU~c	I	UDU~c	𒰩	/pcsl/easl/images/o0902245.png
o0981407	!A	UDUNITA~a	I	UDUNITA~a	𒰪	/pcsl/easl/images/o0902250.png
o0981408	!U	UDUNITA~b	I	UDUNITA~b	𒰫	/pcsl/easl/images/o0902251.png
o0981409	!A	UDUNITA~c	I	UDUNITA~c	𒰬	/pcsl/easl/images/o0902252.png
o0981410		UH	I	UH	𒰭	/pcsl/easl/images/o0902254.png
o0981411		UH₃~a	I	UH3~a	𒰮	/pcsl/easl/images/o0902256.png
o0981412		UH₃~a@t	I	UH3~a@t	𒰯	/pcsl/easl/images/o0902259.png
o0981413		UH₃~b	I	UH3~b	𒰰	/pcsl/easl/images/o0902257.png
o0981414		UKKIN~a	I	UKKIN~a	𒰲,𒰱	/pcsl/easl/images/o0902261.png
o0981415		UKKIN~b	I	UKKIN~b	𒰼,𒰳	/pcsl/easl/images/o0902263.png
o0981416		|UKKIN~b×DIN|	I	|UKKIN~bxDIN|	𒰴	/pcsl/easl/images/o0902268.png
o0981417	n	|UKKIN~b×(DIN.1(N01))|	I	|UKKIN~bx(DIN.1(N01))|	𒰵	/pcsl/easl/images/o0902270.png
o0981418	1-	|UKKIN~b×DUG~a|	I	|UKKIN~bxDUG~a|	󲹽	/pcsl/easl/images/o0902272.png
o0981419		|UKKIN~b×HI@g~a|	I	|UKKIN~bxHI@g~a|	𒰶	/pcsl/easl/images/o0902274.png
o0981420		|UKKIN~b×NI~a|	I	|UKKIN~bxNI~a|	𒰷	/pcsl/easl/images/o0902282.png
o0981421	#	|UKKIN~b×X|	I	|UKKIN~bxX|	𒰸	/pcsl/easl/images/o0902284.png
o0981422		|UKKIN~b×2(N01)|	I	|UKKIN~bx2(N01)|	𒰹	/pcsl/easl/images/o0902276.png
o0981423		|UKKIN~b×3(N01)|	I	|UKKIN~bx3(N01)|	𒰺	/pcsl/easl/images/o0902278.png
o0981424		|UKKIN~b×5(N01)|	I	|UKKIN~bx5(N01)|	𒰻	/pcsl/easl/images/o0902280.png
o0981425		UKKIN~c	I	UKKIN~c	𒰽	/pcsl/easl/images/o0902265.png
o0981427		UMBIN~a	I	UMBIN~a	𒰾	/pcsl/easl/images/o0902286.png
o0981428		UMBIN~b1	I	UMBIN~b1	𒰿	/pcsl/easl/images/o0902287.png
o0981429		UMBIN~b2	I	UMBIN~b2	𒱀	/pcsl/easl/images/o0902288.png
o0981430		UMBIN~c	I	UMBIN~c	𒱁	/pcsl/easl/images/o0902289.png
o0981431		UMUN₂	I	UMUN2	𒱃,𒱂	/pcsl/easl/images/o0902290.png
o0981432		UNUG~a	I	UNUG~a	𒱆,𒱄	/pcsl/easl/images/o0902293.png
o0981433	n	|UNUG~a~v1×A@t|	I	|UNUG~axA@t|	𒱇	/pcsl/easl/images/o0902298.png
o0981434		UNUG~a@s	I	UNUG~a@s	𒱅	/pcsl/easl/images/o0902300.png
o0981435		UNUG~b	I	UNUG~b	𒱈	/pcsl/easl/images/o0902295.png
o0981436		UNUG~c	I	UNUG~c	𒱉	/pcsl/easl/images/o0902296.png
o0981437		UR~a	I	UR~a	𒱊	/pcsl/easl/images/o0902302.png
o0981438	n	|UR~a×KAR₂~b|	I	|UR~axKAR2|	𒱋	/pcsl/easl/images/o0902306.png
o0981439		UR~a@g	I	UR~a@g	𒱌	/pcsl/easl/images/o0902308.png
o0981440		UR~b	I	UR~b	𒱍	/pcsl/easl/images/o0902303.png
o0981441		UR~c	I	UR~c	𒱎	/pcsl/easl/images/o0902304.png
o0981442		UR₂	I	UR2	𒱏	/pcsl/easl/images/o0902309.png
o0981443	n	|UR₂×TAR~c|	I	|UR2xTAR|	𒱐	/pcsl/easl/images/o0902311.png
o0981444		|UR₂×1(N57)|	I	|UR2x1(N57)|	𒱑	/pcsl/easl/images/o0902310.png
o0981445		UR₃~a1	I	UR3~a1	𒱒,𒱓	/pcsl/easl/images/o0902313.png
o0981446		UR₃~a2	I	UR3~a2	𒱔	/pcsl/easl/images/o0902315.png
o0981447		UR₃~a3	I	UR3~a3	𒱕	/pcsl/easl/images/o0902316.png
o0981448		UR₃~b1	I	UR3~b1	𒱖	/pcsl/easl/images/o0902317.png
o0981449		|UR₃~b1×MAŠ|	I	|UR3~b1xMASZ|	𒱗	/pcsl/easl/images/o0902321.png
o0981450		UR₃~b2	I	UR3~b2	𒱘;󳄓	/pcsl/easl/images/o0902318.png
o0981452		UR₄~a	I	UR4~a	𒱙	/pcsl/easl/images/o0902323.png
o0981453		UR₄~b	I	UR4~b	𒱚	/pcsl/easl/images/o0902324.png
o0981454		UR₄~c	I	UR4~c	𒱛	/pcsl/easl/images/o0902325.png
o0981455		UR₅~a	I	UR5~a	𒱜	/pcsl/easl/images/o0902327.png
o0981456		UR₅~b	I	UR5~b	𒱝	/pcsl/easl/images/o0902328.png
o0981457		URI	I	URI	𒱞	/pcsl/easl/images/o0902329.png
o0981458	1-:	URI₂	I	URI2	󲫋	/pcsl/easl/images/o0902330.png
o0981459		URI₃~a	I	URI3~a	𒱟,𒱠	/pcsl/easl/images/o0902332.png
o0981460	1-:	|URI₃~a+IB~a|	I	|URI3~a+IB~a|	󲺆	/pcsl/easl/images/o0902336.png
o0981461	:	URI₃~b	I	URI3~b	𒱡	/pcsl/easl/images/o0902334.png
o0981462		URI₅	I	URI5	𒱢	/pcsl/easl/images/o0902337.png
o0981463		URU~a1	I	URU~a1	𒱣	/pcsl/easl/images/o0902339.png
o0981464	1-	|URU~a1×A|	I	|URU~a1xA|	󲺉	/pcsl/easl/images/o0902345.png
o0981465	n	|URU~a1×AMAR~v2|	I	|URU~a1xAMAR|	𒱤	/pcsl/easl/images/o0902347.png
o0981466		|URU~a1×GU₄|	I	|URU~a1xGU4|	𒱥	/pcsl/easl/images/o0902349.png
o0981467		|URU~a1×HI@g~a|	I	|URU~a1xHI@g~a|	𒱦	/pcsl/easl/images/o0902351.png
o0981469		|URU~a1×NIMGIR|	I	|URU~a1xNIMGIR|	𒱧	/pcsl/easl/images/o0902365.png
o0981470		|URU~a1×U₄|	I	|URU~a1xU4|	𒱨	/pcsl/easl/images/o0902367.png
o0981471	#	|URU~a1×X|	I	|URU~a1xX|	𒱩	/pcsl/easl/images/o0902369.png
o0981472	:	|URU~a1×1(N57)|	I	|URU~a1x1(N57)|	𒱪	/pcsl/easl/images/o0902357.png
o0981473	:	|URU~a1×2(N57)|	I	|URU~a1x2(N57)|	𒱫	/pcsl/easl/images/o0902359.png
o0981475		URU~a1@n	I	|URU~a1@n|	𒱬	/pcsl/easl/images/o0902371.png
o0981476		URU~a2	I	URU~a2	𒱭	/pcsl/easl/images/o0902340.png
o0981477		|URU~a2×1(N58)|	I	|URU~a2x1(N58)|	𒱮	/pcsl/easl/images/o0902363.png
o0981478		|URU~a3×KALAM~a|	I	|URU~a3xKALAM~a|	𒱯	/pcsl/easl/images/o0902353.png
o0981479		URU~b1	I	URU~b1	𒱰	/pcsl/easl/images/o0902341.png
o0981480		URU~b2	I	URU~b2	𒱱	/pcsl/easl/images/o0902342.png
o0981481		URU~c	I	URU~c	𒱲	/pcsl/easl/images/o0902343.png
o0981482		URUDU~a	I	URUDU~a	𒱳,𒱴,𒱵	/pcsl/easl/images/o0902373.png
o0981483		URUDU~c	I	URUDU~c	𒱶	/pcsl/easl/images/o0902376.png
o0981484		URUDU~d	I	URUDU~d	𒱷	/pcsl/easl/images/o0902377.png
o0981485		URUDU@g~a	I	URUDU@g~a	𒱸	/pcsl/easl/images/o0902379.png
o0981486		URUDU@g~b	I	URUDU@g~b	𒱹	/pcsl/easl/images/o0902380.png
o0981487		URUDU@g~c	I	URUDU@g~c	𒱺	/pcsl/easl/images/o0902381.png
o0981488		URUDU@g~d	I	URUDU@g~d	𒱻	/pcsl/easl/images/o0902382.png
o0981489		UŠ~a	I	USZ~a	𒱼;󳃲	/pcsl/easl/images/o0902384.png
o0981490		|UŠ~a&UŠ~a|	I	|USZ~a&USZ~a|	𒱽	/pcsl/easl/images/o0902392.png
o0981491		UŠ~b	I	USZ~b	𒱾,𒲁	/pcsl/easl/images/o0902385.png
o0981492	n	|UŠ~b×TAR~c|	I	|USZ~bxTAR~c|	𒲂,𒱿	/pcsl/easl/images/o0902388.png
o0981493	1-	|UŠ~b×TAR~d|	I	|USZ~bxTAR~d|	󲺕	/pcsl/easl/images/o0902390.png
o0981494		|UŠ~b&UŠ~b|	I	|USZ~b&USZ~b|	𒲀	/pcsl/easl/images/o0902393.png
o0981495	:	UŠUMGAL	I	USZUMGAL	𒲃	/pcsl/easl/images/o0902394.png
o0981496	1-	UŠUR₃~a	I	USZUR3~a	󲫣	/pcsl/easl/images/o0902396.png
o0981497		UŠUR₃~b1	I	USZUR3~b1	𒲄	/pcsl/easl/images/o0902397.png
o0981498		UŠUR₃~b2	I	USZUR3~b2	𒲅	/pcsl/easl/images/o0902398.png
o0981499	!	UTUA~a	I	UTUA~a	𒲆	/pcsl/easl/images/o0902400.png
o0981500	!	UTUA~a@t	I	UTUA~a@t	𒲇	/pcsl/easl/images/o0902404.png
o0981501	!	UTUA~b	I	UTUA~b	𒲈,𒲉	/pcsl/easl/images/o0902401.png
o0981502	!A	UTUL~a	I	UTUL~a	𒲊	/pcsl/easl/images/o0902406.png
o0981503	!A	UTUL~b	I	UTUL~b	𒲋	/pcsl/easl/images/o0902407.png
o0981504	!U	UTUL~c	I	UTUL~c	𒲌	/pcsl/easl/images/o0902408.png
o0981505	!A	UTUL~d	I	UTUL~d	𒲍	/pcsl/easl/images/o0902409.png
o0981506	:++	UZ~a	I	UZ~a	𒲎	-
o0981507		UZU	I	UZU	𒲏	/pcsl/easl/images/o0902412.png
o0981509	n	ZA~v	I	ZA~x	𒲐	/pcsl/easl/images/o0902416.png
o0981510	:	ZABALAM~a	I	ZABALAM~a	𒲑	/pcsl/easl/images/o0902418.png
o0981511	:	ZABALAM~b	I	ZABALAM~b	𒲒	/pcsl/easl/images/o0902419.png
o0981512	1-	ZADIM	I	ZADIM	󲫲	/pcsl/easl/images/o0902420.png
o0981513		ZAG~a	I	ZAG~a	𒲓,𒲔	/pcsl/easl/images/o0902422.png
o0981514		ZAG~b	I	ZAG~b	𒲕	/pcsl/easl/images/o0902424.png
o0981515		ZAG~c	I	ZAG~c	𒲖	/pcsl/easl/images/o0902425.png
o0981516		ZAR~a	I	ZAR~a	𒲗	/pcsl/easl/images/o0902427.png
o0981517		ZAR~b1	I	ZAR~b1	𒲘	/pcsl/easl/images/o0902428.png
o0981518		ZAR~b2	I	ZAR~b2	𒲙	/pcsl/easl/images/o0902429.png
o0981519		ZAR~c	I	ZAR~c	𒲚	/pcsl/easl/images/o0902430.png
o0981526		ZATU620	I	ZATU620	𒲛	/pcsl/easl/images/o0902431.png
o0981527		ZATU621~a	I	ZATU621~a	𒲜	/pcsl/easl/images/o0902433.png
o0981528		ZATU621~b	I	ZATU621~b	𒲝	/pcsl/easl/images/o0902434.png
o0981529		ZATU621~c	I	ZATU621~c	𒲞	/pcsl/easl/images/o0902435.png
o0981530		ZATU621~d	I	ZATU621~d	𒲟	/pcsl/easl/images/o0902436.png
o0981531		ZATU622	I	ZATU622	𒲠	/pcsl/easl/images/o0902437.png
o0981532		ZATU623	I	ZATU623	𒲣,𒲢,𒲡	/pcsl/easl/images/o0902438.png
o0981533		ZATU624~a	I	ZATU624~a	𒲤	/pcsl/easl/images/o0902442.png
o0981534		ZATU624~b	I	ZATU624~b	𒲥	/pcsl/easl/images/o0902443.png
o0981535		ZATU624~c	I	ZATU624~c	𒲦	/pcsl/easl/images/o0902444.png
o0981536		ZATU625	I	ZATU625	𒲧,𒲨	/pcsl/easl/images/o0902445.png
o0981537		ZATU626~a	I	ZATU626~a	𒲩	/pcsl/easl/images/o0902448.png
o0981538		ZATU626~b	I	ZATU626~b	𒲪	/pcsl/easl/images/o0902449.png
o0981539		ZATU626~c	I	ZATU626~c	𒲫	/pcsl/easl/images/o0902450.png
o0981540		ZATU627	I	ZATU627	𒲬	/pcsl/easl/images/o0902451.png
o0981541		ZATU628~a	I	ZATU628~a	𒲭,𒲮	/pcsl/easl/images/o0902453.png
o0981542		ZATU628~b	I	ZATU628~b	𒲯	/pcsl/easl/images/o0902455.png
o0981543		ZATU629	I	ZATU629	𒲰,𒲱	/pcsl/easl/images/o0902456.png
o0981544		ZATU630	I	ZATU630	𒲲	/pcsl/easl/images/o0902458.png
o0981545		ZATU631	I	ZATU631	𒲳	/pcsl/easl/images/o0902459.png
o0981546		ZATU632~a	I	ZATU632~a	𒲴,𒲵	/pcsl/easl/images/o0902461.png
o0981547		ZATU632~b	I	ZATU632~b	𒲶	/pcsl/easl/images/o0902463.png
o0981548		ZATU632~c	I	ZATU632~c	𒲷	/pcsl/easl/images/o0902464.png
o0981549		ZATU633~a	I	ZATU633~a	𒲸	/pcsl/easl/images/o0902466.png
o0981550		ZATU633~b	I	ZATU633~b	𒲹	/pcsl/easl/images/o0902467.png
o0981551		ZATU634	I	ZATU634	𒲺	/pcsl/easl/images/o0902468.png
o0981552		ZATU635	I	ZATU635	𒲻	/pcsl/easl/images/o0902469.png
o0981553		ZATU636	I	ZATU636	𒲼,𒲽	/pcsl/easl/images/o0902470.png
o0981554		ZATU637	I	ZATU637	𒲾	/pcsl/easl/images/o0902472.png
o0981555		ZATU639	I	ZATU639	𒲿	/pcsl/easl/images/o0902473.png
o0981556	#	ZATU640	I	ZATU640	𒳀	/pcsl/easl/images/o0902474.png
o0981557		ZATU641	I	ZATU641	𒳁	/pcsl/easl/images/o0902475.png
o0981558		ZATU642	I	ZATU642	𒳂	/pcsl/easl/images/o0902476.png
o0981559		ZATU643	I	ZATU643	𒳃	/pcsl/easl/images/o0902477.png
o0981560		ZATU644~a	I	ZATU644~a	𒳄	/pcsl/easl/images/o0902479.png
o0981561		|ZATU644~a×1(N14)|	I	|ZATU644~ax1(N14)|	𒳅	/pcsl/easl/images/o0902482.png
o0981562		ZATU644~b	I	ZATU644~b	𒳆	/pcsl/easl/images/o0902480.png
o0981563		ZATU646	I	ZATU646	𒳇	/pcsl/easl/images/o0902483.png
o0981564		ZATU647	I	ZATU647	𒳈,𒳉	/pcsl/easl/images/o0902484.png
o0981565		ZATU648	I	ZATU648	𒳊	/pcsl/easl/images/o0902486.png
o0981566		ZATU649	I	ZATU649	𒳋,𒳌	/pcsl/easl/images/o0902487.png
o0981567	#	ZATU650	I	ZATU650	𒳍	/pcsl/easl/images/o0902489.png
o0981568		ZATU651	I	ZATU651	𒳘,𒳗,𒳎	/pcsl/easl/images/o0902490.png
o0981569		|ZATU651×AN|	I	|ZATU651xAN|	𒳏	/pcsl/easl/images/o0902493.png
o0981570	n	|ZATU651×EN~a~v2|	I	|ZATU651xEN~a|	𒳐	/pcsl/easl/images/o0902495.png
o0981571		|ZATU651×GAR|	I	|ZATU651xGAR|	𒳑	/pcsl/easl/images/o0902496.png
o0981572		|ZATU651×MA|	I	|ZATU651xMA|	𒳒	/pcsl/easl/images/o0902497.png
o0981573		|ZATU651×NUN~a|	I	|ZATU651xNUN~a|	𒳓	/pcsl/easl/images/o0902499.png
o0981575	#	|ZATU651×X|	I	|ZATU651xX|	𒳔	/pcsl/easl/images/o0902502.png
o0981576		|ZATU651×ZAR~c|	I	|ZATU651xZAR~c|	𒳕	/pcsl/easl/images/o0902504.png
o0981574	n	|ZATU651~v2×ŠE~a|	I	|ZATU651xSZE~a|	𒳙	/pcsl/easl/images/o0902501.png
o0981577		ZATU651@g	I	ZATU651@g	𒳖	/pcsl/easl/images/o0902505.png
o0981578		ZATU659	I	ZATU659	𒳚	/pcsl/easl/images/o0902506.png
o0981579		|ZATU659×1(N01)|	I	|ZATU659x1(N01)|	𒳛	/pcsl/easl/images/o0902507.png
o0981580		|ZATU659×1(N14)|	I	|ZATU659x1(N14)|	𒳜	/pcsl/easl/images/o0902508.png
o0981581		|ZATU659×1(N58@t)|	I	|ZATU659x1(N58)@t|	𒳝	/pcsl/easl/images/o0902509.png
o0981583		ZATU662	I	ZATU662	𒳤,𒳠,𒳞,𒳢	/pcsl/easl/images/o0902511.png
o0981584		|ZATU662×1(N14)|	I	|ZATU662x1(N14)|	𒳡,𒳟,𒳣	/pcsl/easl/images/o0902515.png
o0981585		ZATU664	I	ZATU664	𒳥	/pcsl/easl/images/o0902518.png
o0981586		ZATU665	I	ZATU665	𒳦	/pcsl/easl/images/o0902519.png
o0981587		ZATU666	I	ZATU666	𒳧	/pcsl/easl/images/o0902520.png
o0981588		ZATU667	I	ZATU667	𒳨	/pcsl/easl/images/o0902521.png
o0981589		ZATU668	I	ZATU668	𒳩	/pcsl/easl/images/o0902522.png
o0981590		ZATU669	I	ZATU669	𒳪	/pcsl/easl/images/o0902523.png
o0981591	#	ZATU670	I	ZATU670	𒳫	/pcsl/easl/images/o0902524.png
o0981592		ZATU672	I	ZATU672	𒳬	/pcsl/easl/images/o0902525.png
o0981593		ZATU674	I	ZATU674	𒳭	/pcsl/easl/images/o0902526.png
o0981594		ZATU675~a	I	ZATU675~a	𒳮	/pcsl/easl/images/o0902528.png
o0981595		ZATU675~b	I	ZATU675~b	𒳯,𒳰	/pcsl/easl/images/o0902529.png
o0981596		ZATU675~c	I	ZATU675~c	𒳱	/pcsl/easl/images/o0902531.png
o0981597		ZATU675~d	I	ZATU675~d	𒳲	/pcsl/easl/images/o0902532.png
o0981598		ZATU676~a	I	ZATU676~a	𒳳	/pcsl/easl/images/o0902534.png
o0981599		ZATU676~b	I	ZATU676~b	𒳴	/pcsl/easl/images/o0902535.png
o0981600		ZATU677~a	I	ZATU677~a	𒳵	/pcsl/easl/images/o0902537.png
o0981601		ZATU677~b	I	ZATU677~b	𒳶	/pcsl/easl/images/o0902538.png
o0981602		ZATU678	I	ZATU678	𒳷	/pcsl/easl/images/o0902539.png
o0981603		ZATU679	I	ZATU679	𒳸	/pcsl/easl/images/o0902540.png
o0981604		ZATU680~a1	I	ZATU680~a1	𒳹	/pcsl/easl/images/o0902542.png
o0981605		ZATU680~a2	I	ZATU680~a2	𒳺	/pcsl/easl/images/o0902543.png
o0981606		ZATU680~b	I	ZATU680~b	𒳻,𒳼	/pcsl/easl/images/o0902544.png
o0981607		ZATU680~d	I	ZATU680~d	𒳽	/pcsl/easl/images/o0902546.png
o0981608		ZATU680~e	I	ZATU680~e	𒳾	/pcsl/easl/images/o0902547.png
o0981609		ZATU681	I	ZATU681	𒳿	/pcsl/easl/images/o0902548.png
o0981610		ZATU682	I	ZATU682	𒴀	/pcsl/easl/images/o0902549.png
o0981611		ZATU683~a	I	ZATU683~a	𒴁	/pcsl/easl/images/o0902551.png
o0981612		ZATU683~b	I	ZATU683~b	𒴂	/pcsl/easl/images/o0902552.png
o0981613		ZATU683@t	I	|ZATU683@t|	𒴃	/pcsl/easl/images/o0902553.png
o0981614		ZATU684	I	ZATU684	𒴄	/pcsl/easl/images/o0902554.png
o0981615		ZATU685	I	ZATU685	𒴅	/pcsl/easl/images/o0902555.png
o0981616		ZATU686~a	I	ZATU686~a	𒴆	/pcsl/easl/images/o0902557.png
o0981617		ZATU686~b	I	ZATU686~b	𒴇	/pcsl/easl/images/o0902558.png
o0981618		ZATU686~c	I	ZATU686~c	𒴈	/pcsl/easl/images/o0902559.png
o0981619		ZATU687	I	ZATU687	𒴉	/pcsl/easl/images/o0902560.png
o0981620		ZATU688~a	I	ZATU688~a	𒴊	/pcsl/easl/images/o0902562.png
o0981621		ZATU688~b	I	ZATU688~b	𒴋	/pcsl/easl/images/o0902563.png
o0981622		ZATU689	I	ZATU689	𒴌	/pcsl/easl/images/o0902564.png
o0981623		ZATU690	I	ZATU690	𒴍	/pcsl/easl/images/o0902565.png
o0981624		ZATU691	I	ZATU691	𒴎	/pcsl/easl/images/o0902566.png
o0981625		ZATU692	I	ZATU692	𒴏	/pcsl/easl/images/o0902567.png
o0981626		ZATU693	I	ZATU693	𒴐,𒴒,𒴓	/pcsl/easl/images/o0902568.png
o0981627		ZATU693@t	I	ZATU693@t	𒴑	/pcsl/easl/images/o0902571.png
o0981628		ZATU694~a	I	ZATU694~a	𒴔	/pcsl/easl/images/o0902573.png
o0981629		ZATU694~b	I	ZATU694~b	𒴕	/pcsl/easl/images/o0902574.png
o0981630		ZATU694~c	I	ZATU694~c	𒴖,𒴗	/pcsl/easl/images/o0902575.png
o0981631		ZATU694~d	I	ZATU694~d	𒴘	/pcsl/easl/images/o0902577.png
o0981632		ZATU694~d@t	I	ZATU694~d@t	𒴙	/pcsl/easl/images/o0902580.png
o0981634		ZATU695	I	ZATU695	𒴚	/pcsl/easl/images/o0902581.png
o0981635		ZATU696	I	ZATU696	𒴛	/pcsl/easl/images/o0902582.png
o0981636		ZATU697~a	I	ZATU697~a	𒴜,𒴝,𒴞,𒴟	/pcsl/easl/images/o0902584.png
o0981637		ZATU697~b	I	ZATU697~b	𒴠	/pcsl/easl/images/o0902588.png
o0981638		ZATU697~c	I	ZATU697~c	𒴡	/pcsl/easl/images/o0902589.png
o0981639		ZATU699~a	I	ZATU699~a	𒴢	/pcsl/easl/images/o0902591.png
o0981640		ZATU699~b	I	ZATU699~b	𒴣	/pcsl/easl/images/o0902592.png
o0981641		ZATU700	I	ZATU700	𒴤	/pcsl/easl/images/o0902593.png
o0981642		ZATU701	I	ZATU701	𒴥	/pcsl/easl/images/o0902594.png
o0981643		ZATU702	I	ZATU702	𒴦	/pcsl/easl/images/o0902595.png
o0981644		ZATU703	I	ZATU703	𒴧	/pcsl/easl/images/o0902596.png
o0981645	#	ZATU704	I	ZATU704	𒴨	/pcsl/easl/images/o0902597.png
o0981646		ZATU705	I	ZATU705	𒴩	/pcsl/easl/images/o0902598.png
o0981647		ZATU706	I	ZATU706	𒴪	/pcsl/easl/images/o0902599.png
o0981648		ZATU707~a	I	ZATU707~a	𒴫	/pcsl/easl/images/o0902601.png
o0981649		ZATU707~b	I	ZATU707~b	𒴬	/pcsl/easl/images/o0902602.png
o0981650		ZATU708	I	ZATU708	𒴭	/pcsl/easl/images/o0902603.png
o0981651		ZATU709	I	ZATU709	𒴮	/pcsl/easl/images/o0902604.png
o0981652		ZATU710	I	ZATU710	𒴯,𒴰	/pcsl/easl/images/o0902605.png
o0981653		ZATU711	I	ZATU711	𒴲,𒴱	/pcsl/easl/images/o0902607.png
o0981654	n	|ZATU711~v1×HI@g~a|	I	|ZATU711xHI@g~a|	𒴳	/pcsl/easl/images/o0902610.png
o0981655	n#	|ZATU711~v1×X|	I	|ZATU711xX|	𒴴	/pcsl/easl/images/o0902611.png
o0981656		ZATU713	I	ZATU713	𒴵	/pcsl/easl/images/o0902612.png
o0981657		ZATU714	I	ZATU714	𒴶	/pcsl/easl/images/o0902613.png
o0981658	.	|ZATU714.RU|	I	|ZATU714.RU|	𒴷	/pcsl/easl/images/o0902614.png
o0981659		|ZATU714×HI@g~a|	I	|ZATU714xHI@g~a|	𒴸	/pcsl/easl/images/o0902616.png
o0981660	#	|ZATU714×X|	I	|ZATU714xX|	𒴹	/pcsl/easl/images/o0902617.png
o0981661		ZATU717	I	ZATU717	𒴺	/pcsl/easl/images/o0902618.png
o0981662		ZATU718	I	ZATU718	𒴻	/pcsl/easl/images/o0902619.png
o0981663		ZATU719	I	ZATU719	𒴼	/pcsl/easl/images/o0902620.png
o0981664		ZATU720	I	ZATU720	𒴽	/pcsl/easl/images/o0902621.png
o0981665		ZATU721	I	ZATU721	𒴾	/pcsl/easl/images/o0902622.png
o0981666		ZATU722	I	ZATU722	𒴿	/pcsl/easl/images/o0902623.png
o0981667		ZATU723	I	ZATU723	𒵀	/pcsl/easl/images/o0902624.png
o0981668	#	ZATU724	I	ZATU724	𒵁	/pcsl/easl/images/o0902625.png
o0981669		ZATU725	I	ZATU725	𒵂,𒵃	/pcsl/easl/images/o0902626.png
o0981670		ZATU726~a	I	ZATU726~a	𒵄	/pcsl/easl/images/o0902629.png
o0981671		ZATU726~c	I	ZATU726~c	𒵅	/pcsl/easl/images/o0902630.png
o0981672		ZATU726~d	I	ZATU726~d	𒵆	/pcsl/easl/images/o0902631.png
o0981673		ZATU727	I	ZATU727	𒵇	/pcsl/easl/images/o0902632.png
o0981674		ZATU728	I	ZATU728	𒵈	/pcsl/easl/images/o0902633.png
o0981675		ZATU729	I	ZATU729	𒵉,𒵊	/pcsl/easl/images/o0902634.png
o0981676		ZATU730	I	ZATU730	𒵋	/pcsl/easl/images/o0902636.png
o0981677		ZATU732	I	ZATU732	𒵌	/pcsl/easl/images/o0902637.png
o0981678	#	ZATU733	I	ZATU733	𒵍	/pcsl/easl/images/o0902638.png
o0981679		ZATU734	I	ZATU734	𒵎	/pcsl/easl/images/o0902639.png
o0981680		ZATU735~a	I	ZATU735~a	𒵏	/pcsl/easl/images/o0902641.png
o0981681		ZATU735~b	I	ZATU735~b	𒵑,𒵒,𒵐	/pcsl/easl/images/o0902642.png
o0981682		ZATU735~c	I	ZATU735~c	𒵓	/pcsl/easl/images/o0902645.png
o0981683		ZATU736~a	I	ZATU736~a	𒵔	/pcsl/easl/images/o0902647.png
o0981684		ZATU736~b	I	ZATU736~b	𒵕	/pcsl/easl/images/o0902648.png
o0981685		ZATU737	I	ZATU737	𒵖,𒵤,𒵧	/pcsl/easl/images/o0902649.png
o0981686		|ZATU737×AB~a|	I	|ZATU737xAB~a|	𒵗	/pcsl/easl/images/o0902653.png
o0981687		|ZATU737×BU~a|	I	|ZATU737xBU~a|	𒵘	/pcsl/easl/images/o0902655.png
o0981688		|ZATU737×BUR~a|	I	|ZATU737xBUR~a|	𒵙	/pcsl/easl/images/o0902657.png
o0981689		|ZATU737×DI|	I	|ZATU737xDI|	𒵚,𒵨	/pcsl/easl/images/o0902658.png
o0981690		|ZATU737×E~a|	I	|ZATU737xE~a|	𒵛	/pcsl/easl/images/o0902661.png
o0981691	n	|ZATU737×EN~a~v2|	I	|ZATU737xEN~a|	𒵜	/pcsl/easl/images/o0902663.png
o0981693		|ZATU737×GAR|	I	|ZATU737xGAR|	𒵝,𒵦	/pcsl/easl/images/o0902665.png
o0981695		|ZATU737×NI~a@g|	I	|ZATU737xNI~a@g|	𒵞	/pcsl/easl/images/o0902669.png
o0981696		|ZATU737×NIMGIR|	I	|ZATU737xNIMGIR|	𒵟	/pcsl/easl/images/o0902670.png
o0981698		|ZATU737×SU~a|	I	|ZATU737xSU~a|	𒵠	/pcsl/easl/images/o0902673.png
o0981699		|ZATU737×ŠE~a|	I	|ZATU737xSZE~a|	𒵡	/pcsl/easl/images/o0902675.png
o0981700		|ZATU737×ŠITA~a1|	I	|ZATU737xSZITA~a1|	𒵢	/pcsl/easl/images/o0902677.png
o0981701	1-	|ZATU737×ŠITA~b1@g|	I	|ZATU737xSZITA@g~a|	󲺺	/pcsl/easl/images/o0902679.png
o0981703	n	|ZATU737×UNUG~a~v1|	I	|ZATU737xUNUG~a|	𒵣	/pcsl/easl/images/o0902682.png
o0981692	n	|ZATU737~v1×EN~b~v1|	I	|ZATU737xEN~b|	𒵥	/pcsl/easl/images/o0902664.png
o0981704	n#	|ZATU737~v2×X|	I	|ZATU737xX|	𒵩	/pcsl/easl/images/o0902683.png
o0981697	n	|ZATU737~v3×SAL|	I	|ZATU737xSAL|	𒵪	/pcsl/easl/images/o0902671.png
o0981702	n	|ZATU737~v3×U₄|	I	|ZATU737xU4|	𒵫	/pcsl/easl/images/o0902680.png
o0981706		ZATU749~a	I	ZATU749~a	𒵬,𒵭,𒵮	/pcsl/easl/images/o0902687.png
o0981707		ZATU749~b	I	ZATU749~b	𒵯	/pcsl/easl/images/o0902690.png
o0981708		ZATU749~c	I	ZATU749~c	𒵰	/pcsl/easl/images/o0902691.png
o0981709		ZATU750	I	ZATU750	𒵱,𒵲,𒵳,𒵴	/pcsl/easl/images/o0902692.png
o0981710		ZATU751~a	I	ZATU751~a	𒵵;󳂪	/pcsl/easl/images/o0902697.png
o0981711		ZATU751~b	I	ZATU751~b	𒵶	/pcsl/easl/images/o0902698.png
o0981712		ZATU751~c	I	ZATU751~c	󳀏	-
o0981713		ZATU752	I	ZATU752	𒵷,𒵸	/pcsl/easl/images/o0902699.png
o0981714		ZATU753	I	ZATU753	𒵹	/pcsl/easl/images/o0902701.png
o0981715		ZATU754	I	ZATU754	𒵺	/pcsl/easl/images/o0902702.png
o0981716		ZATU755~a	I	ZATU755~a	𒵻	/pcsl/easl/images/o0902704.png
o0981717		ZATU755~b	I	ZATU755~b	𒵼	/pcsl/easl/images/o0902705.png
o0981718		ZATU756	I	ZATU756	𒵽,𒵾	/pcsl/easl/images/o0902706.png
o0981719		ZATU757	I	ZATU757	𒵿,𒶀	/pcsl/easl/images/o0902708.png
o0981720		ZATU758	I	ZATU758	𒶁	/pcsl/easl/images/o0902710.png
o0981721		ZATU759	I	ZATU759	𒶈,𒶂	/pcsl/easl/images/o0902711.png
o0981722		|ZATU759×KU₆~a|	I	|ZATU759xKU6~a|	𒶃	/pcsl/easl/images/o0902714.png
o0981723		|ZATU759×(KU₆~a+KU₆~a)|	I	|ZATU759x(KU6~a+KU6~a)|	𒶄	/pcsl/easl/images/o0902717.png
o0981724		|ZATU759×KU₆~d|	I	|ZATU759xKU6~d|	𒶅	/pcsl/easl/images/o0902715.png
o0981725	#	|ZATU759×X|	I	|ZATU759xX|	𒶆	/pcsl/easl/images/o0902718.png
o0981726	#	|ZATU759@t×X|	I	|ZATU759@txX|	𒶇	/pcsl/easl/images/o0902719.png
o0981727		ZATU761	I	ZATU761	𒶉	/pcsl/easl/images/o0902720.png
o0981728		ZATU762~a	I	ZATU762~a	𒶍,𒶌,𒶊	/pcsl/easl/images/o0902722.png
o0981729		|ZATU762~a×NIM~a|	I	|ZATU762~axNIM~a|	𒶋	/pcsl/easl/images/o0902729.png
o0981730		ZATU762~b	I	ZATU762~b	𒶎	/pcsl/easl/images/o0902725.png
o0981731		|ZATU762~b×AB~a|	I	|ZATU762~bxAB~a|	𒶏	/pcsl/easl/images/o0902727.png
o0981732		ZATU764	I	ZATU764	𒶐	/pcsl/easl/images/o0902730.png
o0981733		ZATU765	I	ZATU765	𒶑	/pcsl/easl/images/o0902731.png
o0981734		ZATU766	I	ZATU766	𒶒	/pcsl/easl/images/o0902732.png
o0981735		ZATU767	I	ZATU767	𒶓	/pcsl/easl/images/o0902733.png
o0981736	#	ZATU768	I	ZATU768	𒶔	/pcsl/easl/images/o0902734.png
o0981737	#	ZATU769	I	ZATU769	𒶕	/pcsl/easl/images/o0902735.png
o0981738	#	ZATU771	I	ZATU771	𒶖	/pcsl/easl/images/o0902736.png
o0981739		ZATU772	I	ZATU772	𒶗	/pcsl/easl/images/o0902737.png
o0981740		ZATU773~a	I	ZATU773~a	𒶘,𒶙	/pcsl/easl/images/o0902739.png
o0981741		ZATU773~b	I	ZATU773~b	𒶚	/pcsl/easl/images/o0902741.png
o0981742		ZATU774	I	ZATU774	𒶛	/pcsl/easl/images/o0902742.png
o0981743		ZATU775	I	ZATU775	𒶜	/pcsl/easl/images/o0902743.png
o0981744		ZATU776	I	ZATU776	𒶞,𒶝	/pcsl/easl/images/o0902744.png
o0981745		ZATU777	I	ZATU777	𒶟,𒶠,𒶡	/pcsl/easl/images/o0902746.png
o0981746		ZATU778	I	ZATU778	𒶢	/pcsl/easl/images/o0902749.png
o0981747		ZATU779	I	ZATU779	𒶣	/pcsl/easl/images/o0902750.png
o0981748		ZATU780	I	ZATU780	𒶤	/pcsl/easl/images/o0902751.png
o0981749		ZATU781	I	ZATU781	𒶥	/pcsl/easl/images/o0902752.png
o0981750		ZATU782	I	ZATU782	𒶦	/pcsl/easl/images/o0902753.png
o0981751		ZATU783	I	ZATU783	𒶧	/pcsl/easl/images/o0902754.png
o0981752		ZATU784	I	ZATU784	𒶨	/pcsl/easl/images/o0902755.png
o0981753	#	ZATU785	I	ZATU785	𒶩	/pcsl/easl/images/o0902756.png
o0981754		ZATU786	I	ZATU786	𒶪	/pcsl/easl/images/o0902757.png
o0981755		ZATU787	I	ZATU787	𒶫	/pcsl/easl/images/o0902758.png
o0981756		ZATU788	I	ZATU788	𒶬	/pcsl/easl/images/o0902759.png
o0981757		ZATU789	I	ZATU789	𒶭	/pcsl/easl/images/o0902760.png
o0981758		ZATU791	I	ZATU791	𒶮	/pcsl/easl/images/o0902761.png
o0981759		ZATU792	I	ZATU792	𒶯	/pcsl/easl/images/o0902762.png
o0981760		ZATU795	I	ZATU795	𒶰	/pcsl/easl/images/o0902763.png
o0981761		ZATU797	I	ZATU797	𒶱	/pcsl/easl/images/o0902764.png
o0981762		ZATU798	I	ZATU798	𒶲	/pcsl/easl/images/o0902765.png
o0981763		ZATU799	I	ZATU799	𒶳	/pcsl/easl/images/o0902766.png
o0981764		ZATU800	I	ZATU800	𒶴	/pcsl/easl/images/o0902767.png
o0981765		ZATU801	I	ZATU801	𒶵	/pcsl/easl/images/o0902768.png
o0981766		ZATU802	I	ZATU802	𒶶	/pcsl/easl/images/o0902769.png
o0981768		ZATU803	I	ZATU803	𒶷	/pcsl/easl/images/o0902771.png
o0981769		ZATU804	I	ZATU804	𒶸	/pcsl/easl/images/o0902772.png
o0981770		ZATU805	I	ZATU805	𒶹	/pcsl/easl/images/o0902773.png
o0981771		ZATU806	I	ZATU806	𒶺	/pcsl/easl/images/o0902774.png
o0981772		ZATU807	I	ZATU807	𒶻	/pcsl/easl/images/o0902775.png
o0981773		ZATU808	I	ZATU808	𒶼	/pcsl/easl/images/o0902776.png
o0981774		ZATU809	I	ZATU809	𒶽	/pcsl/easl/images/o0902777.png
o0981775		ZATU810	I	ZATU810	𒶾	/pcsl/easl/images/o0902778.png
o0981776		ZATU811	I	ZATU811	𒶿	/pcsl/easl/images/o0902779.png
o0981777		ZATU812	I	ZATU812	𒷀	/pcsl/easl/images/o0902780.png
o0981778		ZATU813	I	ZATU813	𒷁	/pcsl/easl/images/o0902781.png
o0981779		ZATU814	I	ZATU814	𒷂	/pcsl/easl/images/o0902782.png
o0981780		ZATU815	I	ZATU815	𒷃	/pcsl/easl/images/o0902783.png
o0981781	#	ZATU817	I	ZATU817	𒷄	/pcsl/easl/images/o0902784.png
o0981782	#	ZATU818	I	ZATU818	𒷅	/pcsl/easl/images/o0902785.png
o0981783		ZATU819	I	ZATU819	𒷆	/pcsl/easl/images/o0902786.png
o0981784		ZATU820	I	ZATU820	𒷇	/pcsl/easl/images/o0902787.png
o0981785		ZATU821	I	ZATU821	𒷈	/pcsl/easl/images/o0902788.png
o0981786		ZATU822	I	ZATU822	𒷉	/pcsl/easl/images/o0902789.png
o0981787		ZATU823	I	ZATU823	𒷊	/pcsl/easl/images/o0902790.png
o0981788		ZATU824	I	ZATU824	𒷋	/pcsl/easl/images/o0902791.png
o0981789		ZATU825	I	ZATU825	𒷌	/pcsl/easl/images/o0902792.png
o0981790		ZATU826	I	ZATU826	𒷍	/pcsl/easl/images/o0902793.png
o0981791		ZATU829	I	ZATU829	𒷎	/pcsl/easl/images/o0902794.png
o0981792		ZATU831	I	ZATU831	𒷏	/pcsl/easl/images/o0902795.png
o0981793		ZATU831@g	I	|ZATU831@g|	𒷐	/pcsl/easl/images/o0902796.png
o0981794		ZATU832	I	ZATU832	𒷑	/pcsl/easl/images/o0902797.png
o0981795		ZATU833	I	ZATU833	𒷒	/pcsl/easl/images/o0902798.png
o0981796		ZATU834	I	ZATU834	𒷓	/pcsl/easl/images/o0902799.png
o0981797		ZATU835	I	ZATU835	𒷔	/pcsl/easl/images/o0902800.png
o0981798		ZATU836	I	ZATU836	𒷕	/pcsl/easl/images/o0902801.png
o0981799		ZATU837~a	I	ZATU837~a	𒷖	/pcsl/easl/images/o0902803.png
o0981800		ZATU837~b	I	ZATU837~b	𒷗	/pcsl/easl/images/o0902804.png
o0981801		ZATU838	I	ZATU838	𒷘	/pcsl/easl/images/o0902805.png
o0981802		ZATU839	I	ZATU839	𒷙,𒷚	/pcsl/easl/images/o0902806.png
o0981803		ZATU840	I	ZATU840	𒷛	/pcsl/easl/images/o0902808.png
o0981804		ZATU841	I	ZATU841	𒷜	/pcsl/easl/images/o0902809.png
o0981805		ZATU842	I	ZATU842	𒷝	/pcsl/easl/images/o0902810.png
o0981806		ZATU843	I	ZATU843	𒷞	/pcsl/easl/images/o0902811.png
o0981807		ZATU844	I	ZATU844	𒷟	/pcsl/easl/images/o0902812.png
o0981808		ZATU845	I	ZATU845	𒷠	/pcsl/easl/images/o0902813.png
o0981809		ZATU846	I	ZATU846	𒷡	/pcsl/easl/images/o0902814.png
o0981810		ZATU847	I	ZATU847	𒷢	/pcsl/easl/images/o0902815.png
o0981811		ZATU848	I	ZATU848	𒷣	/pcsl/easl/images/o0902816.png
o0981812		ZATU849	I	ZATU849	𒷤	/pcsl/easl/images/o0902817.png
o0981813		ZATU850	I	ZATU850	𒷥	/pcsl/easl/images/o0902818.png
o0981814		ZATU851	I	ZATU851	𒷦	/pcsl/easl/images/o0902819.png
o0981815		ZATU852	I	ZATU852	𒷧	/pcsl/easl/images/o0902820.png
o0981816		ZATU853	I	ZATU853	𒷨	/pcsl/easl/images/o0902821.png
o0981817		ZATU854	I	ZATU854	𒷩	/pcsl/easl/images/o0902822.png
o0981818		ZATU855	I	ZATU855	𒷪	/pcsl/easl/images/o0902823.png
o0981520		ZI~a	I	ZI~a	𒷫,𒷬	/pcsl/easl/images/o0902829.png
o0981521		ZI~b	I	ZI~b	𒷭	/pcsl/easl/images/o0902831.png
o0981522		ZI~d	I	ZI~d	𒷮	/pcsl/easl/images/o0902832.png
o0981523	1-	|(ZU&ZU).SAR~a|	I	|(ZU&ZU).SAR~a|	󲻆	/pcsl/easl/images/o0902836.png
o0981524	!U	ZUBI~a	I	ZUBI~a	𒷯	/pcsl/easl/images/o0902838.png
o0981525	!A	ZUBI~b	I	ZUBI~b	𒷰	/pcsl/easl/images/o0902839.png
