EASL0001	o0980000		A	I	A	𒚐;󳃹	/pcsl/easl/images/o0900000.png
EASL0002	o0980001		|A×AB₂|	I	|AxAB2|	𒚑	/pcsl/easl/images/o0900001.png
EASL0003	o0980002	1-	|A×AN|	I	|AxAN|	󲱇	/pcsl/easl/images/o0900002.png
EASL0004	o0980003	n	|A×EN~a~v2|	I	|AxEN~a|	𒚒	/pcsl/easl/images/o0900004.png
EASL0005	o0980004		|A×ŠUBUR|	I	|AxSZUBUR|	𒚓	/pcsl/easl/images/o0900006.png
EASL0006	o0980005		|A×ZATU672|	I	|AxZATU672|	𒚔	/pcsl/easl/images/o0900007.png
EASL0007	o0980006		|A×1(N14)|	I	|Ax1(N14)|	𒚕	/pcsl/easl/images/o0900005.png
EASL0008	o0980007	1-	A@g	I	A@g	󲛩	/pcsl/easl/images/o0900008.png
EASL0009	o0980008		A@t	I	A@t	𒚖	/pcsl/easl/images/o0900009.png
EASL0010	o0980009		A₂	I	A2	𒚗	/pcsl/easl/images/o0900010.png
EASL0011	o0980010		AB~a	I	AB~a	𒚢,𒚘	/pcsl/easl/images/o0900012.png
EASL0012	o0980011		|AB~a×A@t|	I	|AB~axA@t|	𒚙;󳃱	/pcsl/easl/images/o0900018.png
EASL0013	o0980012		|AB~a×AŠ₂|	I	|AB~axASZ2|	𒚚	/pcsl/easl/images/o0900020.png
EASL0014	o0980013		|AB~a×KU₆~a|	I	|AB~axKU6~a|	𒚛	/pcsl/easl/images/o0900022.png
EASL0015	o0980014		|AB~a×SUKKAL|	I	|AB~axSUKKAL|	𒚜	/pcsl/easl/images/o0900029.png
EASL0016	o0980015	c	|AB~a×(ŠE~a&ŠE~a)|	I	|AB~ax(SZE~a&SZE~a)|	𒚝	/pcsl/easl/images/o0900033.png
EASL0017	o0980016	#	|AB~a×X|	I	|AB~axX|	𒚞	/pcsl/easl/images/o0900035.png
EASL0018	o0980017		|AB~a×ZATU659|	I	|AB~axZATU659|	𒚟	/pcsl/easl/images/o0900038.png
EASL0019	o0980018		|AB~a×1(N01)|	I	|AB~ax1(N01)|	𒚠	/pcsl/easl/images/o0900025.png
EASL0020	o0980020		AB~a@g	I	AB~a@g	𒚡	/pcsl/easl/images/o0900040.png
EASL0021	o0980021		AB~b	I	AB~b	𒚣	/pcsl/easl/images/o0900014.png
EASL0022	o0980022		|AB~b×A|	I	|AB~bxA|	𒚤	/pcsl/easl/images/o0900016.png
EASL0023	o0980023		|AB~b×KU₆~a|	I	|AB~bxKU6~a|	𒚥	/pcsl/easl/images/o0900023.png
EASL0024	o0980024		|AB~b×ŠA₃~a1|	I	|AB~bxSZA3~a1|	𒚦	/pcsl/easl/images/o0900031.png
EASL0025	o0980025		AB₂	I	AB2	𒚧,𒚩;󳃵	/pcsl/easl/images/o0900041.png
EASL0026	o0980026		|AB₂×2(N14)|	I	|AB2x2(N14)|	𒚪,𒚨	/pcsl/easl/images/o0900043.png
EASL0027	o0980027	++	AB₂@g	I	-	󳀪	/pcsl/images/add/thumb/AB2@g.png
EASL0028	o0980028	:	ABGAL	I	ABGAL	𒚫,𒚬	/pcsl/easl/images/o0900047.png
EASL0029	o0980029	:	ABRIG	I	ABRIG	𒚭	/pcsl/easl/images/o0900049.png
EASL0030	o0980030		ABZU	I	ABZU	𒚮	/pcsl/easl/images/o0900050.png
EASL0031	o0980031		AD~a	I	AD~a	𒚯	/pcsl/easl/images/o0900053.png
EASL0032	o0980032		AD~b	I	AD~b	𒚰	/pcsl/easl/images/o0900054.png
EASL0033	o0980033		AD~c	I	AD~c	𒚱	/pcsl/easl/images/o0900055.png
EASL0034	o0980034	!D	ADAB	I	ADAB	𒚲;󳁧	/pcsl/easl/images/o0900056.png
EASL0035	o0980035		ADDA	I	ADDA	𒚳	/pcsl/easl/images/o0900058.png
EASL0036	o0980036		ADDA@t	I	ADDA@t	𒚴	/pcsl/easl/images/o0900059.png
EASL0037	o0980037		AGAR₂	I	AGAR2	𒚵	/pcsl/easl/images/o0900060.png
EASL0038	o0980038		AK~a	I	AK~a	𒚶	/pcsl/easl/images/o0900062.png
EASL0039	o0980039		AK~b	I	AK~b	𒚷	/pcsl/easl/images/o0900063.png
EASL0040	o0980040		AL	I	AL	𒚸	/pcsl/easl/images/o0900064.png
EASL0041	o0980041		ALAN~a	I	ALAN~a	𒚹	/pcsl/easl/images/o0900066.png
EASL0042	o0980042		ALAN~b	I	ALAN~b	𒚺	/pcsl/easl/images/o0900067.png
EASL0043	o0980043		ALAN~c	I	ALAN~c	𒚻	/pcsl/easl/images/o0900068.png
EASL0044	o0980044		ALAN~d	I	ALAN~d	𒚼	/pcsl/easl/images/o0900069.png
EASL0045	o0980045		ALAN~e	I	ALAN~e	𒚽	/pcsl/easl/images/o0900070.png
EASL0046	o0980046	1-	ALAN~f	I	ALAN~f	󲜄	/pcsl/easl/images/o0900071.png
EASL0047	o0980047		ALIM	I	ALIM	𒚾	/pcsl/easl/images/o0900072.png
EASL0048	o0980048		AM~a	I	AM~a	𒚿	/pcsl/easl/images/o0900074.png
EASL0049	o0980049		AM~b	I	AM~b	𒛀	/pcsl/easl/images/o0900075.png
EASL0050	o0980050		AMA~a	I	AMA~a	𒛁,𒛃	/pcsl/easl/images/o0900077.png
EASL0051	o0980051		|AMA~a×E₂~a|	I	|AMA~axE2~a|	𒛂	/pcsl/easl/images/o0900081.png
EASL0052	o0980052		AMA~b	I	AMA~b	𒛄	/pcsl/easl/images/o0900079.png
EASL0053	o0980053		AMAR	I	AMAR	𒛊,𒛅,𒛉	/pcsl/easl/images/o0900082.png
EASL0054	o0980054	.	|AMAR.1(N02)|	I	|AMAR.1(N02)|	𒛆	/pcsl/easl/images/o0900085.png
EASL0055	o0980056		|AMAR&AMAR|	I	|AMAR&AMAR|	𒛇	/pcsl/easl/images/o0900087.png
EASL0056	o0980055	n	|AMAR~v2×TAR~c|	I	|AMARxTAR|	𒛋	/pcsl/easl/images/o0900086.png
EASL0057	o0980057	#	AMAR@g	I	|AMAR@g|	𒛈	/pcsl/easl/images/o0900088.png
EASL0058	o0980058		AN	I	AN	𒛍,󲜐,𒛌	/pcsl/easl/images/o0900089.png
EASL0059	o0980059		ANŠE~a	I	ANSZE~a	𒛎	/pcsl/easl/images/o0900093.png
EASL0060	o0980060		ANŠE~b	I	ANSZE~b	𒛏	/pcsl/easl/images/o0900094.png
EASL0061	o0980061		ANŠE~c	I	ANSZE~c	𒛐	/pcsl/easl/images/o0900095.png
EASL0062	o0980062		ANŠE~e	I	ANSZE~e	𒛑	/pcsl/easl/images/o0900096.png
EASL0063	o0980064	1-.	ANZU₂	I	ANZU2	󲜖	/pcsl/easl/images/o0900098.png
EASL0064	o0980065		APIN~a	I	APIN~a	𒛒	/pcsl/easl/images/o0900100.png
EASL0065	o0980066	.	|APIN~a.APIN~a|	I	|APIN~a.APIN~a|	𒛓	/pcsl/easl/images/o0900104.png
EASL0066	o0980067		APIN~b	I	APIN~b	𒛔	/pcsl/easl/images/o0900101.png
EASL0067	o0980068		APIN~c	I	APIN~c	𒛕	/pcsl/easl/images/o0900102.png
EASL0068	o0980069	!D	ARARMA₂~a	I	ARARMA2~a	𒛗,𒛖	/pcsl/easl/images/o0900106.png
EASL0069	o0980070	:	ARARMA₂~b	I	ARARMA2~b	𒛘	/pcsl/easl/images/o0900108.png
EASL0070	o0980071	:	ARATTA	I	ARATTA	𒛙	/pcsl/easl/images/o0900109.png
EASL0071	o0980072	1-	ASAL₂	I	ASAL2	󲜞	/pcsl/easl/images/o0900110.png
EASL0072	o0980073	!C	ASAR	I	ASAR	𒛚	/pcsl/easl/images/o0900111.png
EASL0073	o0980074		AŠ₂	I	ASZ2	𒛛	/pcsl/easl/images/o0900112.png
EASL0074	o0980075	!	AZ	I	AZ	𒛜	/pcsl/easl/images/o0900113.png
EASL0075	o0980076		AZU	I	AZU	𒛝	/pcsl/easl/images/o0900114.png
EASL0076	o0980077		BA	I	BA	𒛞	/pcsl/easl/images/o0900115.png
EASL0077	o0980078		BAD	I	BAD	𒛟	/pcsl/easl/images/o0900116.png
EASL0078	o0980079		|BAD&BAD|	I	|BAD&BAD|	𒛠	/pcsl/easl/images/o0900117.png
EASL0079	o0980080		BAD₃~a	I	BAD3~a	𒛡	/pcsl/easl/images/o0900119.png
EASL0080	o0980081		BAD₃~b1	I	BAD3~b1	𒛢	/pcsl/easl/images/o0900121.png
EASL0081	o0980082		BAD₃~b2	I	BAD3~b2	𒛣	/pcsl/easl/images/o0900122.png
EASL0082	o0980083		BAHAR₂~a	I	BAHAR2~a	𒛤,𒛥	/pcsl/easl/images/o0900124.png
EASL0083	o0980084		BAHAR₂~b	I	BAHAR2~b	𒛦,𒛧	/pcsl/easl/images/o0900126.png
EASL0084	o0980085		BAHAR₂~c	I	BAHAR2~c	𒛨	/pcsl/easl/images/o0900128.png
EASL0085	o0980086		BALA~a	I	BALA~a	𒛩	/pcsl/easl/images/o0900130.png
EASL0086	o0980087		BALA~b	I	BALA~b	𒛪,𒛫	/pcsl/easl/images/o0900131.png
EASL0087	o0980088		BALAG	I	BALAG	𒛬,𒛭	/pcsl/easl/images/o0900133.png
EASL0088	o0980089		BAN~a	I	BAN~a	𒛮,𒛯,𒛰	/pcsl/easl/images/o0900136.png
EASL0089	o0980090		BAN~b	I	BAN~b	𒛱	/pcsl/easl/images/o0900139.png
EASL0090	o0980091		BANŠUR~a	I	BANSZUR~a	𒛲	/pcsl/easl/images/o0900141.png
EASL0091	o0980092		BANŠUR~a@t	I	BANSZUR~a@t	𒛳	/pcsl/easl/images/o0900146.png
EASL0092	o0980093		BANŠUR~b1	I	BANSZUR~b1	𒛴	/pcsl/easl/images/o0900142.png
EASL0093	o0980094		BANŠUR~b2	I	BANSZUR~b2	𒛵	/pcsl/easl/images/o0900143.png
EASL0094	o0980095		BANŠUR~c	I	BANSZUR~c	𒛶	/pcsl/easl/images/o0900144.png
EASL0095	o0980096	!U	BAPPIR~a	I	BAPPIR~a	𒛷	/pcsl/easl/images/o0900148.png
EASL0096	o0980097	!U	BAPPIR~b	I	BAPPIR~b	𒛸	/pcsl/easl/images/o0900149.png
EASL0097	o0980098	!U	BAPPIR~c	I	BAPPIR~c	𒛹	/pcsl/easl/images/o0900150.png
EASL0098	o0980099	!U	BAPPIR~d	I	BAPPIR~d	𒛺	/pcsl/easl/images/o0900151.png
EASL0099	o0980100	!U	BAPPIR~e	I	BAPPIR~e	𒛻	/pcsl/easl/images/o0900152.png
EASL0100	o0980101	!U	BAPPIR~f	I	BAPPIR~f	𒛼	/pcsl/easl/images/o0900153.png
EASL0101	o0980102		BAR	I	BAR	𒛽	/pcsl/easl/images/o0900154.png
EASL0102	o0980105		BARA₂~a	I	BARA2~a	𒛾,𒛿	/pcsl/easl/images/o0900158.png
EASL0103	o0980106		BARA₂~b	I	BARA2~b	𒜀,𒜁	/pcsl/easl/images/o0900160.png
EASL0104	o0980107		BARA₃	I	BARA3	𒜂	/pcsl/easl/images/o0900162.png
EASL0105	o0980108	1-	BAU405	I	|UET2.405|	󲪥	/pcsl/easl/images/o0900163.png
EASL0106	o0980109		BIR~a	I	BIR~a	𒜃	/pcsl/easl/images/o0900165.png
EASL0107	o0980110		BIR~b	I	BIR~b	𒜄	/pcsl/easl/images/o0900166.png
EASL0108	o0980111		BIR~c	I	BIR~c	𒜅	/pcsl/easl/images/o0900167.png
EASL0109	o0980112		BIR₃~a	I	BIR3~a	𒜇,𒜆	/pcsl/easl/images/o0900169.png
EASL0110	o0980113		BIR₃~b	I	BIR3~b	𒜉,𒜈	/pcsl/easl/images/o0900171.png
EASL0111	o0980114		BIR₃~c	I	BIR3~c	𒜊	/pcsl/easl/images/o0900173.png
EASL0112	o0980115		BU~a	I	BU~a	𒜓,𒜋	/pcsl/easl/images/o0900175.png
EASL0113	o0980117		|BU~a+DU₆~a|	I	|BU~a+DU6~a|	𒜌,𒜍	/pcsl/easl/images/o0900199.png
EASL0114	o0980121		|BU~a×GIŠ@t|	I	|BU~axGISZ@t|	𒜎	/pcsl/easl/images/o0900185.png
EASL0115	o0980122		|BU~a×1(N58)|	I	|BU~ax1(N58)|	𒜏	/pcsl/easl/images/o0900187.png
EASL0116	o0980123		|(BU~a&BU~a).NA₂~a|	I	|(BU~a&BU~a).NA2~a|	𒜐,𒜑	/pcsl/easl/images/o0900191.png
EASL0117	o0982241	d	|(BU~a&BU~a).NA₂~b|	I	|(BU~a&BU~a).NA2~b|	󲱣	/pcsl/easl/images/o0900193.png
EASL0118	o0980124	#	|(BU~a&BU~a).X|	I	|(BU~a&BU~a).X|	𒜒	/pcsl/easl/images/o0900197.png
EASL0119	o0980120	n	|BU~a~v1×A|	I	|BU~axA|	𒜔	/pcsl/easl/images/o0900183.png
EASL0120	o0980125	nc	|(BU~a~v1%BU~a~v1).NA₂~a@n|	I	|(BU~a&BU~a).NA2~a@n|	𒜕,󲱣	/pcsl/easl/images/o0903398.png
EASL0121	o0980126		BU~b	I	BU~b	𒜖	/pcsl/easl/images/o0900177.png
EASL0122	o0980127	.n	|BU~b.NA₂~a~v1|	I	|BU~b.NA2~a|	𒜗	/pcsl/easl/images/o0900181.png
EASL0123	o0980128		BU₃	I	BU3	𒜘	/pcsl/easl/images/o0900205.png
EASL0124	o0980129		BULUG	I	BULUG	𒜙	/pcsl/easl/images/o0900206.png
EASL0125	o0980130		BULUG₃	I	BULUG3	𒜚	/pcsl/easl/images/o0900207.png
EASL0126	o0980132		BUR~a	I	BUR~a	𒜛	/pcsl/easl/images/o0900211.png
EASL0127	o0980133		BUR~b	I	BUR~b	𒜜	/pcsl/easl/images/o0900212.png
EASL0128	o0980134		BUR~c	I	BUR~c	𒜝	/pcsl/easl/images/o0900213.png
EASL0129	o0980135		BUR~d	I	BUR~d	𒜞	/pcsl/easl/images/o0900214.png
EASL0130	o0980136		BUR₂	I	BUR2	𒜟	/pcsl/easl/images/o0900215.png
EASL0131	o0980137		DA~a	I	DA~a	𒜠	/pcsl/easl/images/o0900217.png
EASL0132	o0980138	.	|DA~a.LIŠ|	I	|DA~a.LISZ|	𒜡	/pcsl/easl/images/o0900222.png
EASL0133	o0980139		DA~b	I	DA~b	𒜢	/pcsl/easl/images/o0900218.png
EASL0134	o0980140		DA~c	I	DA~c	𒜣	/pcsl/easl/images/o0900219.png
EASL0135	o0980141		DA~d	I	DA~d	𒜤	/pcsl/easl/images/o0900220.png
EASL0136	o0980142	1-	DAG	I	DAG	󲝞	/pcsl/easl/images/o0900223.png
EASL0137	o0980143		DAH	I	DAH	𒜥	/pcsl/easl/images/o0900224.png
EASL0138	o0980144		DAM	I	DAM	𒜦	/pcsl/easl/images/o0900225.png
EASL0139	o0980145		DANNA	I	DANNA	𒜧	/pcsl/easl/images/o0900226.png
EASL0140	o0980146		DAR~a	I	DAR~a	𒜨	/pcsl/easl/images/o0900228.png
EASL0141	o0980147		|DAR~a×A|	I	|DAR~axA|	𒜩	/pcsl/easl/images/o0900233.png
EASL0142	o0980148		DAR~b	I	DAR~b	𒜪	/pcsl/easl/images/o0900229.png
EASL0143	o0980149		DAR~c	I	DAR~c	𒜫	/pcsl/easl/images/o0900230.png
EASL0144	o0980150		DAR~d	I	DAR~d	𒜬	/pcsl/easl/images/o0900231.png
EASL0145	o0980151		DARA₃~a	I	DARA3~a	𒜭	/pcsl/easl/images/o0900235.png
EASL0146	o0980152		DARA₃~b	I	DARA3~b	𒜮	/pcsl/easl/images/o0900236.png
EASL0147	o0980153		DARA₃~c	I	DARA3~c	𒜯,𒜲	/pcsl/easl/images/o0900237.png
EASL0148	o0980154		|DARA₃~c×KAR₂|	I	|DARA3~cxKAR2|	𒜰	/pcsl/easl/images/o0900241.png
EASL0149	o0980155		|DARA₃~c×(KAR₂.ŠE~a)|	I	|DARA3~cx(KAR2.SZE~a)|	𒜱	/pcsl/easl/images/o0900246.png
EASL0150	o0980156		DARA₃~d	I	DARA3~d	𒜳	/pcsl/easl/images/o0900239.png
EASL0151	o0980157		|DARA₃~d×(KAR₂.ŠE~a)|	I	|DARA3~dx(KAR2.SZE~a)|	𒜷	/pcsl/easl/images/o0900247.png
EASL0152	o0980158		|DARA₃~d×KAR₂~b|	I	|DARA3~dxKAR2|	𒜵,𒜴,𒜶	/pcsl/easl/images/o0900243.png
EASL0153	o0980159		DARA₄~a1	I	DARA4~a1	𒜸	/pcsl/easl/images/o0900249.png
EASL0154	o0980160		DARA₄~a2	I	DARA4~a2	𒜹	/pcsl/easl/images/o0900250.png
EASL0155	o0980161		DARA₄~a3	I	DARA4~a3	𒜺	/pcsl/easl/images/o0900251.png
EASL0156	o0980162		DARA₄~b	I	DARA4~b	𒜻	/pcsl/easl/images/o0900252.png
EASL0157	o0980164		DARA₄~c1	I	DARA4~c1	𒜼	/pcsl/easl/images/o0900254.png
EASL0158	o0980165		DARA₄~c2	I	DARA4~c2	𒜽	/pcsl/easl/images/o0900255.png
EASL0159	o0980166		DARA₄~c3	I	DARA4~c3	𒜾	/pcsl/easl/images/o0900256.png
EASL0160	o0980167		DARA₄~c4	I	DARA4~c4	𒜿	/pcsl/easl/images/o0900257.png
EASL0161	o0980168		DARA₄~c5	I	DARA4~c5	𒝀	/pcsl/easl/images/o0900258.png
EASL0162	o0980170		DI	I	DI	𒝁	/pcsl/easl/images/o0900260.png
EASL0163	o0980171		DI@t	I	DI@t	𒝂	/pcsl/easl/images/o0900261.png
EASL0164	o0980172		DIB	I	DIB	𒝃,𒝄	/pcsl/easl/images/o0900262.png
EASL0165	o0980173		DILMUN	I	DILMUN	𒝇,𒝅,𒝆	/pcsl/easl/images/o0900264.png
EASL0166	o0980174		DIM~a	I	DIM~a	𒝈	/pcsl/easl/images/o0900269.png
EASL0167	o0980175	1-	|DIM~a×GU|	I	|DIM~axGU|	󲱱	/pcsl/easl/images/o0900273.png
EASL0168	o0980176	1-	|DIM~a×X|	I	|DIM~axX|	󲱲	/pcsl/easl/images/o0900275.png
EASL0169	o0980177		DIM~b	I	DIM~b	𒝉	/pcsl/easl/images/o0900270.png
EASL0170	o0980178		DIM~c	I	DIM~c	𒝊	/pcsl/easl/images/o0900271.png
EASL0171	o0980179		DIN	I	DIN	𒝋	/pcsl/easl/images/o0900276.png
EASL0172	o0980181		DIN@t	I	DIN@t	𒝌	/pcsl/easl/images/o0900278.png
EASL0173	o0980182		DU	DU	DU	𒝍	/pcsl/easl/images/o0900279.png
EASL0174	o0980183		|DU×1(N58@t)|	I	|DUxDISZ|	𒝎	/pcsl/easl/images/o0900281.png
EASL0175	o0980184		DU@g	I	DU@g	𒝏	/pcsl/easl/images/o0900282.png
EASL0176	o0980185		DU₆~a	I	DU6~a	𒝑,𒝐	/pcsl/easl/images/o0900284.png
EASL0177	o0980186	n	|DU₆~a~v1×1(N58)|	I	|DU6~axDISZ|	𒝒	/pcsl/easl/images/o0900290.png
EASL0178	o0980187	++	DU₆~a@n	I	-	󳂉	/pcsl/images/add/thumb/XXX.png
EASL0179	o0980188		DU₆~b	I	DU6~b	𒝓	/pcsl/easl/images/o0900287.png
EASL0180	o0980189		DU₆~c	I	DU6~c	𒝔	/pcsl/easl/images/o0900288.png
EASL0181	o0980190		DU₇	I	DU7	𒝕	/pcsl/easl/images/o0900291.png
EASL0182	o0980191		DU₈~a	I	DU8~a	𒝖	/pcsl/easl/images/o0900293.png
EASL0183	o0980192		DU₈~b	I	DU8~b	𒝗,𒝘	/pcsl/easl/images/o0900294.png
EASL0184	o0980193		DU₈~c	I	DU8~c	𒝙	/pcsl/easl/images/o0900296.png
EASL0185	o0980196		|DU₈~c×HI|	I	|DU8~cxHI|	𒝚	/pcsl/easl/images/o0900303.png
EASL0186	o0980197		|DU₈~c×UDU~a|	I	|DU8~cxUDU~a|	𒝛	/pcsl/easl/images/o0900305.png
EASL0187	o0980198	#	|DU₈~c×X|	I	|DU8~cxX|	𒝜	/pcsl/easl/images/o0900307.png
EASL0188	o0980199		DU₈~c@g	I	DU8~c@g	𒝝,𒝞	/pcsl/easl/images/o0900309.png
EASL0189	o0980200		DUB~a	I	DUB~a	𒝟	/pcsl/easl/images/o0900312.png
EASL0190	o0980201		DUB~b	I	DUB~b	𒝡,𒝠,𒝣,𒝢,𒝤	/pcsl/easl/images/o0900313.png
EASL0191	o0980202	++	DUB~b@r	I	-	󳁓	/pcsl/images/add/thumb/DUB@r.png
EASL0192	o0980203		DUB~c	I	DUB~c	𒝥	/pcsl/easl/images/o0900318.png
EASL0193	o0980204		DUB~d	I	DUB~d	𒝦	/pcsl/easl/images/o0900319.png
EASL0194	o0980205		DUB~e	I	DUB~e	𒝧	/pcsl/easl/images/o0900320.png
EASL0195	o0980206		DUB~f	I	DUB~f	𒝨	/pcsl/easl/images/o0900321.png
EASL0196	o0980208		|(DUB@n~a×1(N58))~a|	I	|(DUBxDISZ)~a|	𒝩	/pcsl/easl/images/o0900324.png
EASL0197	o0980209		|(DUB@n~a×1(N58))~b|	I	|(DUBxDISZ)~c|	𒝪	/pcsl/easl/images/o0900326.png
EASL0198	o0980210		|DUB@n~b×1(N58)~a|	I	|(DUBxDISZ)~b|	𒝫	/pcsl/easl/images/o0900325.png
EASL0199	o0980211		DUB₂	I	DUB2	𒝬	/pcsl/easl/images/o0900329.png
EASL0200	o0980212		DUG~a	I	DUG~a	𒝶,𒝵,𒝭	/pcsl/easl/images/o0900331.png
EASL0201	o0980213	1-	|DUG~a×HI|	I	|DUG~axHI|	󲱼	/pcsl/easl/images/o0900369.png
EASL0202	o0980214		|DUG~a×KASKAL|	I	|DUG~axKASKAL|	𒝮	/pcsl/easl/images/o0900375.png
EASL0203	o0980216		|DUG~a×LAM~b|	I	|DUG~axLAM~b|	𒝯	/pcsl/easl/images/o0900388.png
EASL0204	o0980217		|DUG~a×NAGA~a|	I	|DUG~axNAGA~a|	𒝰	/pcsl/easl/images/o0900407.png
EASL0205	o0980218		|DUG~a×U₂~a|	I	|DUG~axU2~a|	𒝱	/pcsl/easl/images/o0900447.png
EASL0206	o0980219		|DUG~a×U₂~b|	I	|DUG~axU2~b|	𒝲	/pcsl/easl/images/o0900448.png
EASL0207	o0980220	1-#	|DUG~a×X|	I	|DUG~axX|	󲲂	/pcsl/easl/images/o0900460.png
EASL0208	o0980221		|DUG~a×1(N57)|	I	|DUG~ax1(N57)|	𒝳	/pcsl/easl/images/o0900394.png
EASL0209	o0980222		DUG~b	I	DUG~b	𒞭,𒝷	/pcsl/easl/images/o0900334.png
EASL0210	o0980224		|DUG~b×ANŠE~b|	I	|DUG~bxANSZE~b|	𒝸	/pcsl/easl/images/o0900342.png
EASL0211	o0980225		|DUG~b×ANŠE~d|	I	|DUG~bxANSZE~d|	𒝹	/pcsl/easl/images/o0900343.png
EASL0212	o0980226	#	|DUG~b×BA|	I	|DUG~bxBA|	󳁣	-
EASL0213	o0980227		|DUG~b×BALA~a|	I	|DUG~bxBALA~a|	𒝺	/pcsl/easl/images/o0900347.png
EASL0214	o0980228		|DUG~b×BIR₃~c|	I	|DUG~bxBIR3~c|	𒝻	/pcsl/easl/images/o0900349.png
EASL0215	o0980229		|DUG~b×DIN|	I	|DUG~bxDIN|	𒞯,𒝼	/pcsl/easl/images/o0900351.png
EASL0216	o0980230		|(DUG~b×DIN)@r|	I	|(DUG~bxDIN)@r|	𒝽	/pcsl/easl/images/o0900354.png
EASL0217	o0980231		|DUG~b×E~a|	I	|DUG~bxE~a|	𒝾	/pcsl/easl/images/o0900356.png
EASL0218	o0980232	n	|DUG~b×GA~a~v4|	I	|DUG~bxGA~a|	𒝿	/pcsl/easl/images/o0900358.png
EASL0219	o0980233		|DUG~b×GA~b|	I	|DUG~bxGA~b|	𒞀	/pcsl/easl/images/o0900359.png
EASL0220	o0980234	n	|DUG~b×GEŠTU~a~v2|	I	|DUG~bxGESZTU~a|	𒞰,𒞁	/pcsl/easl/images/o0900361.png
EASL0221	o0980235		|DUG~b×GEŠTU~b|	I	|DUG~bxGESZTU~b|	𒞂	/pcsl/easl/images/o0900363.png
EASL0222	o0980236		|DUG~b×GI₆|	I	|DUG~bxGI6|	𒞃	/pcsl/easl/images/o0900365.png
EASL0223	o0980237		|DUG~b×GIŠ|	I	|DUG~bxGISZ|	𒞄	/pcsl/easl/images/o0900367.png
EASL0224	o0980238		|DUG~b×HI|	I	|DUG~bxHI|	𒞱,𒞅	/pcsl/easl/images/o0900370.png
EASL0225	o0980240		|DUG~b×KASKAL|	I	|DUG~bxKASKAL|	𒞆	/pcsl/easl/images/o0900376.png
EASL0226	o0980241		|DUG~b×KU₆~a|	I	|DUG~bxKU6~a|	𒞇	/pcsl/easl/images/o0900379.png
EASL0227	o0980242		|DUG~b×KUR~a|	I	|DUG~bxKUR~a|	𒞈	/pcsl/easl/images/o0900381.png
EASL0228	o0980243	n#	|DUG~b×(KUR~a.X)|	I	|DUG~bx(KUR~a.X)|	𒞉	/pcsl/easl/images/o0900384.png
EASL0229	o0980244		|DUG~b×KUR~b|	I	|DUG~bxKUR~b|	𒞊	/pcsl/easl/images/o0900382.png
EASL0230	o0980245		|DUG~b×KUR@g~a|	I	|DUG~bxKUR@g~a|	𒞋	/pcsl/easl/images/o0900386.png
EASL0231	o0980246		|DUG~b×LAM~a|	I	|DUG~bxLAM~a|	𒞌	/pcsl/easl/images/o0900389.png
EASL0232	o0980247		|DUG~b×MAŠ|	I	|DUG~bxMASZ|	𒞳,𒞍	/pcsl/easl/images/o0900391.png
EASL0233	o0980248		|DUG~b×NAGA~a|	I	|DUG~bxNAGA~a|	𒞎	/pcsl/easl/images/o0900408.png
EASL0234	o0980249		|DUG~b×NAM₂|	I	|DUG~bxNAM2|	𒞏	/pcsl/easl/images/o0900410.png
EASL0235	o0980250	n	|DUG~b×(NI~a@g.ZATU779)|	I	|DUG~bx(NI~a@g.ZATU779)|	𒞐	/pcsl/easl/images/o0900412.png
EASL0236	o0980251		|DUG~b×SA~a|	I	|DUG~bxSA~a|	𒞑	/pcsl/easl/images/o0900414.png
EASL0237	o0980252		|DUG~b×(SA~a.GI)|	DUG~b+SA~a+GI	DUG~b+SA~a+GI	󳁔	-
EASL0238	o0980253		|DUG~b×SI₄~a|	I	|DUG~bxSI4~a|	𒞒	/pcsl/easl/images/o0900418.png
EASL0239	o0980254	n#	|DUG~b×(SI₄~a.X)|	I	|DUG~bx(SI4~a.X)|	𒞓	/pcsl/easl/images/o0900420.png
EASL0240	o0980255		|DUG~b×SIG₂~a1|	I	|DUG~bxSIG2~a1|	𒞔	/pcsl/easl/images/o0900422.png
EASL0241	o0980256		|DUG~b×SIG₂~a2|	I	|DUG~bxSIG2~a2|	𒞕	/pcsl/easl/images/o0900423.png
EASL0242	o0980257		|DUG~b×SIG₇|	I	|DUG~bxSIG7|	𒞖	/pcsl/easl/images/o0900425.png
EASL0243	o0980258		|DUG~b×SUHUR|	I	|DUG~bxSUHUR|	𒞗	/pcsl/easl/images/o0900427.png
EASL0244	o0980259	++	|DUG~b×SUKUD~d|	I	-	󳁕	/pcsl/images/add/thumb/DUGxSUKUD.png
EASL0245	o0980260		|DUG~b×ŠAH₂~a|	I	|DUG~bxSZAH2~a|	𒞘	/pcsl/easl/images/o0900431.png
EASL0246	o0980261		|DUG~b×ŠE~a|	I	|DUG~bxSZE~a|	𒞴,𒞵,𒞙	/pcsl/easl/images/o0900433.png
EASL0247	o0980262	n	|DUG~b×(ŠE~a.NAM₂)|	I	|DUG~bx(SZE~a.NAM2)|	𒞚	/pcsl/easl/images/o0900437.png
EASL0248	o0980263		|DUG~b×TAK₄~a|	I	|DUG~bxTAK4~a|	𒞛	/pcsl/easl/images/o0900439.png
EASL0249	o0980264	n	|DUG~b×(TAK₄~a.SA~a)|	I	|DUG~bx(TAK4~a.SA~a)|	𒞜	/pcsl/easl/images/o0900441.png
EASL0250	o0980265	n	|DUG~b×(TAK₄~a.SAL)|	I	|DUG~bx(TAK4~a.SAL)|	𒞝	/pcsl/easl/images/o0900443.png
EASL0251	o0980266		|DUG~b×TI|	I	|DUG~bxTI|	𒞞	/pcsl/easl/images/o0900445.png
EASL0252	o0980267		|DUG~b×U₂~a|	I	|DUG~bxU2~a|	𒞟	/pcsl/easl/images/o0900449.png
EASL0253	o0980268	+	|DUG~b×U₂~b|	I	|DUG~bxU2~b|	𒞶,𒞺,𒞠	/pcsl/easl/images/o0900450.png
EASL0254	o0980270		|DUG~b×UH₃~a|	I	|DUG~bxUH3~a|	𒞡	/pcsl/easl/images/o0900456.png
EASL0255	o0980271		|DUG~b×UH₃~a@t|	I	|DUG~bxUH3~a@t|	𒞢	/pcsl/easl/images/o0900458.png
EASL0256	o0980272	#	|DUG~b×X|	I	|DUG~bxX|	𒞷,𒞣	/pcsl/easl/images/o0900461.png
EASL0257	o0980273		|DUG~b×ZATU707~a|	I	|DUG~bxZATU707~a|	𒞤	/pcsl/easl/images/o0900464.png
EASL0258	o0980274		|DUG~b×ZATU764|	I	|DUG~bxZATU764|	𒞥	/pcsl/easl/images/o0900466.png
EASL0259	o0980275		|DUG~b×ZATU779|	I	|DUG~bxZATU779|	𒞦	/pcsl/easl/images/o0900468.png
EASL0260	o0980276		|DUG~b×ZATU780|	I	|DUG~bxZATU780|	𒞧	/pcsl/easl/images/o0900470.png
EASL0261	o0980277		|DUG~b×ZATU781|	I	|DUG~bxZATU781|	𒞨	/pcsl/easl/images/o0900472.png
EASL0262	o0980278	n	|DUG~b×(ZATU789.SA~a)|	I	|DUG~bx(ZATU789.SA~a)|	𒞩	/pcsl/easl/images/o0900474.png
EASL0263	o0980279		|DUG~b×1(N57)|	I	|DUG~bx1(N57)|	𒞸,𒞪	/pcsl/easl/images/o0900395.png
EASL0264	o0980280	n	|DUG~b×(1(N57).KU₃~a)|	I	|DUG~bx(1(N57).KU3~a)|	𒞫	/pcsl/easl/images/o0900401.png
EASL0265	o0980281		|DUG~b×3(N57)|	I	|DUG~bx3(N57)|	𒞬	/pcsl/easl/images/o0900403.png
EASL0266	o0980223	n	|DUG~b~v1×AB₂|	I	|DUG~bxAB2|	𒞮	/pcsl/easl/images/o0900340.png
EASL0267	o0980239	n	|DUG~b~v1×HI@g~a|	I	|DUG~bxHI@g~a|	𒞲	/pcsl/easl/images/o0900373.png
EASL0268	o0980283	n	|(DUG~b~v1&DUG~b~v1)×1(N58)|	I	|(DUG~b&DUG~b)x1(N58)|	𒞹	/pcsl/easl/images/o0900476.png
EASL0269	o0980285		|DUG~c×1(N57)|	I	|DUG~cx1(N57)|	𒞾,𒞽,𒟀	/pcsl/easl/images/o0900398.png
EASL0270	o0980284		DUG~c~v1	I	DUG~c	𒞼,𒞿	/pcsl/easl/images/o0900336.png
EASL0271	o0980286		DUG~c@t	I	DUG~c@t	𒞻	/pcsl/easl/images/o0900479.png
EASL0272	o0980287	c	DUG~d	I	DUG~d	𒟁;𒝴	/pcsl/easl/images/o0900338.png
EASL0273	o0980288		DUGUD	I	DUGUD	𒟂	/pcsl/easl/images/o0900481.png
EASL0274	o0980289		DUR~a	I	DUR~a	𒟃	/pcsl/easl/images/o0900483.png
EASL0275	o0980290		DUR~b	I	DUR~b	𒟄	/pcsl/easl/images/o0900484.png
EASL0276	o0980291		DUR₂	I	DUR2	𒟅	/pcsl/easl/images/o0900485.png
EASL0277	o0980292		E~a	I	E~a	𒟆	/pcsl/easl/images/o0900487.png
EASL0278	o0980293		E~b	I	E~b	𒟇	/pcsl/easl/images/o0900488.png
EASL0279	o0980294		E~c	I	E~c	𒟈	/pcsl/easl/images/o0900489.png
EASL0280	o0980295		E~d	I	E~d	𒟉	/pcsl/easl/images/o0900490.png
EASL0281	o0980296	1-	E~e	I	E~e	󲞩	/pcsl/easl/images/o0900491.png
EASL0282	o0980297		E₂~a	I	E2~a	𒟊	/pcsl/easl/images/o0900493.png
EASL0283	o0980298	.	|E₂~a.LIŠ|	I	|E2~a.LISZ|	𒟋	/pcsl/easl/images/o0900498.png
EASL0284	o0980299		|E₂~a×3(N58)|	I	|E2~ax3(N58)|	𒟌	/pcsl/easl/images/o0900506.png
EASL0285	o0980300		|E₂~a×1(N58@t)|	I	|E2~ax1(N57)@t|	𒟍	/pcsl/easl/images/o0900503.png
EASL0286	o0980301		E₂~b	I	E2~b	𒟎	/pcsl/easl/images/o0900494.png
EASL0287	o0980302	.	|E₂~b.LIŠ|	I	|E2~b.LISZ|	𒟏	/pcsl/easl/images/o0900499.png
EASL0288	o0980303	n	|E₂~b×1(N58@t)|	I	|E2~bx1(N57)@t|	𒟐	/pcsl/easl/images/o0900504.png
EASL0289	o0980304		E₂~c	I	E2~c	𒟑	/pcsl/easl/images/o0900495.png
EASL0290	o0980305		E₂~d	I	E2~d	𒟒	/pcsl/easl/images/o0900496.png
EASL0291	o0980306	:	E₃~a	I	E3~a	𒟓	/pcsl/easl/images/o0900508.png
EASL0292	o0980307		E₃~b	I	E3~b	𒟔	/pcsl/easl/images/o0900510.png
EASL0293	o0980308		EDIN	I	EDIN	𒟕	/pcsl/easl/images/o0900511.png
EASL0294	o0980309		EN~a	I	EN~a	𒟖,𒟗,𒟘,𒟙	/pcsl/easl/images/o0900513.png
EASL0295	o0980310		EN~b	I	EN~b	𒟚,𒟜	/pcsl/easl/images/o0900517.png
EASL0296	o0980311		EN~b@t	I	EN~b@t	𒟛	/pcsl/easl/images/o0900528.png
EASL0297	o0980312		EN~c	I	EN~c	𒟝,𒟟	/pcsl/easl/images/o0900519.png
EASL0298	o0980313		|EN~c&EN~c|	I	|EN~c&EN~c|	𒟞	/pcsl/easl/images/o0900523.png
EASL0299	o0980314		EN~e	I	EN~e	𒟠	/pcsl/easl/images/o0900521.png
EASL0300	o0980315		EN@g~a	I	EN@g~a	𒟡	/pcsl/easl/images/o0900525.png
EASL0301	o0980316		EN@g~b	I	EN@g~b	𒟢	/pcsl/easl/images/o0900526.png
EASL0302	o0980317		EN₂	I	EN2	𒟣	/pcsl/easl/images/o0900529.png
EASL0303	o0980318	.	|EN₂.E₂~a|	I	|EN2.E2~a|	𒟤	/pcsl/easl/images/o0900531.png
EASL0304	o0980319	.	|EN₂.E₂~b|	I	|EN2.E2~b|	𒟥	/pcsl/easl/images/o0900532.png
EASL0305	o0980320	:	ENDIB	I	ENDIB	𒟦	/pcsl/easl/images/o0900533.png
EASL0306	o0980321	:	ENGIZ	I	ENGIZ	𒟧;󳄎,󳄏	/pcsl/easl/images/o0900534.png
EASL0307	o0980322	:	ENKUM	I	ENKUM	𒟨,𒟩	/pcsl/easl/images/o0900535.png
EASL0308	o0980323	:	ENLIL	I	ENLIL	𒟪	/pcsl/easl/images/o0900537.png
EASL0309	o0980324	1-.	ENSI	I	ENSI	󲟃	/pcsl/easl/images/o0900538.png
EASL0310	o0980325	1-.	ENSI₂	I	ENSI2	󲟄	/pcsl/easl/images/o0900539.png
EASL0311	o0980326		ERIM~a	I	ERIM~a	𒟫	/pcsl/easl/images/o0900541.png
EASL0312	o0980327		ERIM~b1	I	ERIM~b1	𒟬	/pcsl/easl/images/o0900542.png
EASL0313	o0980328		ERIM~b2	I	ERIM~b2	𒟭	/pcsl/easl/images/o0900543.png
EASL0314	o0980329	:	ERIM₂	I	ERIM2	𒟮	/pcsl/easl/images/o0900544.png
EASL0315	o0980330		ERIN	I	ERIN	𒟯	/pcsl/easl/images/o0900545.png
EASL0316	o0980331		EŠDA	I	ESZDA	𒟰	/pcsl/easl/images/o0900546.png
EASL0317	o0980332	n	|EŠDA×TAR~a|	I	|ESZDAxTAR|	𒟱	/pcsl/easl/images/o0900547.png
EASL0318	o0980333		EŠGAR	I	ESZGAR	𒟲	/pcsl/easl/images/o0900548.png
EASL0319	o0980334		EZEN~a	I	EZEN~a	𒠁,𒟳	/pcsl/easl/images/o0900550.png
EASL0320	o0980336	n	|EZEN~a×EN~b~v1|	I	|EZEN~axEN~b|	𒟴	/pcsl/easl/images/o0900557.png
EASL0321	o0980337	n	|EZEN~a×(HI×1(N57).AN)|	I	|EZEN~ax(HI.1(N57).AN)|	𒟵	/pcsl/easl/images/o0900559.png
EASL0322	o0980338		|EZEN~a×KAB|	I	|EZEN~axKAB|	𒟶	/pcsl/easl/images/o0900561.png
EASL0323	o0980340		|EZEN~a×KI|	I	|EZEN~axKI|	𒟷	/pcsl/easl/images/o0900565.png
EASL0324	o0980341	1-	|EZEN~a×LA~e|	I	|EZEN~axLA~e|	󲳕,𒟸	/pcsl/easl/images/o0900567.png
EASL0325	o0980342		|EZEN~a×NIM~b2|	I	|EZEN~axNIM~b2|	𒟹	/pcsl/easl/images/o0900573.png
EASL0326	o0980343		|EZEN~a×NIMGIR|	I	|EZEN~axNIMGIR|	𒟺	/pcsl/easl/images/o0900575.png
EASL0327	o0980344		|EZEN~a×RAD~a|	I	|EZEN~axRAD~a|	𒟻	/pcsl/easl/images/o0900577.png
EASL0328	o0980345	n	|EZEN~a×SAG~v1|	I	|EZEN~axSAG|	𒟼	/pcsl/easl/images/o0900579.png
EASL0329	o0980346		|EZEN~a×SU~a|	I	|EZEN~axSU~a|	𒟽	/pcsl/easl/images/o0900581.png
EASL0330	o0980347	n	|EZEN~a×(U₂~b.A)|	I	|EZEN~ax(U2~b.A)|	𒟾	/pcsl/easl/images/o0900583.png
EASL0331	o0980348		|EZEN~a×U₄|	I	|EZEN~axU4|	𒟿	/pcsl/easl/images/o0900585.png
EASL0332	o0980349	#	|EZEN~a×X|	I	|EZEN~axX|	𒠀	/pcsl/easl/images/o0900587.png
EASL0333	o0980335	n	|EZEN~a~v1×EN~a|	I	|EZEN~axEN~a|	𒠂	/pcsl/easl/images/o0900556.png
EASL0334	o0980350		EZEN~b	I	EZEN~b	𒠃	/pcsl/easl/images/o0900552.png
EASL0335	o0980351	++	|EZEN~b×ŠE~a@t|	I	-	󳄆	-
EASL0336	o0980352	c	|EZEN~b×6(N57)|	I	|EZEN~bx6(N57)|	󲳟,𒠄	/pcsl/easl/images/o0900571.png
EASL0337	o0980353		EZEN~b@t	I	|EZEN~b@t|	𒠅	/pcsl/easl/images/o0900592.png
EASL0338	o0982242	d	EZEN~c	I	EZEN~c	󲟐	/pcsl/easl/images/o0900554.png
EASL0339	o0980354		EZINU~a	I	EZINU~a	𒠆	/pcsl/easl/images/o0900594.png
EASL0340	o0980355		EZINU~b	I	EZINU~b	𒠇	/pcsl/easl/images/o0900595.png
EASL0341	o0980356		EZINU~c	I	EZINU~c	𒠈	/pcsl/easl/images/o0900596.png
EASL0342	o0980357		EZINU~d	I	EZINU~d	𒠉	/pcsl/easl/images/o0900597.png
EASL0343	o0980358		GA~a	I	GA~a	𒠊,𒠋,𒠍,𒠎,𒠏	/pcsl/easl/images/o0900599.png
EASL0344	o0980359	n.	|GA~a~v1.ZATU753|	I	|GA~a.ZATU753|	𒠌,𒠐	/pcsl/easl/images/o0900607.png
EASL0345	o0980360	#	|GA~a~v4×X|	I	|GA~axX|	󲳡	/pcsl/easl/images/o0900614.png
EASL0346	o0980361		GA~b	I	GA~b	𒠑	/pcsl/easl/images/o0900604.png
EASL0347	o0980362		GA~c	I	GA~c	𒠒	/pcsl/easl/images/o0900605.png
EASL0348	o0980363		|GA~c×KASKAL|	I	|GA~cxKASKAL|	𒠓	/pcsl/easl/images/o0900610.png
EASL0349	o0980364		|GA~c×1(N14)|	I	|GA~cx1(N14)|	𒠔	/pcsl/easl/images/o0900612.png
EASL0350	o0980365		GA₂~a1	I	GA2~a1	𒠕	/pcsl/easl/images/o0900616.png
EASL0351	o0980366		|GA₂~a1×A|	I	|GA2~a1xA|	𒠖	/pcsl/easl/images/o0900623.png
EASL0352	o0980368	++	|GA₂~a1×EN~a|	I	-	󳀷	/pcsl/images/add/thumb/GA2xENa.png
EASL0353	o0980369	n	|GA₂~a1×EN~b~v1|	I	|GA2~a1xEN~b|	𒠗	/pcsl/easl/images/o0900631.png
EASL0354	o0980371		|GA₂~a1×GEŠTU~c3|	I	|GA2~a1xGESZTU~c3|	𒠘	/pcsl/easl/images/o0900634.png
EASL0355	o0980372		|GA₂~a1×GEŠTU~c5|	I	|GA2~a1xGESZTU~c5|	𒠙	/pcsl/easl/images/o0900635.png
EASL0356	o0980373		|GA₂~a1×GIR~a|	I	|GA2~a1xGIR~a|	𒠚	/pcsl/easl/images/o0900637.png
EASL0357	o0980374	n	|GA₂~a1×(GIR~a.KU₆~a)|	I	|GA2~a1x(GIR~a.KU6~a)|	𒠛	/pcsl/easl/images/o0900639.png
EASL0358	o0980375		|GA₂~a1×GIŠ@t|	I	|GA2~a1xGISZ@t|	𒠜	/pcsl/easl/images/o0900641.png
EASL0359	o0980376	1-	|GA₂~a1×GU₄|	I	|GA2~a1xGU4|	󲳰	/pcsl/easl/images/o0900643.png
EASL0360	o0980377		|GA₂~a1×HAL|	I	|GA2~a1xHAL|	𒠝	/pcsl/easl/images/o0900648.png
EASL0361	o0980378		|GA₂~a1×HI|	I	|GA2~a1xHI|	𒠞	/pcsl/easl/images/o0900650.png
EASL0362	o0980379	n	|GA₂~a1×(HI.SUHUR~v1)|	I	|GA2~a1x(HI.SUHUR)|	𒠟	/pcsl/easl/images/o0900652.png
EASL0363	o0980380		|GA₂~a1×KU₃~a|	I	|GA2~a1xKU3~a|	𒠠	/pcsl/easl/images/o0900654.png
EASL0364	o0980381		|GA₂~a1×KU₆~a|	I	|GA2~a1xKU6~a|	𒠡	/pcsl/easl/images/o0900657.png
EASL0365	o0980382	n	|GA₂~a1×(KU₆~a+KU₆~a)|	I	|GA2~a1x(KU6~a.KU6~a)|	𒠢	/pcsl/easl/images/o0900660.png
EASL0366	o0980383		|GA₂~a1×LAGAB~b|	I	|GA2~a1xLAGAB~b|	𒠣	/pcsl/easl/images/o0900662.png
EASL0367	o0980384		|GA₂~a1×MAŠ|	I	|GA2~a1xMASZ|	𒠤	/pcsl/easl/images/o0900664.png
EASL0368	o0980385		|GA₂~a1×NAGA~a|	I	|GA2~a1xNAGA~a|	𒠥	/pcsl/easl/images/o0900675.png
EASL0369	o0980386		|GA₂~a1×NIM~b1|	I	|GA2~a2xNIM~b1|	𒠦	/pcsl/easl/images/o0900680.png
EASL0370	o0980387	1-	|GA₂~a1×NUN~a|	I	|GA2~a1xNUN~a|	󲳻	/pcsl/easl/images/o0900682.png
EASL0371	o0980388		|GA₂~a1×PAD~b|	I	|GA2~a1xPAD~b|	𒠧	/pcsl/easl/images/o0900685.png
EASL0372	o0980389		|GA₂~a1×PAP~a|	I	|GA2~a1xPAP~a|	𒠨	/pcsl/easl/images/o0900687.png
EASL0373	o0980390		|GA₂~a1×SU~a|	I	|GA2~a1xSU~a|	𒠩	/pcsl/easl/images/o0900689.png
EASL0374	o0980391		|GA₂~a1×SUHUR|	I	|GA2~a1xSUHUR|	𒠪	/pcsl/easl/images/o0900691.png
EASL0375	o0980392		|GA₂~a1×SUKUD|	I	|GA2~a1xSUKUD|	𒠫	/pcsl/easl/images/o0900694.png
EASL0376	o0980393		|GA₂~a1×((SUKUD+SUKUD)~a)|	I	|GA2~a1x((SUKUD&SUKUD)~a)|	𒠬	/pcsl/easl/images/o0900696.png
EASL0377	o0980394		|GA₂~a1×((SUKUD+SUKUD)~b)|	I	|GA2~a1x((SUKUD&SUKUD)~b)|	𒠭	/pcsl/easl/images/o0900697.png
EASL0378	o0980395		|GA₂~a1×SUMAŠ|	I	|GA2~a1xSUMASZ|	𒠮	/pcsl/easl/images/o0900699.png
EASL0379	o0980396		|GA₂~a1×ŠA|	I	|GA2~a1xSZA|	𒠯	/pcsl/easl/images/o0900701.png
EASL0380	o0980397		|GA₂~a1×TI|	I	|GA2~a1xTI|	𒠰	/pcsl/easl/images/o0900705.png
EASL0381	o0980398		|GA₂~a1×U₄|	I	|GA2~a1xU4|	𒠱	/pcsl/easl/images/o0900707.png
EASL0382	o0980399	1-#	|GA₂~a1×X|	I	|GA2~a1xX|	𒠲	/pcsl/easl/images/o0900709.png
EASL0383	o0980400		|GA₂~a1×1(N14)|	I	|GA2~a1x1(N14)|	𒠳	/pcsl/easl/images/o0900666.png
EASL0384	o0980401		|GA₂~a1×1(N57)|	I	|GA2~a1x1(N57)|	𒠴	/pcsl/easl/images/o0900668.png
EASL0385	o0980403		GA₂~a2	I	GA2~a2	𒠶	/pcsl/easl/images/o0900617.png
EASL0386	o0980404		|GA₂~a2×GU₄|	I	|GA2~a2xGU4|	𒠷	/pcsl/easl/images/o0900644.png
EASL0387	o0980405		|GA₂~a2×NI~a|	I	|GA2~a2xNI~a|	𒠸	/pcsl/easl/images/o0900677.png
EASL0388	o0980406		|GA₂~a2×NI~b|	I	|GA2~a2xNI~b|	𒠹	/pcsl/easl/images/o0900678.png
EASL0389	o0980407		|GA₂~a2×SUHUR|	I	|GA2~a2xSUHUR|	𒠺	/pcsl/easl/images/o0900692.png
EASL0390	o0980408	n	|GA₂~a2×ŠE₃~v1|	I	|GA2~a2xSZE3|	𒠻	/pcsl/easl/images/o0900703.png
EASL0391	o0980409	n	|GA₂~a2×(ŠE₃~v1.GU₄)|	I	|GA2~a2x(GU4.SZE3)|	𒠼	/pcsl/easl/images/o0900646.png
EASL0392	o0980410	#	|GA₂~a2×X|	I	|GA2~a2xX|	𒠽	/pcsl/easl/images/o0900711.png
EASL0393	o0980411		|GA₂~a2×3(N57)|	I	|GA2~a2x3(N57)|	󳃾	/pcsl/easl/images/o0900671.png
EASL0394	o0980412		GA₂~a3	I	GA2~a3	𒠾	/pcsl/easl/images/o0900618.png
EASL0395	o0980413	#	|GA₂~a3×X|	I	|GA2~a3xX|	𒠿	/pcsl/easl/images/o0900712.png
EASL0396	o0980414		GA₂~a4	I	GA2~a4	𒡀	/pcsl/easl/images/o0900619.png
EASL0397	o0980415		GA₂~b	I	GA2~b	𒡁	/pcsl/easl/images/o0900620.png
EASL0398	o0980416		|GA₂~b×DUB~a|	I	|GA2~bxDUB~a|	𒡂	/pcsl/easl/images/o0900625.png
EASL0399	o0980417	n	|GA₂~b×DUB~b~v2|	I	|GA2~bxDUB~b|	𒡃	/pcsl/easl/images/o0900626.png
EASL0400	o0980418		|GA₂~b×KU₃~a|	I	|GA2~bxKU3~a|	𒡄	/pcsl/easl/images/o0900655.png
EASL0401	o0980420	++	|GA₂~b×NUN~b|	I	-	󳁭	/pcsl/images/add/thumb/GA2bxNUN.png
EASL0402	o0980421		|GA₂~b×ZATU659|	I	|GA2~bxZATU659|	𒡅	/pcsl/easl/images/o0900715.png
EASL0403	o0980422		GA₂~c	I	GA2~c	𒡆	/pcsl/easl/images/o0900621.png
EASL0404	o0980423		GAʾAR~a1	I	GA'AR~a1	𒡇	/pcsl/easl/images/o0900719.png
EASL0405	o0980424		GAʾAR~a2	I	GA'AR~a2	𒡈	/pcsl/easl/images/o0900720.png
EASL0406	o0980425		GAʾAR~b1	I	GA'AR~b1	𒡉	/pcsl/easl/images/o0900721.png
EASL0407	o0980426		GAʾAR~b2	I	GA'AR~b2	𒡊	/pcsl/easl/images/o0900722.png
EASL0408	o0980427		GADA~a	I	GADA~a	𒡋	/pcsl/easl/images/o0900724.png
EASL0409	o0980428		GADA~b	I	GADA~b	𒡌	/pcsl/easl/images/o0900725.png
EASL0410	o0980429		GADA~b@g	I	GADA~b@g	𒡍	/pcsl/easl/images/o0900727.png
EASL0411	o0980430		GAL~a	I	GAL~a	𒡎	/pcsl/easl/images/o0900729.png
EASL0412	o0980431		GAL~b	I	GAL~b	𒡏	/pcsl/easl/images/o0900730.png
EASL0413	o0980432		GALGA~a	I	GALGA~a	𒡐	/pcsl/easl/images/o0900732.png
EASL0414	o0980433		GALGA~b	I	GALGA~b	𒡑	/pcsl/easl/images/o0900733.png
EASL0415	o0980434		GAN~a	I	GAN~a	𒡒,𒡓	/pcsl/easl/images/o0900736.png
EASL0416	o0980435		GAN~b	I	GAN~b	𒡔,𒡕,𒡖,𒡗	/pcsl/easl/images/o0900738.png
EASL0417	o0980436		GAN~c	I	GAN~c	𒡘,𒡠	/pcsl/easl/images/o0900742.png
EASL0418	o0980437		|GAN~c×DIN|	I	|GAN~cxDIN|	𒡙	/pcsl/easl/images/o0900747.png
EASL0419	o0980438		|GAN~c×HI|	I	|GAN~cxHI|	𒡚	/pcsl/easl/images/o0900751.png
EASL0420	o0980439	n	|GAN~c×(HI.DIN)|	I	|GAN~cx(HI.DIN)|	𒡛	/pcsl/easl/images/o0900755.png
EASL0421	o0980442		|GAN~c×LAGAB~b|	I	|GAN~cxLAGAB~b|	𒡜	/pcsl/easl/images/o0900761.png
EASL0422	o0980443		|GAN~c×NE~a|	I	|GAN~cxNE~a|	𒡝	/pcsl/easl/images/o0900765.png
EASL0423	o0980444		|GAN~c×SIG₇|	I	|GAN~cxSIG7|	𒡞	/pcsl/easl/images/o0900767.png
EASL0424	o0980447	#	|GAN~c×X|	I	|GAN~cxX|	𒡟	/pcsl/easl/images/o0900773.png
EASL0425	o0980440	n	|GAN~c~v1×KAŠ~c|	I	|GAN~cxKASZ~c|	𒡡	/pcsl/easl/images/o0900757.png
EASL0426	o0980441	n	|GAN~c~v1×(KUR~a.A)|	I	|GAN~cx(KUR~a.A)|	𒡢	/pcsl/easl/images/o0900759.png
EASL0427	o0980448	n	|GAN~c~v1×ZATU777~v1|	I	|GAN~cxZATU777|	𒡣	/pcsl/easl/images/o0900775.png
EASL0428	o0980445	n	|GAN~c~v2×ŠE~a|	I	|GAN~cxSZE~a|	𒡤	/pcsl/easl/images/o0900769.png
EASL0429	o0980446	n	|GAN~c~v2×ŠE₃~v1@t|	I	|GAN~cxSZE3@t|	𒡥	/pcsl/easl/images/o0900771.png
EASL0430	o0980450	1-	GAN~d	I	GAN~d	󲟵	/pcsl/easl/images/o0900744.png
EASL0431	o0980451	n	|GAN~d×GEŠTU~a~v2|	I	|GAN~dxGESZTU~a|	𒡦	/pcsl/easl/images/o0900749.png
EASL0432	o0980452	1-	|GAN~d×HI|	I	|GAN~dxHI|	󲴡	/pcsl/easl/images/o0900752.png
EASL0433	o0980453		GAN₂	I	GAN2	𒡧	/pcsl/easl/images/o0900778.png
EASL0434	o0980454		GAR	I	GAR	𒡨	/pcsl/easl/images/o0900779.png
EASL0435	o0980455		GAR@g~a	I	GAR@g~a	𒡩	/pcsl/easl/images/o0900781.png
EASL0436	o0980456		GAR@g~b	I	GAR@g~b	𒡪	/pcsl/easl/images/o0900782.png
EASL0437	o0980457		GAR@g~c	I	GAR@g~c	𒡫	/pcsl/easl/images/o0900783.png
EASL0438	o0980458		GAR₃	I	GAR3	𒡬	/pcsl/easl/images/o0900784.png
EASL0439	o0980459		GARA₂~a	I	GARA2~a	𒡭	/pcsl/easl/images/o0900786.png
EASL0440	o0980460		GARA₂~b	I	GARA2~b	𒡮	/pcsl/easl/images/o0900787.png
EASL0441	o0980461		GAZI	I	GAZI	𒡯	/pcsl/easl/images/o0900788.png
EASL0442	o0980462		GEŠTIN~a	I	GESZTIN~a	𒡰	/pcsl/easl/images/o0900790.png
EASL0443	o0980463	1-	GEŠTIN~c	I	GESZTIN~c	󲠀	/pcsl/easl/images/o0900791.png
EASL0444	o0980464	1-#	|GEŠTIN~c×X|	I	|GESZTIN~cxX|	󲴢	/pcsl/easl/images/o0900795.png
EASL0445	o0980467		GEŠTU~a	I	GESZTU~a	𒡱,𒡲,𒡳	/pcsl/easl/images/o0900797.png
EASL0446	o0980468		|GEŠTU~a×ŠE~a@t~v1|	I	|GESZTU~axSZE~a@t|	󲴣	/pcsl/easl/images/o0900805.png
EASL0447	o0980469		GEŠTU~b	I	GESZTU~b	𒡴	/pcsl/easl/images/o0900800.png
EASL0448	o0980470		GEŠTU~c3	I	GESZTU~c3	𒡵,𒡶	/pcsl/easl/images/o0900801.png
EASL0449	o0980471		GEŠTU~c5	I	GESZTU~c5	𒡷	/pcsl/easl/images/o0900803.png
EASL0450	o0980472		GI	I	GI	𒢄,𒡸	/pcsl/easl/images/o0900806.png
EASL0451	o0980475		|GI×KU~b1|	I	|GIxKU~b1|	𒡹	/pcsl/easl/images/o0900812.png
EASL0452	o0980477		|GI×NAM₂|	I	|GIxNAM2|	𒡺	/pcsl/easl/images/o0900817.png
EASL0453	o0980478		|GI×SIG₂~d1|	I	|GIxSIG2~d1|	𒡻	/pcsl/easl/images/o0900819.png
EASL0454	o0980479	n	|GI×ŠE₃~v1|	I	|GIxSZE3|	𒡼	/pcsl/easl/images/o0900820.png
EASL0455	o0980480	#	|GI×X|	I	|GIxX|	𒡽	/pcsl/easl/images/o0900821.png
EASL0456	o0980482		|GI×1(N58@t)|	I	|GIx1(N58)@t|	𒡾	/pcsl/easl/images/o0900816.png
EASL0457	o0980483		|GI&GI|	I	|GI&GI|	𒡿	/pcsl/easl/images/o0900822.png
EASL0458	o0980484		|(GI&GI)×GIŠ@t|	I	|(GI&GI)xGISZ@t|	𒢀	/pcsl/easl/images/o0900823.png
EASL0459	o0980485	n	|(GI&GI)×ŠE₃~v1|	I	|(GI+&GI)xSZE3|	𒢁	/pcsl/easl/images/o0900824.png
EASL0460	o0980486	#	|(GI&GI)×X|	I	|(GI&GI)xX|	𒢂	/pcsl/easl/images/o0900825.png
EASL0461	o0980474	n	|GI~v1×GIŠ@t|	I	|GIxGISZ@t|	𒢅	/pcsl/easl/images/o0900810.png
EASL0462	o0980476	n	|GI~v1×LAGAB~a|	I	|GIxLAGAB~a|	𒢆	/pcsl/easl/images/o0900814.png
EASL0463	o0980481	n	|GI~v1×1(N14)|	I	|GIx1(N14)|	𒢇	/pcsl/easl/images/o0900815.png
EASL0464	o0980487	n	|GI~v1&GI~v1&GI~v1|	I	|GI&GI&GI|	𒢈	/pcsl/easl/images/o0900826.png
EASL0465	o0980488		GI@t	I	GI@t	𒢃	/pcsl/easl/images/o0900827.png
EASL0466	o0980489		GI₄~a	I	GI4~a	𒢉	/pcsl/easl/images/o0900829.png
EASL0467	o0980490		|GI₄~a×A|	I	|GI4~axA|	𒢊	/pcsl/easl/images/o0900832.png
EASL0468	o0980491		|GI₄~a&GI₄~a|	I	|GI4~a&GI4~a|	𒢋	/pcsl/easl/images/o0900834.png
EASL0469	o0980492		GI₄~b	I	GI4~b	𒢌	/pcsl/easl/images/o0900830.png
EASL0470	o0980493		|GI₄~b&GI₄~b|	I	|GI4~b&GI4~b|	𒢍	/pcsl/easl/images/o0900835.png
EASL0471	o0980494		GI₆	I	GI6	𒢏,𒢎	/pcsl/easl/images/o0900836.png
EASL0472	o0980495		GIBIL	I	GIBIL	𒢐	/pcsl/easl/images/o0900839.png
EASL0473	o0980496		GIBIL@t	I	GIBIL@t	𒢑	/pcsl/easl/images/o0900840.png
EASL0474	o0980497	:	GIBIL₆	I	GIBIL6	𒢒	/pcsl/easl/images/o0900841.png
EASL0475	o0980498	1-.	GIG	I	GIG	󲠒	/pcsl/easl/images/o0900842.png
EASL0476	o0980499	1-	GIL	I	GIL	󲠓	/pcsl/easl/images/o0900843.png
EASL0477	o0980500		GIR~a	I	GIR~a	𒢓	/pcsl/easl/images/o0900845.png
EASL0478	o0980501	.	|GIR~a.KU₆~a|	I	|GIR~a.KU6~a|	𒢔	/pcsl/easl/images/o0900853.png
EASL0479	o0980502		GIR~b	I	GIR~b	𒢕,𒢖	/pcsl/easl/images/o0900846.png
EASL0480	o0980503	n.	|GIR~b~v1.GIR~b~v1|	I	|GIR~b.GIR~b|	𒢗	/pcsl/easl/images/o0900851.png
EASL0481	o0980504		GIR~c	I	GIR~c	𒢘	/pcsl/easl/images/o0900848.png
EASL0482	o0980505		GIR~d	I	GIR~d	𒢙	/pcsl/easl/images/o0900849.png
EASL0483	o0980506		GIR₂~a	I	GIR2~a	𒢚	/pcsl/easl/images/o0900855.png
EASL0484	o0980507		GIR₂~b	I	GIR2~b	𒢛	/pcsl/easl/images/o0900856.png
EASL0485	o0980508		GIR₃~a	I	GIR3~a	𒢜	/pcsl/easl/images/o0900858.png
EASL0486	o0980509		|GIR₃~a×ŠE~b|	I	|GIR3~axSZE~b|	𒢝	/pcsl/easl/images/o0900864.png
EASL0487	o0980510		GIR₃~b	I	GIR3~b	𒢞	/pcsl/easl/images/o0900859.png
EASL0488	o0980511		GIR₃~c	I	GIR3~c	𒢟	/pcsl/easl/images/o0900860.png
EASL0489	o0980512	n	|GIR₃~c×KAR₂~b|	I	|GIR3~cxKAR2|	𒢠	/pcsl/easl/images/o0900862.png
EASL0490	o0980513	n	|GIR₃~c×ŠE₃~v1|	I	|GIR3~cxSZE3|	𒢡	/pcsl/easl/images/o0900866.png
EASL0491	o0980514		GIR₃@g~a	I	GIR3@g~a	𒢢	/pcsl/easl/images/o0900869.png
EASL0492	o0980515		GIR₃@g~b	I	GIR3@g~b	𒢣	/pcsl/easl/images/o0900870.png
EASL0493	o0980516		GIR₃@g~c	I	GIR3@g~c	𒢤	/pcsl/easl/images/o0900871.png
EASL0494	o0980517	1-	GIR₄	I	GIR4	󲠡	/pcsl/easl/images/o0900867.png
EASL0495	o0980518		GISAL~a	I	GISAL~a	𒢥	/pcsl/easl/images/o0900873.png
EASL0496	o0980519		GISAL~b	I	GISAL~b	𒢦	/pcsl/easl/images/o0900874.png
EASL0497	o0980520		GIŠ	I	GISZ	𒢧	/pcsl/easl/images/o0900875.png
EASL0498	o0980521	.	|GIŠ.TE|	I	|GISZ.TE|	𒢨	/pcsl/easl/images/o0900877.png
EASL0499	o0980522	n	|(GIŠ×(DIN.DIN))~a|	I	|(GISZx(DIN.DIN))~a|	𒢩	/pcsl/easl/images/o0900879.png
EASL0500	o0980523	n	|(GIŠ×(DIN.DIN))~b|	I	|(GISZx(DIN.DIN))~b|	𒢪	/pcsl/easl/images/o0900880.png
EASL0501	o0980524	n	|(GIŠ×(DIN.DIN))~c|	I	|(GISZx(DIN.DIN))~c|	𒢫	/pcsl/easl/images/o0900881.png
EASL0502	o0980525		|(GIŠ×ŠU₂)~a|	I	|GISZxSZU2~a|	𒢬	/pcsl/easl/images/o0900883.png
EASL0503	o0980526		|(GIŠ×ŠU₂)~b|	I	|GISZxSZU2~b|	𒢭	/pcsl/easl/images/o0900884.png
EASL0504	o0980527	1-	GIŠ~v	I	GISZ~x	󲠥	/pcsl/easl/images/o0900876.png
EASL0505	o0980528		GIŠ@t	I	GISZ@t	𒢮	/pcsl/easl/images/o0900885.png
EASL0506	o0980529	1-.	|GIŠ@t.E₂~a|	I	|GISZ@t.E2~a|	󲵀	/pcsl/easl/images/o0900887.png
EASL0507	o0980530		GIŠ₃~a	I	GISZ3~a	𒢯	/pcsl/easl/images/o0900889.png
EASL0508	o0980531		|GIŠ₃~a&GIŠ₃~a|	I	|GISZ3~a&GISZ3~a|	𒢰	/pcsl/easl/images/o0900892.png
EASL0509	o0980532		GIŠ₃~b	I	GISZ3~b	𒢱	/pcsl/easl/images/o0900890.png
EASL0510	o0980533		GIŠGAL	I	GISZGAL	𒢳,𒢲	/pcsl/easl/images/o0900893.png
EASL0511	o0980534		GIŠIMMAR~a1	I	GISZIMMAR~a1	𒢴	/pcsl/easl/images/o0900896.png
EASL0512	o0980535		GIŠIMMAR~a2	I	GISZIMMAR~a2	𒢵	/pcsl/easl/images/o0900897.png
EASL0513	o0980536		GIŠIMMAR~a3	I	GISZIMMAR~a3	𒢶	/pcsl/easl/images/o0900898.png
EASL0514	o0980537		GIŠIMMAR~b1	I	GISZIMMAR~b1	𒢷,𒢸,𒢹	/pcsl/easl/images/o0900899.png
EASL0515	o0980538	++	GIŠIMMAR~b2	I	-	󳁰	/pcsl/images/add/thumb/GISZIMMARb2.png
EASL0516	o0980539		GIŠIMMAR~b3	I	GISZIMMAR~b3	𒢺	/pcsl/easl/images/o0900903.png
EASL0517	o0980540	n:	GIZZAL~v	I	GIZZAL~x	𒢻	/pcsl/easl/images/o0900905.png
EASL0518	o0980541		GU	I	GU	𒢼	/pcsl/easl/images/o0900906.png
EASL0519	o0980542		GU₂	I	GU2	𒢽	/pcsl/easl/images/o0900907.png
EASL0520	o0980543		GU₄	I	GU4	𒣁,𒢾	/pcsl/easl/images/o0900908.png
EASL0521	o0980544	n.	|GU₄.ZATU755~b|	I	|GU4.ZATU755~a|	𒢿	/pcsl/easl/images/o0900911.png
EASL0522	o0982249		|GU₄×1(N58)|	GU4+1N58	GU₄+1N58	󳃨	-
EASL0523	o0980546		GU₄@g	I	GU4@g	𒣀	/pcsl/easl/images/o0900914.png
EASL0524	o0980547		GU₇	I	GU7	𒣂,𒣃	/pcsl/easl/images/o0900912.png
EASL0525	o0980548		GUB₃~a	I	GUB3~a	𒣄	/pcsl/easl/images/o0900916.png
EASL0526	o0980549		GUB₃~b	I	GUB3~b	𒣅	/pcsl/easl/images/o0900917.png
EASL0527	o0980550		GUB₃~c	I	GUB3~c	𒣆	/pcsl/easl/images/o0900918.png
EASL0528	o0980551		GUB₃~d	I	GUB3~d	𒣇	/pcsl/easl/images/o0900919.png
EASL0529	o0980552		GUG₂	I	GUG2	𒣊,𒣈	/pcsl/easl/images/o0900920.png
EASL0530	o0980553	n	|GUG₂~v1×SILA₃~a|	I	|GUG2xSILA3~a|	𒣋	/pcsl/easl/images/o0900923.png
EASL0531	o0980554		|GUG₂~v1×ŠITA~a1|	I	|GUG2xSZITA~a1|	󲵃	/pcsl/easl/images/o0900925.png
EASL0532	o0980555	n	|GUG₂~v1×TUR~v1|	I	|GUG2xTUR|	𒣌	/pcsl/easl/images/o0900926.png
EASL0533	o0980556		GUG₂@t	I	GUG2@t	𒣉	/pcsl/easl/images/o0900927.png
EASL0534	o0980557		GUKKAL~a	I	GUKKAL~a	𒣍	/pcsl/easl/images/o0900929.png
EASL0535	o0980558	.	|GUKKAL~a.HI@g~a|	I	|GUKKAL~a.HI@g~a|	𒣎	/pcsl/easl/images/o0900934.png
EASL0536	o0980559		GUKKAL~b	I	GUKKAL~b	𒣏	/pcsl/easl/images/o0900930.png
EASL0537	o0980560		GUKKAL~c	I	GUKKAL~c	𒣐	/pcsl/easl/images/o0900931.png
EASL0538	o0980561		GUKKAL~d	I	GUKKAL~d	𒣑	/pcsl/easl/images/o0900932.png
EASL0539	o0980562		GUL	I	GUL	𒣒	/pcsl/easl/images/o0900935.png
EASL0540	o0980563		GUM~a	I	GUM~a	𒣓	/pcsl/easl/images/o0900937.png
EASL0541	o0980564		GUM~b	I	GUM~b	𒣔,𒣗	/pcsl/easl/images/o0900938.png
EASL0542	o0980565		GUM~b@n	I	GUM~b@n	𒣕,𒣖	/pcsl/easl/images/o0900941.png
EASL0543	o0980566		GUN₃~a	I	GUN3~a	𒣘	/pcsl/easl/images/o0900944.png
EASL0544	o0980567		GUN₃~b	I	GUN3~b	𒣙	/pcsl/easl/images/o0900945.png
EASL0545	o0980568		GUR	I	GUR	𒣚	/pcsl/easl/images/o0900946.png
EASL0546	o0980569		GURUŠ~a	I	GURUSZ~a	𒣛,𒣝;󳃶	/pcsl/easl/images/o0900948.png
EASL0547	o0980570		|GURUŠ~a×2(N14)|	I	|GURUSZ~ax2(N14)|	𒣜	/pcsl/easl/images/o0900952.png
EASL0548	o0980571		GURUŠ~b	I	GURUSZ~b	𒣞	/pcsl/easl/images/o0900950.png
EASL0549	o0980572		|GURUŠ~b×2(N14)|	I	|GURUSZ~bx2(N14)|	𒣟	/pcsl/easl/images/o0900953.png
EASL0550	o0980573		|GURUŠ~c×2(N14)|	I	|GURUSZ~cx2(N14)|	𒣠	/pcsl/easl/images/o0900954.png
EASL0551	o0980574		GURUŠDA	I	GURUSZDA	𒣡	/pcsl/easl/images/o0900955.png
EASL0552	o0980575		HAL	I	HAL	𒣢	/pcsl/easl/images/o0900956.png
EASL0553	o0980576		HALUB	I	HALUB	𒣣	/pcsl/easl/images/o0900957.png
EASL0554	o0980577		HAŠHUR	I	HASZHUR	𒣤	/pcsl/easl/images/o0900958.png
EASL0555	o0980578		|HAŠHUR×MA|	I	|HASZHURxMA|	𒣥	/pcsl/easl/images/o0900959.png
EASL0556	o0980579		HI	I	HI	𒣦	/pcsl/easl/images/o0900960.png
EASL0557	o0980580	.c	|HI.SUHUR|	I	|HI.SUHUR|	𒣧,𒣨,𒣩	/pcsl/easl/images/o0900962.png
EASL0558	o0980581	:	|HI×LAGAB~a|	I	|HIxLAGAB~a|	𒣪	/pcsl/easl/images/o0900966.png
EASL0559	o0980582	1-	|HI×ŠE₃~v1@t|	I	|HIxSZE3@t|	󲵑	/pcsl/easl/images/o0900972.png
EASL0560	o0980583		|HI×ZATU707~a|	I	|HIxZATU707~a|	𒣫	/pcsl/easl/images/o0900974.png
EASL0561	o0980584	1-	|HI×1(N01@f)|	I	|HIx1(N01)F|	󲵋	/pcsl/easl/images/o0900967.png
EASL0562	o0980585		|HI×1(N57)|	I	|HIx1(N57)|	𒣬	/pcsl/easl/images/o0900968.png
EASL0563	o0980586	.	|(HI×1(N57)).(HI×1(N57))|	I	|(HIx1(N57))&(HI+1(N57))|	𒣭;󳂒	/pcsl/easl/images/o0900969.png
EASL0564	o0980587		|HI×1(N57@t)|	I	|HIx1(N57)@t|	𒣮	/pcsl/easl/images/o0900970.png
EASL0565	o0980588		|HI×1(N58)|	I	|HIx1(N58)|	𒣯	/pcsl/easl/images/o0900971.png
EASL0566	o0980589	++	HI~b	I	-	󳁱	/pcsl/images/add/thumb/HIb.png
EASL0567	o0980590		HI@g~a	I	HI@g~a	𒣰	/pcsl/easl/images/o0900976.png
EASL0568	o0980591		HI@g~b	I	HI@g~b	𒣱	/pcsl/easl/images/o0900977.png
EASL0569	o0980592		HI@g~c	I	HI@g~c	𒣲	/pcsl/easl/images/o0900978.png
EASL0570	o0980593	1-	HUB₂	I	HUB2	󲡙	/pcsl/easl/images/o0900979.png
EASL0571	o0980594		I	I	I	𒣳	/pcsl/easl/images/o0900981.png
EASL0572	o0980595		IB~a	I	IB~a	𒣴;󳃳,󳃴	/pcsl/easl/images/o0900983.png
EASL0573	o0980596		IB~a@n	I	|IB~a@n|	𒣵	/pcsl/easl/images/o0900987.png
EASL0574	o0980597		IB~b	I	IB~b	𒣶	/pcsl/easl/images/o0900984.png
EASL0575	o0980599		IDIGNA	I	IDIGNA	𒣸,𒣷	/pcsl/easl/images/o0900988.png
EASL0576	o0980600		IG~a	I	IG~a	𒣹	/pcsl/easl/images/o0900991.png
EASL0577	o0980601		IG~b	I	IG~b	𒣺	/pcsl/easl/images/o0900992.png
EASL0578	o0980602	1-	IGI	I	IGI	󲡢	/pcsl/easl/images/o0900993.png
EASL0579	o0980603		IL	I	IL	𒣻	/pcsl/easl/images/o0900995.png
EASL0580	o0980604	:	ILDUM~a	I	ILDUM~a	𒣼	/pcsl/easl/images/o0900997.png
EASL0581	o0980605	:	ILDUM~b	I	ILDUM~b	𒣽	/pcsl/easl/images/o0900998.png
EASL0582	o0980606		IM~a	I	IM~a	𒣾	/pcsl/easl/images/o0901000.png
EASL0583	o0980607	1-	IM~a@g	I	IM~a@g	󲡧	/pcsl/easl/images/o0901003.png
EASL0584	o0980608		IM~b	I	IM~b	𒣿	/pcsl/easl/images/o0901001.png
EASL0585	o0980609		IN~b	I	IN~b	𒤀,𒤁	/pcsl/easl/images/o0901005.png
EASL0586	o0980610		IN~d	I	IN~d	𒤂	/pcsl/easl/images/o0901007.png
EASL0587	o0980611		IR~a	I	IR~a	𒤃	/pcsl/easl/images/o0901009.png
EASL0588	o0980612	.	|IR~a.GA₂~a1|	I	|IR~a.GA2~a1|	𒤄	/pcsl/easl/images/o0901014.png
EASL0589	o0980613		IR~b	I	IR~b	𒤅	/pcsl/easl/images/o0901010.png
EASL0590	o0980614		IR~c	I	IR~c	𒤆	/pcsl/easl/images/o0901011.png
EASL0591	o0980615		IR~d	I	IR~d	𒤇	/pcsl/easl/images/o0901012.png
EASL0592	o0980616	:	IR₁₁	I	IR11	𒤈,𒤉	/pcsl/easl/images/o0901016.png
EASL0593	o0980617	#	IRHAN	I	IRHAN	𒤊	/pcsl/easl/images/o0901018.png
EASL0594	o0980618		IŠ~a	I	ISZ~a	𒤌,𒤋	/pcsl/easl/images/o0901020.png
EASL0595	o0980619	nc	IŠ~b	I	ISZ~b	𒤍,𒤎,𒤏,𒤐,𒤑,𒤒	/pcsl/easl/images/o0901022.png
EASL0596	o0980620		IŠ~c	I	ISZ~c	𒤓	/pcsl/easl/images/o0901028.png
EASL0597	o0980621		KA~a	I	KA~a	𒤔	/pcsl/easl/images/o0901030.png
EASL0598	o0980623		|KA~a×SAR~a|	I	|KA~axSAR~a|	𒤕	/pcsl/easl/images/o0901036.png
EASL0599	o0980622	n.	|KA~a~v1.ŠE~a|	I	|KA~a.SZE~a|	𒤗,𒤖	/pcsl/easl/images/o0901032.png
EASL0600	o0980624		KA₂~a	I	KA2~a	𒤘	/pcsl/easl/images/o0901038.png
EASL0601	o0980625		KA₂~b	I	KA2~b	𒤙	/pcsl/easl/images/o0901039.png
EASL0602	o0980626		KA₂~c	I	KA2~c	𒤚	/pcsl/easl/images/o0901040.png
EASL0603	o0980627	1-	KA₂~d	I	KA2~d	󲢀	/pcsl/easl/images/o0901041.png
EASL0604	o0980628	nc	|KA₂~d×LAM~b~v2|	I	|KA2xLAM|	𒤛;󿿹	/pcsl/easl/images/o0901043.png
EASL0605	o0980629		KAB	I	KAB	𒤜	/pcsl/easl/images/o0901044.png
EASL0606	o0980630		|KAB×1(N58)|	I	|KABx1(N58)|	𒤝	/pcsl/easl/images/o0901045.png
EASL0607	o0980631		KAD₄~a	I	KAD4~a	𒤞	/pcsl/easl/images/o0901047.png
EASL0608	o0980632		KAD₄~b	I	KAD4~b	𒤟	/pcsl/easl/images/o0901048.png
EASL0609	o0980633		KAD₄~c1	I	KAD4~c1	𒤠	/pcsl/easl/images/o0901049.png
EASL0610	o0980634		KAD₄~c2	I	KAD4~c2	𒤡	/pcsl/easl/images/o0901050.png
EASL0611	o0980635		KAK~a	I	KAK~a	𒤢	/pcsl/easl/images/o0901052.png
EASL0612	o0980636	.	|KAK~a.GA₂~a1|	I	|KAK~a.GA2~a1|	𒤣	/pcsl/easl/images/o0901055.png
EASL0613	o0980637		KAK~b	I	KAK~b	𒤤	/pcsl/easl/images/o0901053.png
EASL0614	o0980638		KAL~a	I	KAL~a	𒤥	/pcsl/easl/images/o0901057.png
EASL0615	o0980639		KAL~b1	I	KAL~b1	𒤦,𒤧	/pcsl/easl/images/o0901058.png
EASL0616	o0980640		KAL~b2	I	KAL~b2	𒤨	/pcsl/easl/images/o0901060.png
EASL0617	o0980641		KALAM~a	I	KALAM~a	𒤩	/pcsl/easl/images/o0901062.png
EASL0618	o0980642		KALAM~b	I	KALAM~b	𒤪	/pcsl/easl/images/o0901063.png
EASL0619	o0980643		KALAM~c	I	KALAM~c	𒤫	/pcsl/easl/images/o0901064.png
EASL0620	o0980644		KALAM~d	I	KALAM~d	𒤬	/pcsl/easl/images/o0901065.png
EASL0621	o0980645		KALAM~e	I	KALAM~e	𒤭	/pcsl/easl/images/o0901066.png
EASL0622	o0980646		KALAM~f	I	KALAM~f	𒤮	/pcsl/easl/images/o0901067.png
EASL0623	o0980650	:	KAR	I	KAR	𒤯	/pcsl/easl/images/o0901071.png
EASL0624	o0980651		KAR₂~a	I	KAR2~a	𒤰	/pcsl/easl/images/o0901073.png
EASL0625	o0980652		KAR₂~b	I	KAR2~b	𒤱	/pcsl/easl/images/o0901074.png
EASL0626	o0980653		KASKAL	I	KASKAL	𒤲	/pcsl/easl/images/o0901075.png
EASL0627	o0980654		KASKAL@g	I	|KASKAL@g|	𒤳	/pcsl/easl/images/o0901076.png
EASL0628	o0980655		KAŠ~a	I	KASZ~a	𒤵,𒤴	/pcsl/easl/images/o0901078.png
EASL0629	o0980656		KAŠ~b	I	KASZ~b	𒤸,𒤶	/pcsl/easl/images/o0901080.png
EASL0630	o0980657	n	|KAŠ~b~v1×ŠE~a@t~v1|	I	|KASZ~bxSZE~a|	𒤹	/pcsl/easl/images/o0901086.png
EASL0631	o0980658		KAŠ~b@t	I	|KASZ~b@t|	𒤷	/pcsl/easl/images/o0901088.png
EASL0632	o0980659		KAŠ~c	I	KASZ~c	𒤺	/pcsl/easl/images/o0901082.png
EASL0633	o0980660		KAŠ~d	I	KASZ~d	𒤻	/pcsl/easl/images/o0901083.png
EASL0634	o0980661	1-	KEŠ₂	I	KESZ2	󲢞	/pcsl/easl/images/o0901089.png
EASL0635	o0980662		KI	I	KI	𒤼	/pcsl/easl/images/o0901090.png
EASL0636	o0980663		KI@n	I	KI@n	𒤽	/pcsl/easl/images/o0901091.png
EASL0637	o0980664		|KI@n×DUB~a|	I	|KI@nxDUB~a|	𒤾	/pcsl/easl/images/o0901093.png
EASL0638	o0980665		KIB	I	KIB	𒤿	/pcsl/easl/images/o0901094.png
EASL0639	o0980666		KIB@g	I	KIB@g	𒥀	/pcsl/easl/images/o0901095.png
EASL0640	o0980667		KID~a	I	KID~a	𒥁	/pcsl/easl/images/o0901097.png
EASL0641	o0980668		KID~b	I	KID~b	𒥂	/pcsl/easl/images/o0901098.png
EASL0642	o0980669		KID~c	I	KID~c	𒥃	/pcsl/easl/images/o0901099.png
EASL0643	o0980670		KID~d	I	KID~d	𒥄	/pcsl/easl/images/o0901100.png
EASL0644	o0980671		KID~e	I	KID~e	𒥅	/pcsl/easl/images/o0901101.png
EASL0645	o0980672		KIN	I	KIN	𒥆	/pcsl/easl/images/o0901102.png
EASL0646	o0980673		KIN₂~a	I	KIN2~a	𒥇	/pcsl/easl/images/o0901104.png
EASL0647	o0980675		KIN₂~c	I	KIN2~c	𒥈	/pcsl/easl/images/o0901106.png
EASL0648	o0980676		KIN₂~d	I	KIN2~d	𒥉	/pcsl/easl/images/o0901107.png
EASL0649	o0980677		KIN₂~e	I	KIN2~e	𒥊	/pcsl/easl/images/o0901108.png
EASL0650	o0980678	:	KINGAL	I	KINGAL	𒥋,𒥌	/pcsl/easl/images/o0901109.png
EASL0651	o0980679	:	KIR₁₁	I	KIR11	𒥍	/pcsl/easl/images/o0901111.png
EASL0652	o0980680		KISAL~a1	I	KISAL~a1	𒥎	/pcsl/easl/images/o0901113.png
EASL0653	o0980681		KISAL~a2	I	KISAL~a2	𒥏	/pcsl/easl/images/o0901114.png
EASL0654	o0980682		KISAL~b1	I	KISAL~b1	𒥐	/pcsl/easl/images/o0901115.png
EASL0655	o0980683		KISAL~b2	I	KISAL~b2	𒥑	/pcsl/easl/images/o0901116.png
EASL0656	o0980684		KISAL~b2@t	I	|KISAL~b2@t|	𒥒	/pcsl/easl/images/o0901120.png
EASL0657	o0980685		KISAL~b3	I	KISAL~b3	𒥓	/pcsl/easl/images/o0901117.png
EASL0658	o0980686		KISIM~a	I	KISIM~a	𒥔	/pcsl/easl/images/o0901122.png
EASL0659	o0980687		KISIM~b	I	KISIM~b	𒥕,𒥖,𒥗,𒥘	/pcsl/easl/images/o0901123.png
EASL0660	o0980688		KISIM~c	I	KISIM~c	𒥙	/pcsl/easl/images/o0901127.png
EASL0661	o0980689		KIŠ	I	KISZ	𒥚,𒥛	/pcsl/easl/images/o0901128.png
EASL0662	o0980690		KIŠIK~a	I	KISZIK~a	𒥜	/pcsl/easl/images/o0901131.png
EASL0663	o0980691		KIŠIK~b	I	KISZIK~b	𒥝	/pcsl/easl/images/o0901132.png
EASL0664	o0980692	:	KITI	I	KITI	𒥞,𒥟	/pcsl/easl/images/o0901133.png
EASL0665	o0980693		KU~a	I	KU~a	𒥠	/pcsl/easl/images/o0901136.png
EASL0666	o0980694	1-	KU~a@t	I	KU~a@t	󲣃	/pcsl/easl/images/o0901140.png
EASL0667	o0980695		KU~b1	I	KU~b1	𒥡	/pcsl/easl/images/o0901137.png
EASL0668	o0980696		KU~b2	I	KU~b2	𒥢	/pcsl/easl/images/o0901138.png
EASL0669	o0980697		KU₃~a	I	KU3~a	𒥣	/pcsl/easl/images/o0901142.png
EASL0670	o0980698		KU₃~c	I	KU3~c	𒥤	/pcsl/easl/images/o0901143.png
EASL0671	o0980699		KU₆~a	I	KU6~a	𒥥	/pcsl/easl/images/o0901145.png
EASL0672	o0980700	.	|KU₆~a.1(N02)|	I	|KU6~a.1(N02)|	𒥦	/pcsl/easl/images/o0901149.png
EASL0673	o0980701	.	|KU₆~a+GIŠ|	I	|KU6~a+GISZ|	𒥧	/pcsl/easl/images/o0901151.png
EASL0674	o0980702		|KU₆~a+KU₆~a|	I	|KU6~a+KU6~a|	𒥨	/pcsl/easl/images/o0901153.png
EASL0675	o0980703		KU₆~a@s	I	KU6~a@s	𒥩	/pcsl/easl/images/o0901155.png
EASL0676	o0980704		KU₆~c	I	KU6~c	𒥪	/pcsl/easl/images/o0901146.png
EASL0677	o0980705		KU₆~d	I	KU6~d	𒥫	/pcsl/easl/images/o0901147.png
EASL0678	o0980706	1-	KUN	I	KUN	󲣌	/pcsl/easl/images/o0901156.png
EASL0679	o0980707		KUR~a	I	KUR~a	𒥬	/pcsl/easl/images/o0901158.png
EASL0680	o0980708	.	|KUR~a.E₂~a|	I	|KUR~a.E2~a|	𒥭	/pcsl/easl/images/o0901164.png
EASL0681	o0980709	.	|KUR~a.NUNUZ~a1|	I	|KUR~a.NUNUZ~a1|	𒥮	/pcsl/easl/images/o0901167.png
EASL0682	o0980710		KUR~b	I	KUR~b	𒥯	/pcsl/easl/images/o0901159.png
EASL0683	o0980711	.	|KUR~b.E₂~a|	I	|KUR~b.E2~a|	𒥰	/pcsl/easl/images/o0901165.png
EASL0684	o0980712		KUR~c	I	KUR~c	𒥱,𒥲	/pcsl/easl/images/o0901160.png
EASL0685	o0980713		KUR~d	I	KUR~d	𒥳	/pcsl/easl/images/o0901162.png
EASL0686	o0980714		KUR@g~a	I	|KUR@g~a|	𒥴	/pcsl/easl/images/o0901169.png
EASL0687	o0980715		KUR@g~b	I	|KUR@g~b|	𒥵	/pcsl/easl/images/o0901170.png
EASL0688	o0980716		KUŠU₂~a	I	KUSZU2~a	𒥶	/pcsl/easl/images/o0901172.png
EASL0689	o0980717		KUŠU₂~b	I	KUSZU2~b	𒥷	/pcsl/easl/images/o0901173.png
EASL0690	o0980718		KUŠU₂~c	I	KUSZU2~c	𒥸	/pcsl/easl/images/o0901174.png
EASL0691	o0980719		KUŠU₂~d	I	KUSZU2~d	𒥹	/pcsl/easl/images/o0901175.png
EASL0692	o0980720		KUŠU₂~e	I	KUSZU2~e	𒥺	/pcsl/easl/images/o0901176.png
EASL0693	o0980721		KUŠU₂~f	I	KUSZU2~f	𒥻	/pcsl/easl/images/o0901177.png
EASL0694	o0980722		LA~b	I	LA~b	𒥼	/pcsl/easl/images/o0901179.png
EASL0695	o0980723		LA~c	I	LA~c	𒥽	/pcsl/easl/images/o0901180.png
EASL0696	o0980724		LA~d	I	LA~d	𒥾	/pcsl/easl/images/o0901181.png
EASL0697	o0980725	1-	LA~e	I	LA~e	󲣝	/pcsl/easl/images/o0901182.png
EASL0698	o0980726		LA₂	I	LA2	𒥿	/pcsl/easl/images/o0901184.png
EASL0699	o0980727		LAGAB~a	I	LAGAB~a	𒦀	/pcsl/easl/images/o0901186.png
EASL0700	o0980728		|LAGAB~a×BA|	I	|LAGAB~axBA|	𒦁	/pcsl/easl/images/o0901191.png
EASL0701	o0980729		|LAGAB~a×BIR₃~b|	I	|LAGAB~axBIR3~b|	𒦂	/pcsl/easl/images/o0901195.png
EASL0702	o0980730	n	|LAGAB~a×DU₆~a~v1|	I	|LAGAB~axDU6~b|	𒦃	/pcsl/easl/images/o0901197.png
EASL0703	o0980731		|LAGAB~a×KAK~a|	I	|LAGAB~axKAK~a|	𒦄	/pcsl/easl/images/o0901205.png
EASL0704	o0980732		|LAGAB~a×KU₆~a|	I	|LAGAB~axKU6~a|	𒦅	/pcsl/easl/images/o0901207.png
EASL0705	o0980733		|LAGAB~a×(KU₆~a+KU₆~a)|	I	|LAGAB~ax(KU6~a+KU6~a)|	𒦆	/pcsl/easl/images/o0901209.png
EASL0706	o0980734	n	|LAGAB~a×KUŠU₂~a@t|	I	|LAGAB~axKUSZU2~b|	𒦇	/pcsl/easl/images/o0901213.png
EASL0707	o0980735	++	|LAGAB~a×LA₂~a|	I	-	󳀙	/pcsl/images/add/thumb/LAGABxLA2-photo.png
EASL0708	o0980736		|LAGAB~a×LAGAB~a|	I	|LAGAB~axLAGAB~a|	𒦈	/pcsl/easl/images/o0901217.png
EASL0709	o0980737		|LAGAB~a×ME~a|	I	|LAGAB~axME~a|	𒦉	/pcsl/easl/images/o0901219.png
EASL0710	o0980738	++	|LAGAB~a×NI~a|	I	-	󳀖	/pcsl/images/add/thumb/LAGABxNI-photo.png
EASL0711	o0980739		|LAGAB~a×NUN~b|	I	|LAGAB~axNUN~b|	𒦊	/pcsl/easl/images/o0901229.png
EASL0712	o0980740		|LAGAB~a×PA~a|	I	|LAGAB~axPA~a|	𒦋	/pcsl/easl/images/o0901231.png
EASL0713	o0980741	n	|LAGAB~a×SI~v1|	I	|LAGAB~axSI|	𒦌	/pcsl/easl/images/o0901234.png
EASL0714	o0980742	n	|LAGAB~a×SIG₇~v1|	I	|LAGAB~axSIG7|	𒦍	/pcsl/easl/images/o0901237.png
EASL0715	o0980743		|LAGAB~a×SU~a|	I	|LAGAB~axSU~a|	𒦎	/pcsl/easl/images/o0901239.png
EASL0716	o0980744		|LAGAB~a×ŠA|	I	|LAGAB~axSZA|	𒦏	/pcsl/easl/images/o0901243.png
EASL0717	o0980745		|LAGAB~a×ŠITA~a1|	I	|LAGAB~axSZITA~a1|	𒦐	/pcsl/easl/images/o0901245.png
EASL0718	o0980746		|LAGAB~a×TI|	I	|LAGAB~axTI|	𒦑	/pcsl/easl/images/o0901248.png
EASL0719	o0980747		|LAGAB~a×U₄|	I	|LAGAB~axU4|	𒦒	/pcsl/easl/images/o0901250.png
EASL0720	o0980748		|LAGAB~a×UB|	I	|LAGAB~axUB|	𒦓	/pcsl/easl/images/o0901253.png
EASL0721	o0980749	#	|LAGAB~a×X|	I	|LAGAB~axX|	𒦔	/pcsl/easl/images/o0901255.png
EASL0722	o0980750		|LAGAB~a×ZATU753|	I	|LAGAB~axZATU753|	𒦕	/pcsl/easl/images/o0901258.png
EASL0723	o0980751		|LAGAB~a×2(N14)|	I	|LAGAB~ax2(N14)|	𒦖	/pcsl/easl/images/o0901223.png
EASL0724	o0980753		LAGAB~b	I	LAGAB~b	𒦗	/pcsl/easl/images/o0901187.png
EASL0725	o0980754	.	|LAGAB~b.TE|	I	|LAGAB~b.TE|	𒦗_𒮹	-
EASL0726	o0980755		|LAGAB~b×BANŠUR~a|	I	|LAGAB~bxBANSZUR~a|	𒦘	/pcsl/easl/images/o0901193.png
EASL0727	o0980756		|LAGAB~b×GAʾAR~a1|	I	|LAGAB~bxGA'AR~a1|	𒦙	/pcsl/easl/images/o0901199.png
EASL0728	o0980757		|LAGAB~b×HI|	I	|LAGAB~bxHI|	𒦚	/pcsl/easl/images/o0901201.png
EASL0729	o0980758	++	|LAGAB~b×(HI×1(N04))|	I	-	󳀕	/pcsl/images/add/thumb/LAGABxHIx1N04-photo.png
EASL0730	o0980759		|LAGAB~b×KUR~e|	I	|LAGAB~bxKUR~e|	𒦛	/pcsl/easl/images/o0901211.png
EASL0731	o0980760		|LAGAB~b×PA~a|	I	|LAGAB~bxPA~a|	𒦜	/pcsl/easl/images/o0901232.png
EASL0732	o0980761	1-	|LAGAB~b×SI|	I	|LAGAB~bxSI|	󲶃	/pcsl/easl/images/o0901235.png
EASL0733	o0980762		|LAGAB~b×SUH₃|	I	|LAGAB~bxSUH|3	𒦝	/pcsl/easl/images/o0901241.png
EASL0734	o0980763	1-	|LAGAB~b×ŠITA~c|	I	|LAGAB~bxSZITA~c|	󲶂	/pcsl/easl/images/o0901246.png
EASL0735	o0980764		|LAGAB~b×U₄|	I	|LAGAB~bxU4|	𒦞	/pcsl/easl/images/o0901251.png
EASL0736	o0980765	1-#	|LAGAB~b×X|	I	|LAGAB~bxX|	󲶆	/pcsl/easl/images/o0901256.png
EASL0737	o0980766	1-	|LAGAB~b×1(N01)|	I	|LAGAB~bx1(N01)|	󲵻	/pcsl/easl/images/o0901221.png
EASL0738	o0980767		|LAGAB~b&LAGAB~b|	I	|LAGAB~bxLAGAB~b|	𒦟	/pcsl/easl/images/o0901260.png
EASL0739	o0980768		LAGAR~a	I	LAGAR~a	𒦠	/pcsl/easl/images/o0901262.png
EASL0740	o0980769		LAGAR~a@r	I	LAGAR~a@r	𒦡	/pcsl/easl/images/o0901267.png
EASL0741	o0980770		LAGAR~b1	I	LAGAR~b1	𒦢	/pcsl/easl/images/o0901263.png
EASL0742	o0980771		LAGAR~b2	I	LAGAR~b2	𒦣	/pcsl/easl/images/o0901264.png
EASL0743	o0980772		LAGAR~c	I	LAGAR~c	𒦤	/pcsl/easl/images/o0901265.png
EASL0744	o0980773	:	LAHTAN₂	I	LAHTAN2	𒦥	/pcsl/easl/images/o0901268.png
EASL0745	o0980774	1-	LAK025	I	LAK025	󲣧	/pcsl/easl/images/o0901295.png
EASL0746	o0980775	1-	LAK050	I	LAK050	󲣨	/pcsl/easl/images/o0901296.png
EASL0747	o0980776	1-	LAK172	I	LAK172	󲣩	/pcsl/easl/images/o0901297.png
EASL0748	o0980777	1-	LAK251	I	LAK251	󲣪	/pcsl/easl/images/o0901298.png
EASL0749	o0980778	1-	LAK350	I	LAK350	󲣫	/pcsl/easl/images/o0901299.png
EASL0750	o0980779	1-	LAK777	I	LAK777	󲣬	/pcsl/easl/images/o0901300.png
EASL0751	o0980780		LAL₂~a	I	LAL2~a	𒦦	/pcsl/easl/images/o0901270.png
EASL0752	o0980781	n	|LAL₂~a×EZEN~a~v1|	I	|LAL2~axEZEN~a|	𒦧	/pcsl/easl/images/o0901273.png
EASL0753	o0980783		|LAL₂~a×NIM~b2|	I	|LAL2~axNIM~b2|	𒦨	/pcsl/easl/images/o0901277.png
EASL0754	o0980784		LAL₂~b	I	LAL2~b	𒦩	/pcsl/easl/images/o0901271.png
EASL0755	o0980785		LAL₃~a	I	LAL3~a	𒦪	/pcsl/easl/images/o0901279.png
EASL0756	o0980786		LAL₃~b	I	LAL3~b	𒦫	/pcsl/easl/images/o0901280.png
EASL0757	o0980787	1-	LAL₃~c	I	LAL3~c	󲣱	/pcsl/easl/images/o0901281.png
EASL0758	o0980788		LAM~a	I	LAM~a	𒦬	/pcsl/easl/images/o0901283.png
EASL0759	o0980789		LAM~b	I	LAM~b	𒦭,𒦱,𒦲	/pcsl/easl/images/o0901284.png
EASL0760	o0980790		LAM~b@r	I	LAM~b@r	𒦮	/pcsl/easl/images/o0901290.png
EASL0761	o0980791		LAM~b@s	I	LAM~b@s	𒦯	/pcsl/easl/images/o0901292.png
EASL0762	o0980792		LAM~b@t	I	|LAM~b@t|	𒦰	/pcsl/easl/images/o0901294.png
EASL0763	o0980793	1-	LAM~c	I	LAM~c	󲣹	/pcsl/easl/images/o0901287.png
EASL0764	o0980794	.B	LI	I	LI	𒦳,𒦴	/pcsl/easl/images/o0901301.png
EASL0765	o0980795		LIŠ	I	LISZ	𒦵	/pcsl/easl/images/o0901303.png
EASL0766	o0980796		LU₂	I	LU2	𒦹,𒦶,𒦸	/pcsl/easl/images/o0901304.png
EASL0767	o0980797		|LU₂×GEŠTU~c3|	I	|LU2xGESZTU~c3|	𒦷	/pcsl/easl/images/o0901308.png
EASL0768	o0980798	1-	LU₂@t	I	LU2@t	󲤀	/pcsl/easl/images/o0901309.png
EASL0769	o0980799	:	LUGAL	I	LUGAL	𒦺,𒦻	/pcsl/easl/images/o0901310.png
EASL0770	o0980800		LUM	I	LUM	𒦼	/pcsl/easl/images/o0901312.png
EASL0771	o0980801		MA	I	MA	𒦽,𒧀	/pcsl/easl/images/o0901313.png
EASL0772	o0980803		|MA×MA|	I	|MAxMA|	𒦾	/pcsl/easl/images/o0901316.png
EASL0773	o0980806		|MA×1(N58)|	I	|MAx1(N58)|	𒦿	/pcsl/easl/images/o0901318.png
EASL0774	o0980802	n	|MA~v1×A|	I	|MAxA|	𒧁	/pcsl/easl/images/o0901315.png
EASL0775	o0980804	1-#	|MA~v1×X|	I	|MAxX|	󲶎	/pcsl/easl/images/o0901319.png
EASL0776	o0980805	1-	|MA~v1×2(N57)|	I	|MAx2(N57)|	󲶋	/pcsl/easl/images/o0901317.png
EASL0777	o0980807		MA₂	I	MA2	𒧂	/pcsl/easl/images/o0901320.png
EASL0778	o0980808		MAGUR~a	I	MAGUR~a	𒧃	/pcsl/easl/images/o0901322.png
EASL0779	o0980809		MAGUR~b	I	MAGUR~b	𒧄	/pcsl/easl/images/o0901323.png
EASL0780	o0980810		MAH~a	I	MAH~a	𒧅	/pcsl/easl/images/o0901325.png
EASL0781	o0980811		|MAH~a×AB₂|	I	|MAH~axAB2|	𒧆	/pcsl/easl/images/o0901328.png
EASL0782	o0980812		|MAH~a×GUKKAL~a|	I	|MAH~axGUKKAL~a|	𒧇	/pcsl/easl/images/o0901330.png
EASL0783	o0980813		|MAH~a×KU₆~a|	I	|MAH~axKU6~a|	𒧈	/pcsl/easl/images/o0901332.png
EASL0784	o0980814		|MAH~a×MAŠ|	I	|MAH~axMASZ|	𒧉	/pcsl/easl/images/o0901335.png
EASL0785	o0980815		|MAH~a×NA~a|	I	|MAH~axNA~a|	𒧊	/pcsl/easl/images/o0901338.png
EASL0786	o0980816		|MAH~a×(SILA₃~a×UMBIN~a)|	I	|MAH~ax(SILA3~axUMBIN~a)|	𒧋	/pcsl/easl/images/o0901343.png
EASL0787	o0980817		|MAH~a×TUG₂~a|	I	|MAH~axTUG2~a|	𒧌	/pcsl/easl/images/o0901345.png
EASL0788	o0980819	n	|MAH~a×UD₅~a~v1|	I	|MAH~axUD5~a|	𒧍	/pcsl/easl/images/o0901349.png
EASL0789	o0980820		|MAH~a×UDU~a|	I	|MAH~axUDU~a|	𒧎	/pcsl/easl/images/o0901351.png
EASL0790	o0980821		|MAH~a×UR~a|	I	|MAH~axUR~a|	𒧏	/pcsl/easl/images/o0901353.png
EASL0791	o0980822		|MAH~a×UTUA~a|	I	|MAH~axUTUA~a|	𒧐	/pcsl/easl/images/o0901355.png
EASL0792	o0980823	#	|MAH~a×X|	I	|MAH~axX|	𒧑	/pcsl/easl/images/o0901357.png
EASL0793	o0980824		|MAH~a×ZATU659|	I	|MAH~axZATU659|	𒧒	/pcsl/easl/images/o0901359.png
EASL0794	o0980825		MAH~b	I	MAH~b	𒧓	/pcsl/easl/images/o0901326.png
EASL0795	o0980826		|MAH~b×KU₆~a|	I	|MAH~bxKU6~a|	𒧔	/pcsl/easl/images/o0901333.png
EASL0796	o0980827		|MAH~b×MAŠ|	I	|MAH~bxMASZ|	𒧕	/pcsl/easl/images/o0901336.png
EASL0797	o0980828		|MAH~b×NA~a|	I	|MAH~bxNA~a|	𒧖	/pcsl/easl/images/o0901339.png
EASL0798	o0980829		|MAH~b×SAL|	I	|MAH~bxSAL|	𒧗	/pcsl/easl/images/o0901341.png
EASL0799	o0980830		MAR~a	I	MAR~a	𒧘,𒧚	/pcsl/easl/images/o0901361.png
EASL0800	o0980831		MAR~a@g	I	MAR~a@g	𒧙	/pcsl/easl/images/o0901373.png
EASL0801	o0980832		MAR~a@t	I	MAR~a@t	󿿼	-
EASL0802	o0980833		MAR~b	I	MAR~b	𒧛	/pcsl/easl/images/o0901363.png
EASL0803	o0980834	++	|MAR~b×GAR|	I	-	󳀂	/pcsl/images/add/thumb/MARxGAR.png
EASL0804	o0980835	n	|MAR~b×(LAGAB~b.ŠE₃~v1)|	I	|MAR~bx(LAGAB~b.SZE3)|	𒧜	/pcsl/easl/images/o0901367.png
EASL0805	o0980836		|MAR~b×ŠE~a|	I	|MAR~bxSZE~a|	𒧝	/pcsl/easl/images/o0901369.png
EASL0806	o0980837	#	|MAR~b×X|	I	|MAR~bxX|	𒧞	/pcsl/easl/images/o0901371.png
EASL0807	o0980838		MAŠ	I	MASZ	𒧟	/pcsl/easl/images/o0901376.png
EASL0808	o0980839		MAŠ₂	I	MASZ2	𒧠	/pcsl/easl/images/o0901377.png
EASL0809	o0980840		MAŠ₂@g	I	MASZ2@g	𒧡	/pcsl/easl/images/o0901378.png
EASL0810	o0980841		ME~a	I	ME~a	𒧢	/pcsl/easl/images/o0901380.png
EASL0811	o0980842		ME~b	I	ME~b	𒧣	/pcsl/easl/images/o0901381.png
EASL0812	o0980843	!U	ME₃	I	ME3	𒧤	/pcsl/easl/images/o0901382.png
EASL0813	o0980844		MEN~a	I	MEN~a	𒧥,𒧦	/pcsl/easl/images/o0901384.png
EASL0814	o0980845		MEN~b	I	MEN~b	𒧧	/pcsl/easl/images/o0901386.png
EASL0815	o0980846		MES	I	MES	𒧨,𒧩	/pcsl/easl/images/o0901387.png
EASL0816	o0980847		MIR~a	I	MIR~a	𒧪	/pcsl/easl/images/o0901390.png
EASL0817	o0980848		MIR~b	I	MIR~b	𒧫	/pcsl/easl/images/o0901391.png
EASL0818	o0980849		MU	I	MU	𒧬	/pcsl/easl/images/o0901392.png
EASL0819	o0980850		MUD	I	MUD	𒧭,𒧮	/pcsl/easl/images/o0901393.png
EASL0820	o0980851		MUD₃~a	I	MUD3~a	𒧯	/pcsl/easl/images/o0901396.png
EASL0821	o0980852		MUD₃~a@g	I	MUD3~a@g	𒧰	/pcsl/easl/images/o0901401.png
EASL0822	o0980853	1-	|MUD₃~a@g×GU|	I	|MUD3~a@gxGU|	󲶣	/pcsl/easl/images/o0901403.png
EASL0823	o0980854		MUD₃~b	I	MUD3~b	𒧱	/pcsl/easl/images/o0901397.png
EASL0824	o0980855		MUD₃~c	I	MUD3~c	𒧲	/pcsl/easl/images/o0901398.png
EASL0825	o0980856		MUD₃~d	I	MUD3~d	𒧳	/pcsl/easl/images/o0901399.png
EASL0826	o0980857		MUL	I	MUL	𒧴	/pcsl/easl/images/o0901404.png
EASL0827	o0980858		MUN~a1	I	MUN~a1	𒧵	/pcsl/easl/images/o0901407.png
EASL0828	o0980859		MUN~a2	I	MUN~a2	𒧶	/pcsl/easl/images/o0901408.png
EASL0829	o0980860		MUN~a3	I	MUN~a3	𒧷	/pcsl/easl/images/o0901409.png
EASL0830	o0980861		MUN~a4	I	MUN~a4	𒧸	/pcsl/easl/images/o0901410.png
EASL0831	o0980862		MUN~b	I	MUN~b	𒧹	/pcsl/easl/images/o0901411.png
EASL0832	o0980863		MUNŠUB~a	I	MUNSZUB~a	𒧺	/pcsl/easl/images/o0901413.png
EASL0833	o0980864		MUNŠUB~b	I	MUNSZUB~b	𒧻	/pcsl/easl/images/o0901414.png
EASL0834	o0980865		MUNU₃	I	MUNU3	𒧼	/pcsl/easl/images/o0901415.png
EASL0835	o0980866	:	MURUB₂	I	MURUB2	𒧽	/pcsl/easl/images/o0901416.png
EASL0836	o0980867		MUŠ	I	MUSZ	𒧾	/pcsl/easl/images/o0901417.png
EASL0837	o0980868		MUŠ₃~a	I	MUSZ3~a	𒧿,𒨂,𒨃	/pcsl/easl/images/o0901419.png
EASL0838	o0980869		MUŠ₃~a@g	I	MUSZ3~a@g	𒨀,𒨁	/pcsl/easl/images/o0901424.png
EASL0839	o0980870		MUŠ₃~b	I	MUSZ3~b	𒨄	/pcsl/easl/images/o0901422.png
EASL0840	o0980871		MUŠEN	I	MUSZEN	𒨅;󳄒	/pcsl/easl/images/o0901426.png
EASL0841	o0980872	.	|MUŠEN.UR₃~b2|	I	|MUSZEN.UR3~b2|	𒨆;󳄑	/pcsl/easl/images/o0901429.png
EASL0842	o0980873	.++	|MUŠEN.3(N58)|	I	-	𒨅_󰄜	
EASL0843	o0980874	n	|MUŠEN×PAP~a|	I	|MUSZENxPAP~a|	󲶧	-
EASL0844	o0980875	#	|MUŠEN×X|	I	|MUSZENxX|	𒨇	/pcsl/easl/images/o0901435.png
EASL0845	o0980876	.++	|1(N02).RU|	I	-	𒖾_𒪣	
EASL0846	o0980877	!A	|1(N58).BAD|	I	|1(N58).BAD~a|	𒸍	/pcsl/easl/images/o0903281.png
EASL0847	o0980878	!U	|(1(N58).BAD)~b|	I	|1(N58).BAD~b|	𒸏,𒸎	/pcsl/easl/images/o0903283.png
EASL0848	o0980879	!C	|3(N58).UR₃~b1|	I	|3(N58).UR3~b1|	𒸐	/pcsl/easl/images/o0903287.png
EASL0849	o0980880		NA~a	I	NA~a	𒨋	/pcsl/easl/images/o0901437.png
EASL0850	o0980881		NA~b	I	NA~b	𒨌	/pcsl/easl/images/o0901438.png
EASL0851	o0980882		NA~c	I	NA~c	𒨍	/pcsl/easl/images/o0901439.png
EASL0852	o0980883		NA~d	I	NA~d	𒨎	/pcsl/easl/images/o0901440.png
EASL0853	o0980884		NA₂~a	I	NA2~a	𒨏,𒨐	/pcsl/easl/images/o0901442.png
EASL0854	o0980885		NA₂~b1	I	NA2~b1	𒨑	/pcsl/easl/images/o0901444.png
EASL0855	o0980886		NA₂~b2	I	NA2~b2	𒨒	/pcsl/easl/images/o0901445.png
EASL0856	o0980888		NAB	I	NAB	𒨓,𒨔,𒨕	/pcsl/easl/images/o0901448.png
EASL0857	o0980889		NAGA~a	I	NAGA~a	𒨖	/pcsl/easl/images/o0901452.png
EASL0858	o0980890		|NAGA~a×TAK₄~a|	I	|NAGA~axTAK4~a|	𒨗	/pcsl/easl/images/o0901455.png
EASL0859	o0980891		NAGA~b	I	NAGA~b	𒨘	/pcsl/easl/images/o0901453.png
EASL0860	o0980892		NAGAR~a	I	NAGAR~a	𒨙,𒨚,𒨛,𒨜	/pcsl/easl/images/o0901457.png
EASL0861	o0980893		NAGAR~b	I	NAGAR~b	𒨝,𒨞	/pcsl/easl/images/o0901461.png
EASL0862	o0980894		NAM~a	I	NAM~a	𒨟	/pcsl/easl/images/o0901464.png
EASL0863	o0980895		NAM~b	I	NAM~b	𒨠	/pcsl/easl/images/o0901465.png
EASL0864	o0980896		NAM~c	I	NAM~c	𒨡	/pcsl/easl/images/o0901466.png
EASL0865	o0980897		NAM~d	I	NAM~d	𒨢	/pcsl/easl/images/o0901467.png
EASL0866	o0980898		NAM₂	I	NAM2	𒨣;󳃻	/pcsl/easl/images/o0901468.png
EASL0867	o0980899		|NAM₂×1(N01)|	I	|NAM2x1(N01)|	𒨤	/pcsl/easl/images/o0901469.png
EASL0868	o0980900		NAM₂@g	I	NAM2@g	𒨥	/pcsl/easl/images/o0901470.png
EASL0869	o0980901		NAM₂@t	I	NAM2@t	𒨦	/pcsl/easl/images/o0901471.png
EASL0870	o0980902	:	NAMEŠDA	I	NAMESZDA	𒨧,𒨨	/pcsl/easl/images/o0901472.png
EASL0871	o0980903	:	NANNA~a	I	NANNA~a	𒨩,𒨪	/pcsl/easl/images/o0901475.png
EASL0872	o0980904	:	NANNA~b	I	NANNA~b	𒨫	/pcsl/easl/images/o0901477.png
EASL0873	o0980905		NANŠE~a	I	NANSZE~a	𒨬	/pcsl/easl/images/o0901479.png
EASL0874	o0980906		NANŠE~b	I	NANSZE~b	𒨭	/pcsl/easl/images/o0901480.png
EASL0875	o0980907		NAR	I	NAR	𒨮	/pcsl/easl/images/o0901481.png
EASL0876	o0980908		NE~a	I	NE~a	𒨯,𒨰,𒨱	/pcsl/easl/images/o0901483.png
EASL0877	o0980909		NE~b	I	NE~b	𒨲	/pcsl/easl/images/o0901486.png
EASL0878	o0980910		NE~c	I	NE~c	𒨳;󳄃	/pcsl/easl/images/o0901487.png
EASL0879	o0980911		NE~d	I	NE~d	𒨴	/pcsl/easl/images/o0901488.png
EASL0880	o0980912	n:	NERGAL~v	I	NERGAL~x	𒨵	/pcsl/easl/images/o0901491.png
EASL0881	o0980913		NESAG₂~a	I	NESAG2~a	𒨶,󲥠	/pcsl/easl/images/o0901493.png
EASL0882	o0980914	++	NESAG₂~a2	I	-	󳁵	/pcsl/images/add/thumb/NESAG2a2.png
EASL0883	o0980915		NESAG₂~b	I	NESAG2~b	𒨷,𒨹	/pcsl/easl/images/o0901496.png
EASL0884	o0980916		NESAG₂~b@t	I	NESAG2~b@t	𒨸	/pcsl/easl/images/o0901499.png
EASL0885	o0980917		NI~a	I	NI~a	𒨺	/pcsl/easl/images/o0901501.png
EASL0886	o0980918	n.	|NI~a.RU~v1|	I	|NI~a.RU|	𒨻	/pcsl/easl/images/o0901504.png
EASL0887	o0980919		|NI~a×1(N57)|	I	|NI~ax1(N57)|	𒨼	/pcsl/easl/images/o0901506.png
EASL0888	o0980920		NI~a@g	I	NI~a@g	𒨽	/pcsl/easl/images/o0901512.png
EASL0889	o0980921		NI~b	I	NI~b	𒨾	/pcsl/easl/images/o0901502.png
EASL0890	o0980922	#	|NI~b×X|	I	|NI~bxX|	𒨿	/pcsl/easl/images/o0901510.png
EASL0891	o0980923		|NI~b×4(N57)|	I	|NI~bx4(N57)|	𒩀	/pcsl/easl/images/o0901508.png
EASL0892	o0980924		|NI~b×8(N57)|	I	|8(N57).NI~b|	𒸌	/pcsl/easl/images/o0903277.png
EASL0893	o0980925		NI₂	I	NI2	𒩁	/pcsl/easl/images/o0901513.png
EASL0894	o0980926		NIGIN	I	NIGIN	𒩂	/pcsl/easl/images/o0901514.png
EASL0895	o0980927		NIM~a	I	NIM~a	𒩃	/pcsl/easl/images/o0901516.png
EASL0896	o0980928		NIM~b1	I	NIM~b1	𒩄	/pcsl/easl/images/o0901517.png
EASL0897	o0980929		NIM~b2	I	NIM~b2	𒩅	/pcsl/easl/images/o0901518.png
EASL0898	o0980930		NIM~b3	I	NIM~b3	𒩆	/pcsl/easl/images/o0901519.png
EASL0899	o0980931	++	NIM~d	I	-	󳁶	/pcsl/images/add/thumb/NIMd.png
EASL0900	o0980932		NIMGIR	I	NIMGIR	𒩇,𒩈	/pcsl/easl/images/o0901521.png
EASL0901	o0980933	:	NIN	I	NIN	𒩉	/pcsl/easl/images/o0901524.png
EASL0902	o0980934		NINDA₂	I	NINDA2	𒩧,𒩊	/pcsl/easl/images/o0901525.png
EASL0903	o0980935		|NINDA₂×AN|	I	|NINDA2xAN|	𒩋	/pcsl/easl/images/o0901527.png
EASL0904	o0980936	n	|NINDA₂×(AN.HI)|	I	|NINDA2x(AN.HI)|	𒩌	/pcsl/easl/images/o0901528.png
EASL0905	o0980937	n	|NINDA₂×(AN.ME~a)|	I	|NINDA2x(AN.ME~a)|	𒩍,󲷂	/pcsl/easl/images/o0901535.png
EASL0906	o0980938	n#	|NINDA₂×(AN.X)|	I	|NINDA2x(AN.X)|	𒩎	/pcsl/easl/images/o0901537.png
EASL0907	o0980939		|NINDA₂×BA|	I	|NINDA2xBA|	𒩏	/pcsl/easl/images/o0901538.png
EASL0908	o0980940		|NINDA₂×EZEN~b|	I	|NINDA2xEZEN~b|	𒩐	/pcsl/easl/images/o0901540.png
EASL0909	o0980941		|NINDA₂×GAʾAR~a1|	I	|NINDA2xGA'AR~a1|	𒩑	/pcsl/easl/images/o0901542.png
EASL0910	o0980942		|NINDA₂×GAR|	I	|NINDA2xGAR|	𒩒	/pcsl/easl/images/o0901543.png
EASL0911	o0980943		|NINDA₂×GIŠ|	I	|NINDA2xGISZ|	𒩓	/pcsl/easl/images/o0901544.png
EASL0912	o0980944	1-	|NINDA₂×(GIŠ.DAR~a)|	I	|NINDA2x(GISZ.DAR~a)|	󲶽	/pcsl/easl/images/o0901546.png
EASL0913	o0980945		|NINDA₂×GU₄|	I	|NINDA2xGU4|	𒩔	/pcsl/easl/images/o0901547.png
EASL0914	o0982243	d	|NINDA₂×GUDU₄|~v2	I	|NINDA2xGUDU4|	𒩚,𒩙,󲷁,󲷂	/pcsl/easl/images/o0901529.png
EASL0915	o0980946		|NINDA₂×HI|	I	|NINDA2xHI|	𒩕	/pcsl/easl/images/o0901548.png
EASL0916	o0980947	n	|NINDA₂×(HI.AN.ME~a)|	I	|NINDA2x(HI.AN.ME~a)|	𒩖,󲷁,𒩙	/pcsl/easl/images/o0901533.png
EASL0917	o0980948	n	|NINDA₂×(HI.ME~a)|	I	|NINDA2x(HI.ME~a)|	𒩗,𒩚	/pcsl/easl/images/o0901530.png
EASL0918	o0980949	n#	|NINDA₂×(HI.X)|	I	|NINDA2x(HI.X)|	𒩘	/pcsl/easl/images/o0901549.png
EASL0919	o0980950		|NINDA₂×KAŠ~b|	I	|NINDA2xKASZ~b|	𒩛	/pcsl/easl/images/o0901553.png
EASL0920	o0980952		|NINDA₂×MAR~b|	I	|NINDA2xMAR~b|	𒩜	/pcsl/easl/images/o0901556.png
EASL0921	o0980953	1-	|NINDA₂×NE~a~v1|	I	|NINDA2xNE~a|	󲷊	/pcsl/easl/images/o0901562.png
EASL0922	o0980955	1-	|NINDA₂×ŠIM~a~v2|	I	|NINDA2xSZIM~a|	󲷋	/pcsl/easl/images/o0901566.png
EASL0923	o0980956		|NINDA₂×U₄|	I	|NINDA2xU4|	𒩝	/pcsl/easl/images/o0901567.png
EASL0924	o0980957	n#	|NINDA₂×(U₄.X)|	I	|NINDA2x(U4.X)|	𒩞	/pcsl/easl/images/o0901568.png
EASL0925	o0980958	n	|NINDA₂×(UDU~a×TAR~a)|	I	|NINDA2x((UDU~axTAR)~a)|	𒩟	/pcsl/easl/images/o0901570.png
EASL0926	o0980959	++	|NINDA₂×(UDU~a×TAR~b)|	I	-	𒩠	o0980959
EASL0927	o0980960	#	|NINDA₂×X|	I	|NINDA2xX|	𒩡	/pcsl/easl/images/o0901572.png
EASL0928	o0980961	1-#	|NINDA₂×(X.MAŠ)|	I	|NINDA2x(X.MASZ)|	󲷑	/pcsl/easl/images/o0901574.png
EASL0929	o0980962		|NINDA₂×(ZATU659×1(N01))|	I	|NINDA2x(ZATU659x1(N01))|	𒩢	/pcsl/easl/images/o0901575.png
EASL0930	o0980964		|NINDA₂×1(N01)|	I	|NINDA2x1(N01)|	𒩣	/pcsl/easl/images/o0901557.png
EASL0931	o0980965		|NINDA₂×2(N01)|	I	|NINDA2x2(N01)|	𒩤	/pcsl/easl/images/o0901558.png
EASL0932	o0980966	1-	|NINDA₂×1(N06)|	I	|NINDA2x1(N06)|	󲶱	/pcsl/easl/images/o0901559.png
EASL0933	o0980967	n	|NINDA₂×(1(N06).HI@g~a)|	I	|NINDA2x(HI@g~a.1(N06))|	𒩥	/pcsl/easl/images/o0901551.png
EASL0934	o0980968		|NINDA₂×1(N08)|	I	|NINDA2x1(N08)|	𒩦	/pcsl/easl/images/o0901560.png
EASL0935	o0980969	:	NINKUM	I	NINKUM	𒩨	/pcsl/easl/images/o0901577.png
EASL0936	o0980970	:	NINLIL	I	NINLIL	𒩩	/pcsl/easl/images/o0901578.png
EASL0937	o0980971	n	NIR~a	I	NIR~a	𒩪	/pcsl/easl/images/o0901580.png
EASL0938	o0980972		|NIR~a×AN|	I	|NIR~axAN|	𒩫	/pcsl/easl/images/o0901583.png
EASL0939	o0980973		NIR~b	I	NIR~b	𒩬	/pcsl/easl/images/o0901581.png
EASL0940	o0980974		NU	I	NU	𒩭	/pcsl/easl/images/o0901584.png
EASL0941	o0980975		NU@g	I	NU@g	𒩮	/pcsl/easl/images/o0901585.png
EASL0942	o0980976		NU₁₁	I	NU11	𒩯	/pcsl/easl/images/o0901586.png
EASL0943	o0980977		|NU₁₁&NU₁₁|	I	|NU11&NU11|	𒩰	/pcsl/easl/images/o0901587.png
EASL0944	o0980978		NU₁₁@t	I	|NU11@t|	𒩱	/pcsl/easl/images/o0901588.png
EASL0945	o0980979		NUMUN	I	NUMUN	𒩲	/pcsl/easl/images/o0901589.png
EASL0946	o0980980		NUMUN₂	I	NUMUN2	𒩳	/pcsl/easl/images/o0901590.png
EASL0947	o0980981		NUN~a	I	NUN~a	𒩴	/pcsl/easl/images/o0901592.png
EASL0948	o0980982		|NUN~a+A|	I	|NUN~a+A|	𒩵	/pcsl/easl/images/o0901603.png
EASL0949	o0980983	n	|NUN~a+EN~a~v2|	I	|NUN~a+EN~a|	𒩶	/pcsl/easl/images/o0901606.png
EASL0950	o0980984	n	|NUN~a+EN~b~v1|	I	|NUN~a+EN~b|	𒩷	/pcsl/easl/images/o0901607.png
EASL0951	o0980985		|NUN~a+EN~d|	I	|NUN~a+EN~d|	𒩸	/pcsl/easl/images/o0901608.png
EASL0952	o0980986		|NUN~a+NAM₂|	I	|NUN~a+NAM2|	𒩹	/pcsl/easl/images/o0901611.png
EASL0953	o0980987		NUN~b	I	NUN~b	𒩺	/pcsl/easl/images/o0901593.png
EASL0954	o0980988	.++	|NUN~b.U₄|	I	-	𒩺_𒯡	
EASL0955	o0980989		|NUN~b+EN~a|	I	|NUN~b+EN~a|	𒩻	/pcsl/easl/images/o0901609.png
EASL0956	o0980990		NUN~c	I	NUN~c	𒩼,𒩽,𒩾,𒩿	/pcsl/easl/images/o0901594.png
EASL0957	o0980991		NUN~d	I	NUN~d	𒪀	/pcsl/easl/images/o0901598.png
EASL0958	o0980992		NUNUZ~a0	I	NUNUZ~a0	𒪁	/pcsl/easl/images/o0901613.png
EASL0959	o0980993		NUNUZ~a1	I	NUNUZ~a1	𒪂	/pcsl/easl/images/o0901614.png
EASL0960	o0980994		NUNUZ~a1@t	I	|NUNUZ~a1@t|	𒪃	/pcsl/easl/images/o0901623.png
EASL0961	o0980995		NUNUZ~a2	I	NUNUZ~a2	𒪄	/pcsl/easl/images/o0901615.png
EASL0962	o0980996		NUNUZ~b1	I	NUNUZ~b1	𒪅	/pcsl/easl/images/o0901616.png
EASL0963	o0980997		NUNUZ~b2	I	NUNUZ~b2	𒪆	/pcsl/easl/images/o0901617.png
EASL0964	o0980998		NUNUZ~c	I	NUNUZ~c	𒪇,𒪈,𒪉,𒪊	/pcsl/easl/images/o0901618.png
EASL0965	o0980999		PA~a	I	PA~a	𒪋,𒪌,𒪍;󳄁	/pcsl/easl/images/o0901625.png
EASL0966	o0981000		PA~b	I	PA~b	𒪎	/pcsl/easl/images/o0901628.png
EASL0967	o0981001	1-	PA₃	I	PA3	󲦑	/pcsl/easl/images/o0901634.png
EASL0968	o0981002		PAD~a	I	PAD~a	𒪏	/pcsl/easl/images/o0901636.png
EASL0969	o0981003		PAD~b	I	PAD~b	𒪐	/pcsl/easl/images/o0901637.png
EASL0970	o0981004		PAP~a	I	PAP~a	𒪑	/pcsl/easl/images/o0901639.png
EASL0971	o0981006		PAP~b	I	PAP~b	𒪓,𒪔	/pcsl/easl/images/o0901640.png
EASL0972	o0981005		PAP@t	I	PAP~a@t	𒪒	/pcsl/easl/images/o0901643.png
EASL0973	o0981007		PIRIG~a1	I	PIRIG~a1	𒪕	/pcsl/easl/images/o0901645.png
EASL0974	o0981008		PIRIG~a2	I	PIRIG~a2	𒪖	/pcsl/easl/images/o0901646.png
EASL0975	o0981009		PIRIG~a3	I	PIRIG~a3	𒪗	/pcsl/easl/images/o0901647.png
EASL0976	o0981010		PIRIG~b1	I	PIRIG~b1	𒪘	/pcsl/easl/images/o0901648.png
EASL0977	o0981012		|PIRIG~b1×UR₂|	I	|PIRIG~b1xUR2|	𒪙	/pcsl/easl/images/o0901653.png
EASL0978	o0981014		PIRIG~b2	I	PIRIG~b2	𒪚	/pcsl/easl/images/o0901649.png
EASL0979	o0981015		PU₂	I	PU2	𒪛	/pcsl/easl/images/o0901656.png
EASL0980	o0981016		RA	I	RA	𒪜	/pcsl/easl/images/o0901657.png
EASL0981	o0981017	c	RAD~a	I	RAD~a	𒪝	/pcsl/easl/images/o0901659.png
EASL0982	o0981018		RAD~a@g	I	RAD~a@g	𒪞	/pcsl/easl/images/o0901662.png
EASL0983	o0981019	c	RAD~a@t	I	|RAD~a@t|	𒪟	/pcsl/easl/images/o0901664.png
EASL0984	o0981020		RAD~b	I	RAD~b	𒪠	/pcsl/easl/images/o0901660.png
EASL0985	o0981021	1-	RI	I	RI	󲦣	/pcsl/easl/images/o0901665.png
EASL0986	o0982244	dd	RI~x	I	RI~x	󲦤	/pcsl/easl/images/o0901666.png
EASL0987	o0981022		RI₈~a	I	RI8~a	𒪡	/pcsl/easl/images/o0901668.png
EASL0988	o0981023		RI₈~b	I	RI8~b	𒪢	/pcsl/easl/images/o0901669.png
EASL0989	o0981024		RU	I	RU	𒪣,𒪥	/pcsl/easl/images/o0901670.png
EASL0990	o0981025		RU@t	I	|RU@t|	𒪤	/pcsl/easl/images/o0901672.png
EASL0991	o0981026		SA~a	I	SA~a	𒪦	/pcsl/easl/images/o0901674.png
EASL0992	o0981027		SA~c	I	SA~c	𒪧,𒪨	/pcsl/easl/images/o0901675.png
EASL0993	o0981028		SAG	I	SAG	𒪩,𒪮,𒪲	/pcsl/easl/images/o0901677.png
EASL0994	o0981030		|SAG×GEŠTU~a|	I	|SAGxGESZTU~a|	𒪪	/pcsl/easl/images/o0901681.png
EASL0995	o0981035	++	|SAG×NAM₂|	I	-	󳀐	/pcsl/images/add/thumb/SAGxNAM2.png
EASL0996	o0981036	1-	|SAG×SAR~a|	I	|SAGxSAR~a|	󲷣	/pcsl/easl/images/o0901691.png
EASL0997	o0981032	n	|SAG~v1×GEŠTU~c|	I	|SAGxGESZTU~c|	𒪯	/pcsl/easl/images/o0901684.png
EASL0998	o0981033	1-	|SAG~v1×LAM~c|	I	|SAGxLAM~c|	󲷡	/pcsl/easl/images/o0901686.png
EASL0999	o0981034	n	|SAG~v1×MA~v1|	I	|SAGxMA|	𒪰	/pcsl/easl/images/o0901687.png
EASL1000	o0981037	n	|SAG~v1×1(N14)|	I	|SAGx1(N14)|	𒪱	/pcsl/easl/images/o0901688.png
EASL1001	o0981038		SAG@g	I	SAG@g	𒪫	/pcsl/easl/images/o0901694.png
EASL1002	o0981039		SAG@n	I	SAG@n	𒪬	/pcsl/easl/images/o0901695.png
EASL1003	o0981031	n	|SAG@n×GEŠTU~b|	I	|SAGxGESZTU~b|	𒪭,𒪳	/pcsl/easl/images/o0901682.png
EASL1004	o0981040		SAGŠU	I	SAGSZU	𒪴	/pcsl/easl/images/o0901696.png
EASL1005	o0981041		SAL	I	SAL	𒪵	/pcsl/easl/images/o0901697.png
EASL1006	o0981042	.	|SAL.KUR~a|	I	|SAL.KUR~a|	𒪶	/pcsl/easl/images/o0901699.png
EASL1007	o0981043	.	|SAL.LAM~b|	I	|SAL.LAM~b|	𒪷	/pcsl/easl/images/o0901701.png
EASL1008	o0981044	.++	|SAL.ME~a|	I	-	𒪵_𒧢	
EASL1009	o0981045	n.	|SAL.ŠU₂~b|	I	|SAL.SZU2|	𒪸	/pcsl/easl/images/o0901703.png
EASL1010	o0981046	.	|SAL.ZATU751~a|	SAL+ZATU751a	SAL.ZATU751~a	󳀎	-
EASL1011	o0981047	.	|SAL.ZATU751~b|	SAL+ZATU751b	SAL+ZATU751~b	󳄄	-
EASL1012	o0981048	.	|SAL.ZATU751~c|	SAL+ZATU751c	SAL+ZATU751~c	󳄂	-
EASL1013	o0981049		|SAL×1(N58)|	I	|SALx1(N58)|	𒪹	/pcsl/easl/images/o0901704.png
EASL1014	o0981050		SANGA~a	I	SANGA~a	𒪺,𒪻,𒪼	/pcsl/easl/images/o0901709.png
EASL1015	o0981051		SANGA~b	I	SANGA~b	𒪽,𒪾	/pcsl/easl/images/o0901712.png
EASL1016	o0981052		SANGA~c	I	SANGA~c	𒪿	/pcsl/easl/images/o0901714.png
EASL1017	o0981054		SAR~a	I	SAR~a	𒫀	/pcsl/easl/images/o0901718.png
EASL1018	o0981055		|SAR~a×ŠE~a|	I	|SAR~axSZE~a|	𒫁	/pcsl/easl/images/o0901723.png
EASL1019	o0981056		SAR~b	I	SAR~b	𒫂	/pcsl/easl/images/o0901719.png
EASL1020	o0981057		SAR~c	I	SAR~c	𒫃	/pcsl/easl/images/o0901720.png
EASL1021	o0981059		SI	I	SI	𒫄,𒫇	/pcsl/easl/images/o0901724.png
EASL1022	o0981062		|SI×GU₄|	I	|SIxGU4|	𒫅	/pcsl/easl/images/o0901729.png
EASL1023	o0981065	n	|SI×ŠE₃~v1|	I	|SIxSZE3|	𒫆	/pcsl/easl/images/o0901734.png
EASL1024	o0981068		SI₄~a	I	SI4~a	𒫈	/pcsl/easl/images/o0901739.png
EASL1025	o0981069		SI₄~b	I	SI4~b	𒫉	/pcsl/easl/images/o0901740.png
EASL1026	o0981070		SI₄~c	I	SI4~c	𒫊	/pcsl/easl/images/o0901741.png
EASL1027	o0981071		SI₄~d	I	SI4~d	𒫋,𒫌	/pcsl/easl/images/o0901742.png
EASL1028	o0981072		SI₄~f	I	SI4~f	𒫍,𒫎	/pcsl/easl/images/o0901744.png
EASL1029	o0981073		SIG	I	SIG	𒫏	/pcsl/easl/images/o0901746.png
EASL1030	o0981074	++	SIG~b	I	-	󳁸	/pcsl/images/add/thumb/SIGb.png
EASL1031	o0981075	++	SIG@g	I	-	𒫐	o0981075
EASL1032	o0981076		SIG₂~a1	I	SIG2~a1	𒫑	/pcsl/easl/images/o0901751.png
EASL1033	o0981077		SIG₂~a2	I	SIG2~a2	𒫒	/pcsl/easl/images/o0901752.png
EASL1034	o0981078		SIG₂~a3	I	SIG2~a3	𒫓,𒫔,𒫕	/pcsl/easl/images/o0901753.png
EASL1035	o0981079		SIG₂~a4	I	SIG2~a4	𒫖	/pcsl/easl/images/o0901756.png
EASL1036	o0981080		SIG₂~b	I	SIG2~b	𒫗	/pcsl/easl/images/o0901757.png
EASL1037	o0981081		|SIG₂~b×1(N14)|	I	|SIG2~bx1(N14)|	𒫘	/pcsl/easl/images/o0901767.png
EASL1038	o0981082		|SIG₂~b&SIG₂~b|	I	|SIG2~b.SIG2~b|	𒫙	/pcsl/easl/images/o0901769.png
EASL1039	o0981083		SIG₂~c1	I	SIG2~c1	𒫚	/pcsl/easl/images/o0901758.png
EASL1040	o0981084		SIG₂~c2	I	SIG2~c2	𒫛	/pcsl/easl/images/o0901759.png
EASL1041	o0981085		SIG₂~d1	I	SIG2~d1	𒫜	/pcsl/easl/images/o0901760.png
EASL1042	o0981086		SIG₂~d2	I	SIG2~d2	𒫝,𒫞	/pcsl/easl/images/o0901761.png
EASL1043	o0981087		SIG₂~d3	I	SIG2~d3	𒫟	/pcsl/easl/images/o0901763.png
EASL1044	o0981088		SIG₂~d4	I	SIG2~d4	𒫠	/pcsl/easl/images/o0901764.png
EASL1045	o0981089		SIG₂~e	I	SIG2~e	𒫡	/pcsl/easl/images/o0901765.png
EASL1046	o0981090		SIG₄	I	SIG4	𒫢	/pcsl/easl/images/o0901770.png
EASL1047	o0981091		SIG₇	I	SIG7	𒫣,𒫤	/pcsl/easl/images/o0901771.png
EASL1048	o0981092	1-:	SIKIL	I	SIKIL	󲨰	/pcsl/easl/images/o0901773.png
EASL1049	o0981093		SILA₃~a	I	SILA3~a	𒫥	/pcsl/easl/images/o0901775.png
EASL1050	o0981094		|SILA₃~a×A|	I	|SILA3~axA|	𒫦	/pcsl/easl/images/o0901781.png
EASL1051	o0981095		|SILA₃~a×AMAR|	I	|SILA3~axAMAR|	𒫧	/pcsl/easl/images/o0901783.png
EASL1052	o0981096		|SILA₃~a×DUG~a|~v1	I	|SILA3~axDUG~a|	𒬉,𒫨	/pcsl/easl/images/o0901785.png
EASL1053	o0981097	1-	|SILA₃~a×DUG~b|	I	|SILA3~axDUG~b|	󲸑	/pcsl/easl/images/o0901787.png
EASL1054	o0981098	n	|SILA₃~a×GA~a~v3|	I	|SILA3~axGA~a|	𒫩	/pcsl/easl/images/o0901790.png
EASL1055	o0981099		|SILA₃~a×GARA₂~a|	I	|SILA3~axGARA2~a|	𒫪	/pcsl/easl/images/o0901792.png
EASL1056	o0981100	n	|SILA₃~a×GEŠTU~a~v2|	I	|SILA3~axGESZTU~a|	𒫫	/pcsl/easl/images/o0901794.png
EASL1057	o0981101		|SILA₃~a×GEŠTU~c3|	I	|SILA3~axGESZTU~c3|	𒫬	/pcsl/easl/images/o0901795.png
EASL1058	o0981102		|SILA₃~a×GEŠTU~c5|	I	|SILA3~axGESZTU~c5|	𒫭	/pcsl/easl/images/o0901796.png
EASL1059	o0981103		|SILA₃~a×HAŠHUR|	I	|SILA3~axHASZHUR|	𒫮	/pcsl/easl/images/o0901800.png
EASL1060	o0981104		|SILA₃~a×HI|	I	|SILA3~axHI|	𒫯	/pcsl/easl/images/o0901802.png
EASL1061	o0981105		|SILA₃~a×HI@g~a|	I	|SILA3~axHI@g~a|	𒫰	/pcsl/easl/images/o0901804.png
EASL1062	o0981106		|SILA₃~a×IB~a|	I	|SILA3~axIB~a|	𒫱	/pcsl/easl/images/o0901806.png
EASL1063	o0981107		|SILA₃~a×KAŠ~a|	I	|SILA3~axKASZ~a|	𒫲	/pcsl/easl/images/o0901808.png
EASL1064	o0981108		|SILA₃~a×KAŠ~c|	I	|SILA3~axKASZ~c|	𒫳	/pcsl/easl/images/o0901809.png
EASL1065	o0981109		|SILA₃~a×KAŠ~d|	I	|SILA3~axKASZ~d|	𒫴	/pcsl/easl/images/o0901810.png
EASL1066	o0981110		|SILA₃~a×KU₆~a|	I	|SILA3~axKU6~a|	𒫵	/pcsl/easl/images/o0901812.png
EASL1067	o0981111		|SILA₃~a×KUR~a|	I	|SILA3~axKUR~a|	𒫶	/pcsl/easl/images/o0901814.png
EASL1068	o0981112	n	|SILA₃~a×MA~v1|	I	|SILA3~axMA|	𒫷	/pcsl/easl/images/o0901816.png
EASL1069	o0981113		|SILA₃~a×MAŠ|	I	|SILA3~axMASZ|	𒫸	/pcsl/easl/images/o0901818.png
EASL1070	o0981115		|SILA₃~a×NAGA~a|	I	|SILA3~axNAGA~a|	𒫹	/pcsl/easl/images/o0901826.png
EASL1071	o0981116		|SILA₃~a×NI~a|	I	|SILA3~axNI~a|	𒫺	/pcsl/easl/images/o0901829.png
EASL1072	o0981117		|SILA₃~a×NUN~b|	I	|SILA3~axNUN~b|	𒫻	/pcsl/easl/images/o0901834.png
EASL1073	o0981118		|SILA₃~a×SUHUR|	I	|SILA3~axSUHUR|	𒫼	/pcsl/easl/images/o0901836.png
EASL1074	o0981119	n	|SILA₃~a×SUM~a~v1|	I	|SILA3~axSUM~a|	𒫽	/pcsl/easl/images/o0901838.png
EASL1075	o0981120		|SILA₃~a×SUM~b|	I	|SILA3~axSUM~b|	𒫾	/pcsl/easl/images/o0901839.png
EASL1076	o0981121		|SILA₃~a×ŠE~a|	I	|SILA3~axSZE~a|	𒫿	/pcsl/easl/images/o0901841.png
EASL1077	o0981122		|SILA₃~a×ŠE~a@t|	I	|SILA3~axSZE~a@t|	𒬀	/pcsl/easl/images/o0901843.png
EASL1078	o0981123		|SILA₃~a×ŠU|	I	|SILA3~axSZU|	𒬁	/pcsl/easl/images/o0901845.png
EASL1079	o0981124	n	|SILA₃~a×ŠU₂~b|	I	|SILA3~axSZU2|	𒬂	/pcsl/easl/images/o0901848.png
EASL1080	o0981125	#	|SILA₃~a×X|	I	|SILA3~axX|	𒬃	/pcsl/easl/images/o0901850.png
EASL1081	o0981126	n	|SILA₃~a×ZATU629~v1|	I	|SILA3~axZATU629|	𒬄	/pcsl/easl/images/o0901852.png
EASL1082	o0981127		|SILA₃~a×ZATU646|	I	|SILA3~axZATU646|	𒬅	/pcsl/easl/images/o0901854.png
EASL1083	o0981128	n	|SILA₃~a×(ZATU659.TU~c~v1)|	I	|SILA3~ax(ZATU659.TU~c)|	𒬆	/pcsl/easl/images/o0901856.png
EASL1084	o0981129		|SILA₃~a×1(N57)|	I	|SILA3~ax1(N57)|	𒬇	/pcsl/easl/images/o0901822.png
EASL1085	o0981130		|SILA₃~a×1(N58)|	I	|SILA3~ax1(N58)|	𒬈	/pcsl/easl/images/o0901824.png
EASL1086	o0981131		SILA₃~b	I	SILA3~b	𒬊	/pcsl/easl/images/o0901776.png
EASL1087	o0981132	1-	|SILA₃~b×DUG~a|	I	|SILA3~bxDUG~a|	󲸰	/pcsl/easl/images/o0901788.png
EASL1088	o0981133		|SILA₃~b×GUG₂|	I	|SILA3~bxGUG2|	𒬋	/pcsl/easl/images/o0901798.png
EASL1089	o0981134		|SILA₃~b×NAGA~b|	I	|SILA3~bxNAGA~b|	𒬌	/pcsl/easl/images/o0901827.png
EASL1090	o0981135	n	|SILA₃~b×NI~a|	I	|SILA3~bxNI~a|	𒬏	/pcsl/easl/images/o0901830.png
EASL1091	o0981136		|SILA₃~b×NI~b|	I	|SILA3~bxNI~b|	𒬍	/pcsl/easl/images/o0901831.png
EASL1092	o0981137		SILA₃~c	I	SILA3~c	𒬎	/pcsl/easl/images/o0901777.png
EASL1093	o0981138		|SILA₃~c×ŠU|	I	|SILA3~cxSZU|	𒬐	/pcsl/easl/images/o0901846.png
EASL1094	o0981139		|SILA₃~c×ZATU687|	I	|SILA3~cxZATU687|	𒬑	/pcsl/easl/images/o0901858.png
EASL1095	o0981140		|SILA₃~d×NI~a|	I	|SILA3~dxNI~a|	𒬒	/pcsl/easl/images/o0901832.png
EASL1096	o0981141		SILA₄~a	I	SILA4~a	𒬓	/pcsl/easl/images/o0901860.png
EASL1097	o0981142		SILA₄~b	I	SILA4~b	𒬔	/pcsl/easl/images/o0901861.png
EASL1098	o0981143		SILA₄~c	I	SILA4~c	𒬕;󳀀	/pcsl/easl/images/o0901862.png
EASL1099	o0981144		SILA₄~d	I	SILA4~d	𒬖	/pcsl/easl/images/o0901864.png
EASL1100	o0981145	!A	SILANITA	I	SILANITA	𒬗	/pcsl/easl/images/o0901865.png
EASL1101	o0981146		SIMUG	I	SIMUG	𒬘,𒬙	/pcsl/easl/images/o0901866.png
EASL1102	o0981147	:	SIPA	I	SIPA	𒬚	/pcsl/easl/images/o0901868.png
EASL1103	o0981148		SU~a	I	SU~a	𒬛,𒬝	/pcsl/easl/images/o0901870.png
EASL1104	o0981149		|SU~a×1(N58)|	I	|SU~ax1(N58)|	𒬜	/pcsl/easl/images/o0901875.png
EASL1105	o0981150		SU~b	I	SU~b	𒬞	/pcsl/easl/images/o0901872.png
EASL1106	o0981152		SU₃	I	SU3	𒬟	/pcsl/easl/images/o0901876.png
EASL1107	o0981153		SUG	I	SUG	𒬠	/pcsl/easl/images/o0901878.png
EASL1108	o0981154		SUG₅	I	SUG5	𒬡	/pcsl/easl/images/o0901879.png
EASL1109	o0981155		SUH₃	I	SUH3	𒬢	/pcsl/easl/images/o0901880.png
EASL1110	o0981156		SUHUR	I	SUHUR	𒬣;󳄇,󳄈	/pcsl/easl/images/o0901881.png
EASL1111	o0981157		SUHUR@g	I	SUHUR@g	𒬤	/pcsl/easl/images/o0901883.png
EASL1112	o0981158		SUHUR@n	I	|SUHUR@n|	𒬥	/pcsl/easl/images/o0901884.png
EASL1113	o0981160		SUKKAL	I	SUKKAL	𒬦	/pcsl/easl/images/o0901887.png
EASL1114	o0981161		SUKUD	I	SUKUD	𒬧	/pcsl/easl/images/o0901888.png
EASL1115	o0981162		|(SUKUD+SUKUD)~a|	I	|(SUKUD+SUKUD)~a|	𒬨	/pcsl/easl/images/o0901890.png
EASL1116	o0981163		|(SUKUD+SUKUD)~b|	I	|(SUKUD+SUKUD)~b|	𒬩	/pcsl/easl/images/o0901891.png
EASL1117	o0981164	1-	|(SUKUD+SUKUD)~c|	I	|(SUKUD+SUKUD)~c|	󲸻	/pcsl/easl/images/o0901892.png
EASL1118	o0981165		|(SUKUD+SUKUD)~d|	I	|(SUKUD+SUKUD)~d|	𒬪	/pcsl/easl/images/o0901893.png
EASL1119	o0981166		SUKUD@g~a	I	SUKUD@g~a	𒬫	/pcsl/easl/images/o0901895.png
EASL1120	o0981167		SUKUD@g~b	I	SUKUD@g~b	𒬬,𒬭	/pcsl/easl/images/o0901896.png
EASL1121	o0981168		SUKUD@g~c	I	SUKUD@g~c	𒬮	/pcsl/easl/images/o0901898.png
EASL1122	o0981169		SUKUD@g~d	I	|SUKUD@g~d|	𒬯	/pcsl/easl/images/o0901899.png
EASL1123	o0981170	++	SUKUD@h	I	-	󳀍	/pcsl/images/add/thumb/SUKUDh.png
EASL1124	o0981171		SUM~a	I	SUM~a	𒬰,𒬲	/pcsl/easl/images/o0901902.png
EASL1125	o0981172		SUM~a@t	I	|SUM~a@t|	𒬱	/pcsl/easl/images/o0901906.png
EASL1126	o0981173		SUM~b	I	SUM~b	𒬳	/pcsl/easl/images/o0901904.png
EASL1127	o0981174		SUMAŠ	I	SUMASZ	𒬴	/pcsl/easl/images/o0901907.png
EASL1128	o0981175		SUR	I	SUR	𒬵	/pcsl/easl/images/o0901908.png
EASL1129	o0981176	:	SUSA	I	SUSA	𒬶	/pcsl/easl/images/o0901909.png
EASL1130	o0981177		ŠA	I	SZA	𒬻,𒬼,𒬷;󳄅	/pcsl/easl/images/o0901910.png
EASL1131	o0981178		|(ŠA×HI@g~a)~a|	I	|(SZAxHI@g~a)~a|	𒬸	/pcsl/easl/images/o0901914.png
EASL1132	o0981179		|(ŠA×HI@g~a)~b|	I	|(SZAxHI@g~a)~b|	𒬹	/pcsl/easl/images/o0901915.png
EASL1133	o0981180		ŠA@g	I	SZA@g	𒬺	/pcsl/easl/images/o0901916.png
EASL1134	o0981181		ŠA₃~a1	I	SZA3~a1	𒬽	/pcsl/easl/images/o0901918.png
EASL1135	o0981182		ŠA₃~a2	I	SZA3~a2	𒬾	/pcsl/easl/images/o0901919.png
EASL1136	o0981184		ŠA₃~b	I	SZA3~b	𒬿	/pcsl/easl/images/o0901920.png
EASL1137	o0981185		ŠA₃~c	I	SZA3~c	𒭀	/pcsl/easl/images/o0901921.png
EASL1138	o0981186		ŠA₃~d	I	SZA3~d	𒭁	/pcsl/easl/images/o0901922.png
EASL1139	o0981187	:	ŠAB~a	I	SZAB~a	𒭂,𒭃	/pcsl/easl/images/o0901926.png
EASL1140	o0981188	:	ŠAB~b	I	SZAB~b	𒭄,𒭅	/pcsl/easl/images/o0901928.png
EASL1141	o0981189		ŠAGAN	I	SZAGAN	𒭆,𒭇	/pcsl/easl/images/o0901930.png
EASL1142	o0981190	!U	ŠAGINA	I	SZAGINA	𒭈	/pcsl/easl/images/o0901932.png
EASL1143	o0981191		ŠAH₂~a	I	SZAH2~a	𒭉	/pcsl/easl/images/o0901934.png
EASL1144	o0981192		ŠAH₂~b	I	SZAH2~b	𒭊	/pcsl/easl/images/o0901935.png
EASL1145	o0981193		ŠAH₂~c	I	SZAH2~c	𒭋	/pcsl/easl/images/o0901936.png
EASL1146	o0981194		ŠAKIR~a	I	SZAKIR~a	𒭌	/pcsl/easl/images/o0901938.png
EASL1147	o0981195		ŠAKIR~b	I	SZAKIR~b	𒭍	/pcsl/easl/images/o0901939.png
EASL1148	o0981196		ŠAKIR~c	I	SZAKIR~c	𒭎	/pcsl/easl/images/o0901940.png
EASL1149	o0981197		ŠAM₂	I	SZAM2	𒭏	/pcsl/easl/images/o0901941.png
EASL1150	o0981198	:	ŠANDANA~a	I	SZANDANA~a	𒭐	/pcsl/easl/images/o0901943.png
EASL1151	o0981199	:	ŠANDANA~b	I	SZANDANA~b	𒭑	/pcsl/easl/images/o0901944.png
EASL1152	o0981200		ŠE~a	ŠEa	ŠE~a	𒭒	/pcsl/easl/images/o0901946.png
EASL1153	o0981202	.	|ŠE~a.KIN₂~c|	I	|SZE~a.KIN2~c|	𒭓	/pcsl/easl/images/o0901953.png
EASL1154	o0981203	.	|ŠE~a.NAM₂|	I	|SZE~a.NAM2|	𒭔,𒭕	/pcsl/easl/images/o0901955.png
EASL1155	o0981204		|ŠE~a&ŠE~a|	I	|SZE~a&SZE~a|	𒭖	/pcsl/easl/images/o0901959.png
EASL1156	o0981205		ŠE~a@t	I	SZE~a@t	𒭗;󳄋	/pcsl/easl/images/o0901961.png
EASL1157	o0981206		ŠE~b	I	SZE~b	𒭘	/pcsl/easl/images/o0901947.png
EASL1158	o0981207		ŠE~c	I	SZE~c	𒭙	/pcsl/easl/images/o0901948.png
EASL1159	o0981208		ŠE₃	I	SZE3	𒭚,𒭜	/pcsl/easl/images/o0901962.png
EASL1160	o0981209		ŠE₃@t	I	SZE3@t	𒭛,𒭝	/pcsl/easl/images/o0901964.png
EASL1161	o0981210		ŠEG₉	I	SZEG9	𒭞	/pcsl/easl/images/o0901966.png
EASL1162	o0981211	:	ŠELU	I	SZELU	𒭟	/pcsl/easl/images/o0901967.png
EASL1163	o0981212		ŠEN~a	I	SZEN~a	𒭠,𒭡	/pcsl/easl/images/o0901969.png
EASL1164	o0981213		ŠEN~b	I	SZEN~b	𒭢,𒭣	/pcsl/easl/images/o0901971.png
EASL1165	o0981214		ŠEN~c	I	SZEN~c	𒭤	/pcsl/easl/images/o0901973.png
EASL1166	o0981215		ŠEN~c@t	I	SZEN~c@t	𒭥	/pcsl/easl/images/o0901981.png
EASL1167	o0981216	d	ŠEN~d	I	SZEN~d	𒭦,𒭨,𒭩	/pcsl/easl/images/o0901974.png
EASL1168	o0981218		ŠEN~e	I	SZEN~e	𒭪,𒭦,𒭨,𒭩	/pcsl/easl/images/o0901977.png
EASL1169	o0981217		|ŠEN~e×A|	I	|SZEN~dxA|	𒭧	/pcsl/easl/images/o0901979.png
EASL1170	o0981219		ŠENNUR~a	I	SZENNUR~a	𒭫	/pcsl/easl/images/o0901983.png
EASL1171	o0981220		ŠENNUR~b	I	SZENNUR~b	𒭬	/pcsl/easl/images/o0901984.png
EASL1172	o0981221		ŠEŠ~a	I	SZESZ~a	𒭭,𒭮	/pcsl/easl/images/o0901986.png
EASL1173	o0981222		ŠEŠ~b	I	SZESZ~b	𒭯	/pcsl/easl/images/o0901988.png
EASL1174	o0981223		ŠIDIM	I	SZIDIM	𒭰	/pcsl/easl/images/o0901990.png
EASL1175	o0981224		ŠIDIM@t	I	SZIDIM@t	𒭱	/pcsl/easl/images/o0901991.png
EASL1176	o0981225		ŠIM~a	I	SZIM~a	𒭲,𒭳,𒭴	/pcsl/easl/images/o0901993.png
EASL1177	o0981226		ŠIM~b	I	SZIM~b	𒭵	/pcsl/easl/images/o0901996.png
EASL1178	o0981227		ŠIR~a	I	SZIR~a	𒭶,𒭷	/pcsl/easl/images/o0901998.png
EASL1179	o0981228		ŠIR~b	I	SZIR~b	𒭸,𒭹,𒭺	/pcsl/easl/images/o0902000.png
EASL1180	o0981229		ŠITA~a1	I	SZITA~a1	𒭻	/pcsl/easl/images/o0902004.png
EASL1181	o0981230		|ŠITA~a1×KAK~a|	I	|SZITA~a1xKAK~a|	𒭼	/pcsl/easl/images/o0902014.png
EASL1182	o0981231		|ŠITA~a1×ŠU|	I	|SZITA~a1xSZU|	𒭽	/pcsl/easl/images/o0902020.png
EASL1183	o0981232	n	|ŠITA~a1×ŠU₂~b|	I	|SZITA~a1xSZU2|	𒭾	/pcsl/easl/images/o0902022.png
EASL1184	o0981233		|ŠITA~a1×UDU~a|	I	|SZITA~a1xUDU~a|	𒭿	/pcsl/easl/images/o0902024.png
EASL1185	o0981234		|ŠITA~a1×1(N06)|	I	|SZITA~a1x1(N06)|	𒮀	/pcsl/easl/images/o0902016.png
EASL1186	o0981235		ŠITA~a2	I	SZITA~a2	𒮂	/pcsl/easl/images/o0902005.png
EASL1187	o0981236		ŠITA~a3	I	SZITA~a3	𒮃	/pcsl/easl/images/o0902006.png
EASL1188	o0981237		ŠITA~b1	I	SZITA~b1	𒮄	/pcsl/easl/images/o0902007.png
EASL1189	o0981238		ŠITA~b2	I	SZITA~b2	𒮆	/pcsl/easl/images/o0902008.png
EASL1190	o0981239	n	|ŠITA~b2@g×HI@g~a|	I	|SZITA~b1xHI@g~a|	𒮇	/pcsl/easl/images/o0902012.png
EASL1191	o0981240		ŠITA~b3	I	SZITA~b3	𒮈	/pcsl/easl/images/o0902009.png
EASL1192	o0981241		|ŠITA~b3×NAM₂|	I	|SZITA~b3xNAM2|	𒮉	/pcsl/easl/images/o0902018.png
EASL1193	o0981242	1-	ŠITA~c	I	SZITA~c	󲨀	/pcsl/easl/images/o0902010.png
EASL1194	o0981243		ŠITA@g~a	I	SZITA@g~a	𒮅	/pcsl/easl/images/o0903420.png
EASL1195	o0981244		|ŠITA@g~a×1(N04)|	I	|SZITA@g~ax1(N04)|	𒮋	/pcsl/easl/images/o0902030.png
EASL1196	o0981245		|ŠITA@g~a×1(N06)|	I	|SZITA@g~ax1(N06)|	𒮌	/pcsl/easl/images/o0902032.png
EASL1197	o0981246		ŠITA@g~b	I	SZITA@g~b	𒮁	/pcsl/easl/images/o0902026.png
EASL1198	o0981247		ŠU	I	SZU	𒮍	/pcsl/easl/images/o0902033.png
EASL1199	o0981248		|ŠU×1(N58)|	I	|SZUx1(N58)|	𒮎	/pcsl/easl/images/o0902034.png
EASL1200	o0981249		|ŠU&ŠU|	I	|SZU&SZU|	𒮏	/pcsl/easl/images/o0902035.png
EASL1201	o0981250		ŠU@g	I	SZU@g	𒮐	/pcsl/easl/images/o0902036.png
EASL1202	o0981251	1-	ŠU@s	I	SZU@s	󲨆	/pcsl/easl/images/o0902037.png
EASL1203	o0981252		ŠU₂	I	SZU2	𒮑,𒮘;󳃼,󳄍	/pcsl/easl/images/o0902039.png
EASL1204	o0981253	.++	|ŠU₂.AN|	I	-	𒮒
EASL1205	o0981256	n.	|ŠU₂.EN~a|	I	|SZU2.EN~a|	𒮓,𒮔	/pcsl/easl/images/o0902046.png
EASL1206	o0981260	.++	|ŠU₂.PAP~a|	I	-	𒮘_𒪑	
EASL1207	o0981263	.++	|ŠU₂.1(N24)|	I	-	󳀓	/pcsl/images/add/thumb/SZU2x1N24.png
EASL1208	o0981265	++	|ŠU₂×3(N57)|	I	-	󳀒	/pcsl/images/add/thumb/SZU2-3N57-photo.png
EASL1209	o0981257	n.	|ŠU₂~a.EN~b|	I	|SZU2.EN~b|	𒮕	/pcsl/easl/images/o0902048.png
EASL1210	o0981259	n.	|ŠU₂~a.(HI×1(N57))&(HI×1(N57))|	I	|SZU2.((HI+1(N57))+(HI+1(N57)))|	𒮖	/pcsl/easl/images/o0902824.png
EASL1211	o0981261	n.	|ŠU₂~a.URI₃~a~v1|	I	|SZU2.URI3~a|	𒮗	/pcsl/easl/images/o0902056.png
EASL1212	o0981254	n.	|ŠU₂~b.E₂~a|	I	|SZU2.E2~a|	𒮙	/pcsl/easl/images/o0902043.png
EASL1213	o0981255	n.	|ŠU₂~b.E₂~b|	I	|SZU2.E2~b|	𒮚	/pcsl/easl/images/o0902044.png
EASL1214	o0981258	n.	|ŠU₂~b.GIŠ|	I	|SZU2.GISZ|	𒮛	/pcsl/easl/images/o0902049.png
EASL1215	o0981262	n.	|ŠU₂~b.1(N02)|	I	|SZU2.1(N02)|	𒮜	/pcsl/easl/images/o0902051.png
EASL1216	o0981264	1-.	|ŠU₂~b.2(N57)|	I	|SZU2.2(N57)|	󲷼	/pcsl/easl/images/o0902052.png
EASL1217	o0981266		ŠU₁₂	I	SZU12	𒮝	/pcsl/easl/images/o0902059.png
EASL1218	o0981267		ŠUBUR	I	SZUBUR	𒮞;󳄌	/pcsl/easl/images/o0902060.png
EASL1219	o0981268		ŠUM	I	SZUM	𒮟	/pcsl/easl/images/o0902061.png
EASL1220	o0981270		ŠUR₂~a	I	SZUR2~a	𒮠	/pcsl/easl/images/o0902063.png
EASL1221	o0981271		ŠUR₂~b	I	SZUR2~b	𒮡	/pcsl/easl/images/o0902064.png
EASL1222	o0981272	++	ŠUR₂~c	I	-	󳁻	/pcsl/images/add/thumb/SZUR2c.png
EASL1223	o0981273	:	ŠURUPPAK~a	I	SZURUPPAK~a	𒮢,𒮣	/pcsl/easl/images/o0902068.png
EASL1224	o0981274	:	ŠURUPPAK~b	I	SZURUPPAK~b	𒮤,𒮥	/pcsl/easl/images/o0902070.png
EASL1225	o0981275	1-:	ŠURUPPAK~c	I	SZURUPPAK~c	󲨒	/pcsl/easl/images/o0902072.png
EASL1226	o0981276		TA~a	I	TA~a	𒮦	/pcsl/easl/images/o0902074.png
EASL1227	o0981277		TA~b	I	TA~b	𒮧	/pcsl/easl/images/o0902075.png
EASL1228	o0981278		TA~c	I	TA~c	𒮨	/pcsl/easl/images/o0902076.png
EASL1229	o0981279		TA~d	I	TA~d	𒮩	/pcsl/easl/images/o0902077.png
EASL1230	o0981280		|TA~d×MAŠ|	I	|TA~dxMASZ|	𒮪	/pcsl/easl/images/o0902081.png
EASL1231	o0981281		TA~e	I	TA~e	𒮫	/pcsl/easl/images/o0902078.png
EASL1232	o0981282	1-	TA~f	I	TA~f	󲩙	/pcsl/easl/images/o0902079.png
EASL1233	o0981283		TAG~a1	I	TAG~a1	𒮬	/pcsl/easl/images/o0902083.png
EASL1234	o0981284		TAG~a1@t	I	TAG~a1@t	𒮭	/pcsl/easl/images/o0902092.png
EASL1235	o0981285		TAG~a2	I	TAG~a2	𒮮	/pcsl/easl/images/o0902084.png
EASL1236	o0981286		TAG~a3	I	TAG~a3	𒮯	/pcsl/easl/images/o0902085.png
EASL1237	o0981287		TAG~a4	I	TAG~a4	𒮰	/pcsl/easl/images/o0902086.png
EASL1238	o0981288		TAG~b	I	TAG~b	𒮱	/pcsl/easl/images/o0902087.png
EASL1239	o0981289		TAG~c	I	TAG~c	𒮲	/pcsl/easl/images/o0902088.png
EASL1240	o0981290		TAG~d	I	TAG~d	𒮳	/pcsl/easl/images/o0902089.png
EASL1241	o0981291		TAK₄~a	I	TAK4~a	𒮶,𒮴	/pcsl/easl/images/o0902094.png
EASL1242	o0981292		TAK₄~a@n	I	TAK4~a@n	𒮵	/pcsl/easl/images/o0902098.png
EASL1243	o0981293		TAK₄~c	I	TAK4~c	𒮷	/pcsl/easl/images/o0902096.png
EASL1244	o0981294		TAR~a	I	TAR~a	𒮸	/pcsl/easl/images/o0902100.png
EASL1245	o0981295	1-	TAR~d	I	TAR~d	󲩧	/pcsl/easl/images/o0902101.png
EASL1246	o0981296		TE	I	TE	𒮹	/pcsl/easl/images/o0902102.png
EASL1247	o0981297		TI	I	TI	𒮺,𒮾	/pcsl/easl/images/o0902103.png
EASL1248	o0981298		TI@g	I	TI@g	𒮻	/pcsl/easl/images/o0902105.png
EASL1249	o0981299		TI@r	I	TI@r	𒮼	/pcsl/easl/images/o0902106.png
EASL1250	o0981300		TI@t	I	TI@t	𒮽	/pcsl/easl/images/o0902107.png
EASL1251	o0981301	:	TIDNUM	I	TIDNUM	𒮿	/pcsl/easl/images/o0902108.png
EASL1252	o0981302		TILLA₂	I	TILLA2	𒯀	/pcsl/easl/images/o0902109.png
EASL1253	o0981303		TU~a	I	TU~a	𒯁	/pcsl/easl/images/o0902111.png
EASL1254	o0981304		TU~b	I	TU~b	𒯂	/pcsl/easl/images/o0902112.png
EASL1255	o0981305		TU~c	I	TU~c	𒯃	/pcsl/easl/images/o0902114.png
EASL1256	o0981306		TUG₂~a	I	TUG2~a	𒯄	/pcsl/easl/images/o0902116.png
EASL1257	o0981307	.	|TUG₂~a.BAD&BAD|	I	|TUG2~a.(BAD&BAD)|	𒯅;󳄐	/pcsl/easl/images/o0902121.png
EASL1258	o0981308		TUG₂~a@g	I	TUG2~a@g	𒯆,𒯇	/pcsl/easl/images/o0902123.png
EASL1259	o0981309		TUG₂~b	I	TUG2~b	𒯈	/pcsl/easl/images/o0902117.png
EASL1260	o0981310		TUG₂~c	I	TUG2~c	𒯉	/pcsl/easl/images/o0902118.png
EASL1261	o0981311		TUG₂~d	I	TUG2~d	𒯊	/pcsl/easl/images/o0902119.png
EASL1262	o0981312		TUM~a	I	TUM~a	𒯋	/pcsl/easl/images/o0902128.png
EASL1263	o0981313		TUM~a@g	I	TUM~a@g	𒯌	/pcsl/easl/images/o0902133.png
EASL1264	o0981314		TUM~b	I	TUM~b	𒯍	/pcsl/easl/images/o0902129.png
EASL1265	o0981315		TUM~c	I	TUM~c	𒯎	/pcsl/easl/images/o0902130.png
EASL1266	o0981316		TUM~d	I	TUM~d	𒯏	/pcsl/easl/images/o0902131.png
EASL1267	o0981317		TUN₃~a	I	TUN3~a	𒯐	/pcsl/easl/images/o0902136.png
EASL1268	o0981318		TUN₃~b	I	TUN3~b	𒯑	/pcsl/easl/images/o0902137.png
EASL1269	o0981319		TUN₃~c	I	TUN3~c	𒯒	/pcsl/easl/images/o0902138.png
EASL1270	o0981320		TUR	I	TUR	𒯓,𒯕,𒯖,𒯗	/pcsl/easl/images/o0902139.png
EASL1271	o0981321	1-#	|TUR~v1×X|	I	|TURxX|	󲸿	/pcsl/easl/images/o0902143.png
EASL1272	o0981322		TUR@g	I	TUR@g	𒯔	/pcsl/easl/images/o0902144.png
EASL1273	o0981323		TUR₃~a	I	TUR3~a	𒯘	/pcsl/easl/images/o0902146.png
EASL1274	o0981324	.++	|TUR₃~a.5(N57)|	I	-	𒯘_󰄔	
EASL1275	o0981325		TUR₃~a@n	I	|TUR3~a@n|	𒯙	/pcsl/easl/images/o0902154.png
EASL1276	o0981326		TUR₃~b	I	TUR3~b	𒯚	/pcsl/easl/images/o0902147.png
EASL1277	o0981327	1-	|TUR₃~b×TAK₄~a|	I	|TUR3~bxTAK4~a|	󲹀	/pcsl/easl/images/o0902152.png
EASL1278	o0981328		TUR₃~c	I	TUR3~c	𒯛	/pcsl/easl/images/o0902148.png
EASL1279	o0981329		U₂~a	I	U2~a	𒯜	/pcsl/easl/images/o0902156.png
EASL1280	o0981330		U₂~b	I	U2~b	𒯝,𒯞,𒯟	/pcsl/easl/images/o0902157.png
EASL1281	o0981331		U₂~c	I	U2~c	𒯠	/pcsl/easl/images/o0902160.png
EASL1282	o0981332		U₄	I	U4	𒯡	/pcsl/easl/images/o0902161.png
EASL1283	o0981333	n.	|U₄.ŠU₂~b|	I	|U4.SZU2|	𒯢	/pcsl/easl/images/o0902177.png
EASL1284	o0981334	.	|U₄.1(N08)|	I	|U4.1(N08)|	𒯣	/pcsl/easl/images/o0902163.png
EASL1285	o0981335	.	|U₄.2(N08)|	I	|U4.2(N08)|	𒯤	/pcsl/easl/images/o0902164.png
EASL1286	o0981336	.	|U₄.3(N08)|	I	|U4.3(N08)|	𒯥	/pcsl/easl/images/o0902165.png
EASL1287	o0981337	n.	|U₄.4(N08)~v1|	I	|U4.4(N08)|	𒯦	/pcsl/easl/images/o0902166.png
EASL1288	o0981338	.	|U₄.5(N08)|	I	|U4.5(N08)|	𒯧	/pcsl/easl/images/o0902167.png
EASL1289	o0981339	.	|U₄.6(N08)|	I	|U4.6(N08)|	𒯨	/pcsl/easl/images/o0902168.png
EASL1290	o0981340	.	|U₄.7(N08)|	I	|U4.7(N08)|	𒯩	/pcsl/easl/images/o0902169.png
EASL1291	o0981341	.	|U₄.8(N08)|	I	|U4.8(N08)|	𒯪	/pcsl/easl/images/o0902170.png
EASL1292	o0981342	.	|U₄.1(N14)|	I	|U4.1(N14)|	𒯫	/pcsl/easl/images/o0902171.png
EASL1293	o0981343	.++	|U₄.1(N14).1(N08)|	I	-	𒯡_𒕢_𒕙	
EASL1294	o0981344	.	|U₄.1(N14).3(N08)|	I	|U4.(1(N14).3(N08))|	𒯬	/pcsl/easl/images/o0902172.png
EASL1295	o0981345	.	|U₄.1(N14).4(N08)|	I	|U4.(1(N14).4(N08))|	𒯭	/pcsl/easl/images/o0902173.png
EASL1296	o0981346	.	|U₄.1(N14).5(N08)|	I	|U4.(1(N14).5(N08))|	𒯮	/pcsl/easl/images/o0902174.png
EASL1297	o0981347	.	|U₄.1(N14).8(N08)|	I	|U4.(1(N14).8(N08))|	𒯯	/pcsl/easl/images/o0902175.png
EASL1298	o0981348	.	|U₄.2(N14)|	I	|U4.2(N14)|	𒯰	/pcsl/easl/images/o0902176.png
EASL1299	o0981350	#	|U₄×X|	I	|U4xX|	𒯱	/pcsl/easl/images/o0902216.png
EASL1300	o0981351	#	|U₄×(X+2(N01))|	I	|U4x(X+2(N01))|	𒯲	/pcsl/easl/images/o0902217.png
EASL1301	o0981352		|U₄×1(N01)|	I	|U4x1(N01)|	𒯳	/pcsl/easl/images/o0902178.png
EASL1302	o0981353	.	|U₄×1(N01).5(N08)|	I	|U4x1(N01).5(N08)|	𒯴	/pcsl/easl/images/o0902179.png
EASL1303	o0981355	#	|U₄×2(N01)|	I	|U4x2(N01)|	𒯵	/pcsl/easl/images/o0902182.png
EASL1304	o0981356	.#	|U₄×2(N01).X|	I	|U4x2(N01).X|	𒯶	/pcsl/easl/images/o0902185.png
EASL1305	o0981357	.	|U₄×2(N01).2(N14)|	I	|U4x2(N01).2(N14)|	𒯷	/pcsl/easl/images/o0902183.png
EASL1306	o0981358	.	|U₄×2(N01).2(N14).1(N08)|	I	|U4x2(N01).(2(N14).1(N08))|	𒯸	/pcsl/easl/images/o0902184.png
EASL1307	o0981359		|U₄×3(N01)|	I	|U4x3(N01)|	𒯹	/pcsl/easl/images/o0902186.png
EASL1308	o0981360	n.	|U₄×3(N01).3(N08)~v1|	I	|U4x3(N01).3(N08)|	𒯺	/pcsl/easl/images/o0902187.png
EASL1309	o0981361		|U₄×4(N01)|	I	|U4x4(N01)|	𒯻	/pcsl/easl/images/o0902188.png
EASL1310	o0981362	.	|U₄×4(N01).2(N14)|	I	|U4x4(N01).2(N14)|	𒯼	/pcsl/easl/images/o0902189.png
EASL1311	o0981363		|U₄×5(N01)|	I	|U4x5(N01)|	𒯽	/pcsl/easl/images/o0902190.png
EASL1312	o0981364	.	|U₄×5(N01).1(N14)|	I	|U4x5(N01).1(N14)|	𒯾	/pcsl/easl/images/o0902191.png
EASL1313	o0981365		|U₄×6(N01)|	I	|U4x6(N01)|	𒯿	/pcsl/easl/images/o0902192.png
EASL1314	o0981366		|U₄×8(N01)|	I	|U4x8(N01)|	𒰀	/pcsl/easl/images/o0902193.png
EASL1315	o0981367	.#	|U₄×8(N01).X|	I	|U4x8(N01).X|	𒰁	/pcsl/easl/images/o0902194.png
EASL1316	o0981368	n#	|U₄×N(N01)|	I	|U4x(X(N01))|	𒰂	/pcsl/easl/images/o0902195.png
EASL1317	o0981369	1-	|U₄×1(N01@f)|	I	|U4x1(N01)F|	󲹃	/pcsl/easl/images/o0902181.png
EASL1318	o0981370		|U₄×1(N14)|	I	|U4x1(N14)|	𒰃	/pcsl/easl/images/o0902196.png
EASL1319	o0981372		|U₄×(1(N14).2(N01))|	I	|U4x(1(N14).2(N01))|	𒰄	/pcsl/easl/images/o0902198.png
EASL1320	o0981373	++	|U₄×(1(N14).3(N01))|	I	-	󳂔	/pcsl/images/add/thumb/FONT
EASL1321	o0981374	.++	|U₄×(1(N14).3(N01)).1(N14).4(N08)|	I	-	󳂔_𒕢_𒕜	
EASL1322	o0981375		|U₄×(1(N14).4(N01))|	I	|U4x(1(N14).4(N01))|	𒰅	/pcsl/easl/images/o0902200.png
EASL1323	o0981376		|U₄×(1(N14).8(N01))|	I	|U4x(1(N14).8(N01))|	𒰆	/pcsl/easl/images/o0902201.png
EASL1324	o0981377		|U₄×2(N14)|	I	|U4x2(N14)|	𒰇	/pcsl/easl/images/o0902202.png
EASL1325	o0981378		|U₄×(2(N14).4(N01))|	I	|U4x(2(N14).4(N01))|	𒰈	/pcsl/easl/images/o0902203.png
EASL1326	o0981379		|U₄×(3(N14).2(N01))|	I	|U4x(3(N14).2(N01))|	𒰉	/pcsl/easl/images/o0902204.png
EASL1327	o0981380		|U₄×(3(N14).7(N01))|	I	|U4x(3(N14).7(N01))|	𒰊	/pcsl/easl/images/o0902205.png
EASL1328	o0981381		|U₄×1(N57)|	I	|U4x1(N57)|	𒰋	/pcsl/easl/images/o0902206.png
EASL1329	o0981382		|U₄×2(N57)|	I	|U4x2(N57)|	𒰌	/pcsl/easl/images/o0902207.png
EASL1330	o0981383		|U₄×3(N57)|	I	|U4x3(N57)|	𒰍	/pcsl/easl/images/o0902208.png
EASL1331	o0981384		|U₄×4(N57)|	I	|U4x4(N57)|	𒰎	/pcsl/easl/images/o0902209.png
EASL1332	o0981385		|U₄×5(N57)|	I	|U4x5(N57)|	𒰏	/pcsl/easl/images/o0902210.png
EASL1333	o0981386		|U₄×6(N57)|	I	|U4x6(N57)|	𒰐	/pcsl/easl/images/o0902211.png
EASL1334	o0981387		|U₄×7(N57)|	I	|U4x7(N57)|	𒰑	/pcsl/easl/images/o0902212.png
EASL1335	o0981388		|U₄×8(N57)|	I	|U4x8(N57)|	𒰒	/pcsl/easl/images/o0902213.png
EASL1336	o0981389	n	|U₄×10(N57)|	I	|U4x10(N57)|	𒰓	/pcsl/easl/images/o0902214.png
EASL1337	o0981390		|U₄×1(N58@t)|	I	|U4x1(N58)@t|	𒰔	/pcsl/easl/images/o0902215.png
EASL1338	o0981391		U₄@t	I	U4@t	𒰕	/pcsl/easl/images/o0902226.png
EASL1339	o0981392		U₈	I	U8	𒰖,𒰘,𒰙,𒰚	/pcsl/easl/images/o0902220.png
EASL1340	o0981393	n	|U₈×TAR~b|	I	|(U8xTAR)~b|	𒰗	/pcsl/easl/images/o0902225.png
EASL1341	o0981394		UB	I	UB	𒰛	/pcsl/easl/images/o0902227.png
EASL1342	o0981395		UBI~a	I	UBI~a	𒰜	/pcsl/easl/images/o0902229.png
EASL1343	o0981396		UBI~c	I	UBI~c	𒰝,𒰞	/pcsl/easl/images/o0902230.png
EASL1344	o0981398		UD₅~a	I	UD5~a	𒰟,𒰡,𒰢	/pcsl/easl/images/o0902234.png
EASL1345	o0981399		UD₅~a@g	I	UD5~a@g	𒰠	/pcsl/easl/images/o0902241.png
EASL1346	o0981400		UD₅~b	I	UD5~b	𒰣	/pcsl/easl/images/o0902237.png
EASL1347	o0981401		UD₅~c	I	UD5~c	𒰤	/pcsl/easl/images/o0902238.png
EASL1348	o0981402		UDU~a	I	UDU~a	𒰥	/pcsl/easl/images/o0902243.png
EASL1349	o0981403	n	|UDU~a×TAR~a|	I	|(UDU~axTAR)~a|	𒰦	/pcsl/easl/images/o0902247.png
EASL1350	o0981404	n	|UDU~a×TAR~b|	I	|(UDU~axTAR)~b|	𒰧	/pcsl/easl/images/o0902248.png
EASL1351	o0981405		UDU~b	I	UDU~b	𒰨	/pcsl/easl/images/o0902244.png
EASL1352	o0981406		UDU~c	I	UDU~c	𒰩	/pcsl/easl/images/o0902245.png
EASL1353	o0981407	!A	UDUNITA~a	I	UDUNITA~a	𒰪	/pcsl/easl/images/o0902250.png
EASL1354	o0981408	!U	UDUNITA~b	I	UDUNITA~b	𒰫	/pcsl/easl/images/o0902251.png
EASL1355	o0981409	!A	UDUNITA~c	I	UDUNITA~c	𒰬	/pcsl/easl/images/o0902252.png
EASL1356	o0981410		UH	I	UH	𒰭	/pcsl/easl/images/o0902254.png
EASL1357	o0981411		UH₃~a	I	UH3~a	𒰮	/pcsl/easl/images/o0902256.png
EASL1358	o0981412		UH₃~a@t	I	UH3~a@t	𒰯	/pcsl/easl/images/o0902259.png
EASL1359	o0981413		UH₃~b	I	UH3~b	𒰰	/pcsl/easl/images/o0902257.png
EASL1360	o0981414		UKKIN~a	I	UKKIN~a	𒰲,𒰱	/pcsl/easl/images/o0902261.png
EASL1361	o0981415		UKKIN~b	I	UKKIN~b	𒰼,𒰳	/pcsl/easl/images/o0902263.png
EASL1362	o0981416		|UKKIN~b×DIN|	I	|UKKIN~bxDIN|	𒰴	/pcsl/easl/images/o0902268.png
EASL1363	o0981417	n	|UKKIN~b×(DIN.1(N01))|	I	|UKKIN~bx(DIN.1(N01))|	𒰵	/pcsl/easl/images/o0902270.png
EASL1364	o0981418	1-	|UKKIN~b×DUG~a|	I	|UKKIN~bxDUG~a|	󲹽	/pcsl/easl/images/o0902272.png
EASL1365	o0981419		|UKKIN~b×HI@g~a|	I	|UKKIN~bxHI@g~a|	𒰶	/pcsl/easl/images/o0902274.png
EASL1366	o0981420		|UKKIN~b×NI~a|	I	|UKKIN~bxNI~a|	𒰷	/pcsl/easl/images/o0902282.png
EASL1367	o0981421	#	|UKKIN~b×X|	I	|UKKIN~bxX|	𒰸	/pcsl/easl/images/o0902284.png
EASL1368	o0981422		|UKKIN~b×2(N01)|	I	|UKKIN~bx2(N01)|	𒰹	/pcsl/easl/images/o0902276.png
EASL1369	o0981423		|UKKIN~b×3(N01)|	I	|UKKIN~bx3(N01)|	𒰺	/pcsl/easl/images/o0902278.png
EASL1370	o0981424		|UKKIN~b×5(N01)|	I	|UKKIN~bx5(N01)|	𒰻	/pcsl/easl/images/o0902280.png
EASL1371	o0981425		UKKIN~c	I	UKKIN~c	𒰽	/pcsl/easl/images/o0902265.png
EASL1372	o0981426	++	UKKIN~d	I	-	󳁽	/pcsl/images/add/thumb/UKKINd.png
EASL1373	o0981427		UMBIN~a	I	UMBIN~a	𒰾	/pcsl/easl/images/o0902286.png
EASL1374	o0981428		UMBIN~b1	I	UMBIN~b1	𒰿	/pcsl/easl/images/o0902287.png
EASL1375	o0981429		UMBIN~b2	I	UMBIN~b2	𒱀	/pcsl/easl/images/o0902288.png
EASL1376	o0981430		UMBIN~c	I	UMBIN~c	𒱁	/pcsl/easl/images/o0902289.png
EASL1377	o0981431		UMUN₂	I	UMUN2	𒱃,𒱂	/pcsl/easl/images/o0902290.png
EASL1378	o0981432		UNUG~a	I	UNUG~a	𒱆,𒱄	/pcsl/easl/images/o0902293.png
EASL1379	o0981433	n	|UNUG~a~v1×A@t|	I	|UNUG~axA@t|	𒱇	/pcsl/easl/images/o0902298.png
EASL1380	o0981434		UNUG~a@s	I	UNUG~a@s	𒱅	/pcsl/easl/images/o0902300.png
EASL1381	o0981435		UNUG~b	I	UNUG~b	𒱈	/pcsl/easl/images/o0902295.png
EASL1382	o0981436		UNUG~c	I	UNUG~c	𒱉	/pcsl/easl/images/o0902296.png
EASL1383	o0981437		UR~a	I	UR~a	𒱊	/pcsl/easl/images/o0902302.png
EASL1384	o0981438	n	|UR~a×KAR₂~b|	I	|UR~axKAR2|	𒱋	/pcsl/easl/images/o0902306.png
EASL1385	o0981439		UR~a@g	I	UR~a@g	𒱌	/pcsl/easl/images/o0902308.png
EASL1386	o0981440		UR~b	I	UR~b	𒱍	/pcsl/easl/images/o0902303.png
EASL1387	o0981441		UR~c	I	UR~c	𒱎	/pcsl/easl/images/o0902304.png
EASL1388	o0981442		UR₂	I	UR2	𒱏	/pcsl/easl/images/o0902309.png
EASL1389	o0981443	n	|UR₂×TAR~c|	I	|UR2xTAR|	𒱐	/pcsl/easl/images/o0902311.png
EASL1390	o0981444		|UR₂×1(N57)|	I	|UR2x1(N57)|	𒱑	/pcsl/easl/images/o0902310.png
EASL1391	o0981445		UR₃~a1	I	UR3~a1	𒱒,𒱓	/pcsl/easl/images/o0902313.png
EASL1392	o0981446		UR₃~a2	I	UR3~a2	𒱔	/pcsl/easl/images/o0902315.png
EASL1393	o0981447		UR₃~a3	I	UR3~a3	𒱕	/pcsl/easl/images/o0902316.png
EASL1394	o0981448		UR₃~b1	I	UR3~b1	𒱖	/pcsl/easl/images/o0902317.png
EASL1395	o0981449		|UR₃~b1×MAŠ|	I	|UR3~b1xMASZ|	𒱗	/pcsl/easl/images/o0902321.png
EASL1396	o0981450		UR₃~b2	I	UR3~b2	𒱘;󳄓	/pcsl/easl/images/o0902318.png
EASL1397	o0981451	++	UR₃~d2	I	-	󳁾	/pcsl/images/add/thumb/UR3d2.png
EASL1398	o0981452		UR₄~a	I	UR4~a	𒱙	/pcsl/easl/images/o0902323.png
EASL1399	o0981453		UR₄~b	I	UR4~b	𒱚	/pcsl/easl/images/o0902324.png
EASL1400	o0981454		UR₄~c	I	UR4~c	𒱛	/pcsl/easl/images/o0902325.png
EASL1401	o0981455		UR₅~a	I	UR5~a	𒱜	/pcsl/easl/images/o0902327.png
EASL1402	o0981456		UR₅~b	I	UR5~b	𒱝	/pcsl/easl/images/o0902328.png
EASL1403	o0981457		URI	I	URI	𒱞	/pcsl/easl/images/o0902329.png
EASL1404	o0981458	1-:	URI₂	I	URI2	󲫋	/pcsl/easl/images/o0902330.png
EASL1405	o0981459		URI₃~a	I	URI3~a	𒱟,𒱠	/pcsl/easl/images/o0902332.png
EASL1406	o0981460	1-:	|URI₃~a+IB~a|	I	|URI3~a+IB~a|	󲺆	/pcsl/easl/images/o0902336.png
EASL1407	o0981461	:	URI₃~b	I	URI3~b	𒱡	/pcsl/easl/images/o0902334.png
EASL1408	o0981462		URI₅	I	URI5	𒱢	/pcsl/easl/images/o0902337.png
EASL1409	o0981463		URU~a1	I	URU~a1	𒱣	/pcsl/easl/images/o0902339.png
EASL1410	o0981464	1-	|URU~a1×A|	I	|URU~a1xA|	󲺉	/pcsl/easl/images/o0902345.png
EASL1411	o0981465	n	|URU~a1×AMAR~v2|	I	|URU~a1xAMAR|	𒱤	/pcsl/easl/images/o0902347.png
EASL1412	o0981466		|URU~a1×GU₄|	I	|URU~a1xGU4|	𒱥	/pcsl/easl/images/o0902349.png
EASL1413	o0981467		|URU~a1×HI@g~a|	I	|URU~a1xHI@g~a|	𒱦	/pcsl/easl/images/o0902351.png
EASL1414	o0981469		|URU~a1×NIMGIR|	I	|URU~a1xNIMGIR|	𒱧	/pcsl/easl/images/o0902365.png
EASL1415	o0981470		|URU~a1×U₄|	I	|URU~a1xU4|	𒱨	/pcsl/easl/images/o0902367.png
EASL1416	o0981471	#	|URU~a1×X|	I	|URU~a1xX|	𒱩	/pcsl/easl/images/o0902369.png
EASL1417	o0981472	:	|URU~a1×1(N57)|	I	|URU~a1x1(N57)|	𒱪	/pcsl/easl/images/o0902357.png
EASL1418	o0981473	:	|URU~a1×2(N57)|	I	|URU~a1x2(N57)|	𒱫	/pcsl/easl/images/o0902359.png
EASL1419	o0981475		URU~a1@n	I	|URU~a1@n|	𒱬	/pcsl/easl/images/o0902371.png
EASL1420	o0981476		URU~a2	I	URU~a2	𒱭	/pcsl/easl/images/o0902340.png
EASL1421	o0981477		|URU~a2×1(N58)|	I	|URU~a2x1(N58)|	𒱮	/pcsl/easl/images/o0902363.png
EASL1422	o0981478		|URU~a3×KALAM~a|	I	|URU~a3xKALAM~a|	𒱯	/pcsl/easl/images/o0902353.png
EASL1423	o0981479		URU~b1	I	URU~b1	𒱰	/pcsl/easl/images/o0902341.png
EASL1424	o0981480		URU~b2	I	URU~b2	𒱱	/pcsl/easl/images/o0902342.png
EASL1425	o0981481		URU~c	I	URU~c	𒱲	/pcsl/easl/images/o0902343.png
EASL1426	o0981482		URUDU~a	I	URUDU~a	𒱳,𒱴,𒱵	/pcsl/easl/images/o0902373.png
EASL1427	o0981483		URUDU~c	I	URUDU~c	𒱶	/pcsl/easl/images/o0902376.png
EASL1428	o0981484		URUDU~d	I	URUDU~d	𒱷	/pcsl/easl/images/o0902377.png
EASL1429	o0981485		URUDU@g~a	I	URUDU@g~a	𒱸	/pcsl/easl/images/o0902379.png
EASL1430	o0981486		URUDU@g~b	I	URUDU@g~b	𒱹	/pcsl/easl/images/o0902380.png
EASL1431	o0981487		URUDU@g~c	I	URUDU@g~c	𒱺	/pcsl/easl/images/o0902381.png
EASL1432	o0981488		URUDU@g~d	I	URUDU@g~d	𒱻	/pcsl/easl/images/o0902382.png
EASL1433	o0981489		UŠ~a	I	USZ~a	𒱼;󳃲	/pcsl/easl/images/o0902384.png
EASL1434	o0981490		|UŠ~a&UŠ~a|	I	|USZ~a&USZ~a|	𒱽	/pcsl/easl/images/o0902392.png
EASL1435	o0981491		UŠ~b	I	USZ~b	𒱾,𒲁	/pcsl/easl/images/o0902385.png
EASL1436	o0981492	n	|UŠ~b×TAR~c|	I	|USZ~bxTAR~c|	𒲂,𒱿	/pcsl/easl/images/o0902388.png
EASL1437	o0981493	1-	|UŠ~b×TAR~d|	I	|USZ~bxTAR~d|	󲺕	/pcsl/easl/images/o0902390.png
EASL1438	o0981494		|UŠ~b&UŠ~b|	I	|USZ~b&USZ~b|	𒲀	/pcsl/easl/images/o0902393.png
EASL1439	o0981495	:	UŠUMGAL	I	USZUMGAL	𒲃	/pcsl/easl/images/o0902394.png
EASL1440	o0981496	1-	UŠUR₃~a	I	USZUR3~a	󲫣	/pcsl/easl/images/o0902396.png
EASL1441	o0981497		UŠUR₃~b1	I	USZUR3~b1	𒲄	/pcsl/easl/images/o0902397.png
EASL1442	o0981498		UŠUR₃~b2	I	USZUR3~b2	𒲅	/pcsl/easl/images/o0902398.png
EASL1443	o0981499	!	UTUA~a	I	UTUA~a	𒲆	/pcsl/easl/images/o0902400.png
EASL1444	o0981500	!	UTUA~a@t	I	UTUA~a@t	𒲇	/pcsl/easl/images/o0902404.png
EASL1445	o0981501	!	UTUA~b	I	UTUA~b	𒲈,𒲉	/pcsl/easl/images/o0902401.png
EASL1446	o0981502	!A	UTUL~a	I	UTUL~a	𒲊	/pcsl/easl/images/o0902406.png
EASL1447	o0981503	!A	UTUL~b	I	UTUL~b	𒲋	/pcsl/easl/images/o0902407.png
EASL1448	o0981504	!U	UTUL~c	I	UTUL~c	𒲌	/pcsl/easl/images/o0902408.png
EASL1449	o0981505	!A	UTUL~d	I	UTUL~d	𒲍	/pcsl/easl/images/o0902409.png
EASL1450	o0981506	:++	UZ~a	I	UZ~a	𒲎	-
EASL1451	o0981507		UZU	I	UZU	𒲏	/pcsl/easl/images/o0902412.png
EASL1452	o0981508	.++	X₂	I	-	󰄑_󳂉	
EASL1453	o0981509	n	ZA~v	I	ZA~x	𒲐	/pcsl/easl/images/o0902416.png
EASL1454	o0981510	:	ZABALAM~a	I	ZABALAM~a	𒲑	/pcsl/easl/images/o0902418.png
EASL1455	o0981511	:	ZABALAM~b	I	ZABALAM~b	𒲒	/pcsl/easl/images/o0902419.png
EASL1456	o0981512	1-	ZADIM	I	ZADIM	󲫲	/pcsl/easl/images/o0902420.png
EASL1457	o0981513		ZAG~a	I	ZAG~a	𒲓,𒲔	/pcsl/easl/images/o0902422.png
EASL1458	o0981514		ZAG~b	I	ZAG~b	𒲕	/pcsl/easl/images/o0902424.png
EASL1459	o0981515		ZAG~c	I	ZAG~c	𒲖	/pcsl/easl/images/o0902425.png
EASL1460	o0981516		ZAR~a	I	ZAR~a	𒲗	/pcsl/easl/images/o0902427.png
EASL1461	o0981517		ZAR~b1	I	ZAR~b1	𒲘	/pcsl/easl/images/o0902428.png
EASL1462	o0981518		ZAR~b2	I	ZAR~b2	𒲙	/pcsl/easl/images/o0902429.png
EASL1463	o0981519		ZAR~c	I	ZAR~c	𒲚	/pcsl/easl/images/o0902430.png
EASL1464	o0981520		ZI~a	I	ZI~a	𒷫,𒷬	/pcsl/easl/images/o0902829.png
EASL1465	o0981521		ZI~b	I	ZI~b	𒷭	/pcsl/easl/images/o0902831.png
EASL1466	o0981522		ZI~d	I	ZI~d	𒷮	/pcsl/easl/images/o0902832.png
EASL1467	o0981523	1-	|(ZU&ZU).SAR~a|	I	|(ZU&ZU).SAR~a|	󲻆	/pcsl/easl/images/o0902836.png
EASL1468	o0981524	!U	ZUBI~a	I	ZUBI~a	𒷯	/pcsl/easl/images/o0902838.png
EASL1469	o0981525	!A	ZUBI~b	I	ZUBI~b	𒷰	/pcsl/easl/images/o0902839.png
EASL1470	o0981526		ZATU620	I	ZATU620	𒲛	/pcsl/easl/images/o0902431.png
EASL1471	o0981527		ZATU621~a	I	ZATU621~a	𒲜	/pcsl/easl/images/o0902433.png
EASL1472	o0981528		ZATU621~b	I	ZATU621~b	𒲝	/pcsl/easl/images/o0902434.png
EASL1473	o0981529		ZATU621~c	I	ZATU621~c	𒲞	/pcsl/easl/images/o0902435.png
EASL1474	o0981530		ZATU621~d	I	ZATU621~d	𒲟	/pcsl/easl/images/o0902436.png
EASL1475	o0981531		ZATU622	I	ZATU622	𒲠	/pcsl/easl/images/o0902437.png
EASL1476	o0981532		ZATU623	I	ZATU623	𒲣,𒲢,𒲡	/pcsl/easl/images/o0902438.png
EASL1477	o0981533		ZATU624~a	I	ZATU624~a	𒲤	/pcsl/easl/images/o0902442.png
EASL1478	o0981534		ZATU624~b	I	ZATU624~b	𒲥	/pcsl/easl/images/o0902443.png
EASL1479	o0981535		ZATU624~c	I	ZATU624~c	𒲦	/pcsl/easl/images/o0902444.png
EASL1480	o0981536		ZATU625	I	ZATU625	𒲧,𒲨	/pcsl/easl/images/o0902445.png
EASL1481	o0981537		ZATU626~a	I	ZATU626~a	𒲩	/pcsl/easl/images/o0902448.png
EASL1482	o0981538		ZATU626~b	I	ZATU626~b	𒲪	/pcsl/easl/images/o0902449.png
EASL1483	o0981539		ZATU626~c	I	ZATU626~c	𒲫	/pcsl/easl/images/o0902450.png
EASL1484	o0981540		ZATU627	I	ZATU627	𒲬	/pcsl/easl/images/o0902451.png
EASL1485	o0981541		ZATU628~a	I	ZATU628~a	𒲭,𒲮	/pcsl/easl/images/o0902453.png
EASL1486	o0981542		ZATU628~b	I	ZATU628~b	𒲯	/pcsl/easl/images/o0902455.png
EASL1487	o0981543		ZATU629	I	ZATU629	𒲰,𒲱	/pcsl/easl/images/o0902456.png
EASL1488	o0981544		ZATU630	I	ZATU630	𒲲	/pcsl/easl/images/o0902458.png
EASL1489	o0981545		ZATU631	I	ZATU631	𒲳	/pcsl/easl/images/o0902459.png
EASL1490	o0981546		ZATU632~a	I	ZATU632~a	𒲴,𒲵	/pcsl/easl/images/o0902461.png
EASL1491	o0981547		ZATU632~b	I	ZATU632~b	𒲶	/pcsl/easl/images/o0902463.png
EASL1492	o0981548		ZATU632~c	I	ZATU632~c	𒲷	/pcsl/easl/images/o0902464.png
EASL1493	o0981549		ZATU633~a	I	ZATU633~a	𒲸	/pcsl/easl/images/o0902466.png
EASL1494	o0981550		ZATU633~b	I	ZATU633~b	𒲹	/pcsl/easl/images/o0902467.png
EASL1495	o0981551		ZATU634	I	ZATU634	𒲺	/pcsl/easl/images/o0902468.png
EASL1496	o0981552		ZATU635	I	ZATU635	𒲻	/pcsl/easl/images/o0902469.png
EASL1497	o0981553		ZATU636	I	ZATU636	𒲼,𒲽	/pcsl/easl/images/o0902470.png
EASL1498	o0981554		ZATU637	I	ZATU637	𒲾	/pcsl/easl/images/o0902472.png
EASL1499	o0981555		ZATU639	I	ZATU639	𒲿	/pcsl/easl/images/o0902473.png
EASL1500	o0981556	#	ZATU640	I	ZATU640	𒳀	/pcsl/easl/images/o0902474.png
EASL1501	o0981557		ZATU641	I	ZATU641	𒳁	/pcsl/easl/images/o0902475.png
EASL1502	o0981558		ZATU642	I	ZATU642	𒳂	/pcsl/easl/images/o0902476.png
EASL1503	o0981559		ZATU643	I	ZATU643	𒳃	/pcsl/easl/images/o0902477.png
EASL1504	o0981560		ZATU644~a	I	ZATU644~a	𒳄	/pcsl/easl/images/o0902479.png
EASL1505	o0981561		|ZATU644~a×1(N14)|	I	|ZATU644~ax1(N14)|	𒳅	/pcsl/easl/images/o0902482.png
EASL1506	o0981562		ZATU644~b	I	ZATU644~b	𒳆	/pcsl/easl/images/o0902480.png
EASL1507	o0981563		ZATU646	I	ZATU646	𒳇	/pcsl/easl/images/o0902483.png
EASL1508	o0981564		ZATU647	I	ZATU647	𒳈,𒳉	/pcsl/easl/images/o0902484.png
EASL1509	o0981565		ZATU648	I	ZATU648	𒳊	/pcsl/easl/images/o0902486.png
EASL1510	o0981566		ZATU649	I	ZATU649	𒳋,𒳌	/pcsl/easl/images/o0902487.png
EASL1511	o0981567	#	ZATU650	I	ZATU650	𒳍	/pcsl/easl/images/o0902489.png
EASL1512	o0981568		ZATU651	I	ZATU651	𒳘,𒳗,𒳎	/pcsl/easl/images/o0902490.png
EASL1513	o0981569		|ZATU651×AN|	I	|ZATU651xAN|	𒳏	/pcsl/easl/images/o0902493.png
EASL1514	o0981570	n	|ZATU651×EN~a~v2|	I	|ZATU651xEN~a|	𒳐	/pcsl/easl/images/o0902495.png
EASL1515	o0981571		|ZATU651×GAR|	I	|ZATU651xGAR|	𒳑	/pcsl/easl/images/o0902496.png
EASL1516	o0981572		|ZATU651×MA|	I	|ZATU651xMA|	𒳒	/pcsl/easl/images/o0902497.png
EASL1517	o0981573		|ZATU651×NUN~a|	I	|ZATU651xNUN~a|	𒳓	/pcsl/easl/images/o0902499.png
EASL1518	o0981575	#	|ZATU651×X|	I	|ZATU651xX|	𒳔	/pcsl/easl/images/o0902502.png
EASL1519	o0981576		|ZATU651×ZAR~c|	I	|ZATU651xZAR~c|	𒳕	/pcsl/easl/images/o0902504.png
EASL1520	o0981574	n	|ZATU651~v2×ŠE~a|	I	|ZATU651xSZE~a|	𒳙	/pcsl/easl/images/o0902501.png
EASL1521	o0981577		ZATU651@g	I	ZATU651@g	𒳖	/pcsl/easl/images/o0902505.png
EASL1522	o0981578		ZATU659	I	ZATU659	𒳚	/pcsl/easl/images/o0902506.png
EASL1523	o0981579		|ZATU659×1(N01)|	I	|ZATU659x1(N01)|	𒳛	/pcsl/easl/images/o0902507.png
EASL1524	o0981580		|ZATU659×1(N14)|	I	|ZATU659x1(N14)|	𒳜	/pcsl/easl/images/o0902508.png
EASL1525	o0981581		|ZATU659×1(N58@t)|	I	|ZATU659x1(N58)@t|	𒳝	/pcsl/easl/images/o0902509.png
EASL1526	o0981582	++	ZATU659@t	I	-	󳃽	/pcsl/images/add/thumb/-
EASL1527	o0981583		ZATU662	I	ZATU662	𒳤,𒳠,𒳞,𒳢	/pcsl/easl/images/o0902511.png
EASL1528	o0981584		|ZATU662×1(N14)|	I	|ZATU662x1(N14)|	𒳡,𒳟,𒳣	/pcsl/easl/images/o0902515.png
EASL1529	o0981585		ZATU664	I	ZATU664	𒳥	/pcsl/easl/images/o0902518.png
EASL1530	o0981586		ZATU665	I	ZATU665	𒳦	/pcsl/easl/images/o0902519.png
EASL1531	o0981587		ZATU666	I	ZATU666	𒳧	/pcsl/easl/images/o0902520.png
EASL1532	o0981588		ZATU667	I	ZATU667	𒳨	/pcsl/easl/images/o0902521.png
EASL1533	o0981589		ZATU668	I	ZATU668	𒳩	/pcsl/easl/images/o0902522.png
EASL1534	o0981590		ZATU669	I	ZATU669	𒳪	/pcsl/easl/images/o0902523.png
EASL1535	o0981591	#	ZATU670	I	ZATU670	𒳫	/pcsl/easl/images/o0902524.png
EASL1536	o0981592		ZATU672	I	ZATU672	𒳬	/pcsl/easl/images/o0902525.png
EASL1537	o0981593		ZATU674	I	ZATU674	𒳭	/pcsl/easl/images/o0902526.png
EASL1538	o0981594		ZATU675~a	I	ZATU675~a	𒳮	/pcsl/easl/images/o0902528.png
EASL1539	o0981595		ZATU675~b	I	ZATU675~b	𒳯,𒳰	/pcsl/easl/images/o0902529.png
EASL1540	o0981596		ZATU675~c	I	ZATU675~c	𒳱	/pcsl/easl/images/o0902531.png
EASL1541	o0981597		ZATU675~d	I	ZATU675~d	𒳲	/pcsl/easl/images/o0902532.png
EASL1542	o0981598		ZATU676~a	I	ZATU676~a	𒳳	/pcsl/easl/images/o0902534.png
EASL1543	o0981599		ZATU676~b	I	ZATU676~b	𒳴	/pcsl/easl/images/o0902535.png
EASL1544	o0981600		ZATU677~a	I	ZATU677~a	𒳵	/pcsl/easl/images/o0902537.png
EASL1545	o0981601		ZATU677~b	I	ZATU677~b	𒳶	/pcsl/easl/images/o0902538.png
EASL1546	o0981602		ZATU678	I	ZATU678	𒳷	/pcsl/easl/images/o0902539.png
EASL1547	o0981603		ZATU679	I	ZATU679	𒳸	/pcsl/easl/images/o0902540.png
EASL1548	o0981604		ZATU680~a1	I	ZATU680~a1	𒳹	/pcsl/easl/images/o0902542.png
EASL1549	o0981605		ZATU680~a2	I	ZATU680~a2	𒳺	/pcsl/easl/images/o0902543.png
EASL1550	o0981606		ZATU680~b	I	ZATU680~b	𒳻,𒳼	/pcsl/easl/images/o0902544.png
EASL1551	o0981607		ZATU680~d	I	ZATU680~d	𒳽	/pcsl/easl/images/o0902546.png
EASL1552	o0981608		ZATU680~e	I	ZATU680~e	𒳾	/pcsl/easl/images/o0902547.png
EASL1553	o0981609		ZATU681	I	ZATU681	𒳿	/pcsl/easl/images/o0902548.png
EASL1554	o0981610		ZATU682	I	ZATU682	𒴀	/pcsl/easl/images/o0902549.png
EASL1555	o0981611		ZATU683~a	I	ZATU683~a	𒴁	/pcsl/easl/images/o0902551.png
EASL1556	o0981612		ZATU683~b	I	ZATU683~b	𒴂	/pcsl/easl/images/o0902552.png
EASL1557	o0981613		ZATU683@t	I	|ZATU683@t|	𒴃	/pcsl/easl/images/o0902553.png
EASL1558	o0981614		ZATU684	I	ZATU684	𒴄	/pcsl/easl/images/o0902554.png
EASL1559	o0981615		ZATU685	I	ZATU685	𒴅	/pcsl/easl/images/o0902555.png
EASL1560	o0981616		ZATU686~a	I	ZATU686~a	𒴆	/pcsl/easl/images/o0902557.png
EASL1561	o0981617		ZATU686~b	I	ZATU686~b	𒴇	/pcsl/easl/images/o0902558.png
EASL1562	o0981618		ZATU686~c	I	ZATU686~c	𒴈	/pcsl/easl/images/o0902559.png
EASL1563	o0981619		ZATU687	I	ZATU687	𒴉	/pcsl/easl/images/o0902560.png
EASL1564	o0981620		ZATU688~a	I	ZATU688~a	𒴊	/pcsl/easl/images/o0902562.png
EASL1565	o0981621		ZATU688~b	I	ZATU688~b	𒴋	/pcsl/easl/images/o0902563.png
EASL1566	o0981622		ZATU689	I	ZATU689	𒴌	/pcsl/easl/images/o0902564.png
EASL1567	o0981623		ZATU690	I	ZATU690	𒴍	/pcsl/easl/images/o0902565.png
EASL1568	o0981624		ZATU691	I	ZATU691	𒴎	/pcsl/easl/images/o0902566.png
EASL1569	o0981625		ZATU692	I	ZATU692	𒴏	/pcsl/easl/images/o0902567.png
EASL1570	o0981626		ZATU693	I	ZATU693	𒴐,𒴒,𒴓	/pcsl/easl/images/o0902568.png
EASL1571	o0981627		ZATU693@t	I	ZATU693@t	𒴑	/pcsl/easl/images/o0902571.png
EASL1572	o0981628		ZATU694~a	I	ZATU694~a	𒴔	/pcsl/easl/images/o0902573.png
EASL1573	o0981629		ZATU694~b	I	ZATU694~b	𒴕	/pcsl/easl/images/o0902574.png
EASL1574	o0981630		ZATU694~c	I	ZATU694~c	𒴖,𒴗	/pcsl/easl/images/o0902575.png
EASL1575	o0981631		ZATU694~d	I	ZATU694~d	𒴘	/pcsl/easl/images/o0902577.png
EASL1576	o0981632		ZATU694~d@t	I	ZATU694~d@t	𒴙	/pcsl/easl/images/o0902580.png
EASL1577	o0981634		ZATU695	I	ZATU695	𒴚	/pcsl/easl/images/o0902581.png
EASL1578	o0981635		ZATU696	I	ZATU696	𒴛	/pcsl/easl/images/o0902582.png
EASL1579	o0981636		ZATU697~a	I	ZATU697~a	𒴜,𒴝,𒴞,𒴟	/pcsl/easl/images/o0902584.png
EASL1580	o0981637		ZATU697~b	I	ZATU697~b	𒴠	/pcsl/easl/images/o0902588.png
EASL1581	o0981638		ZATU697~c	I	ZATU697~c	𒴡	/pcsl/easl/images/o0902589.png
EASL1582	o0981639		ZATU699~a	I	ZATU699~a	𒴢	/pcsl/easl/images/o0902591.png
EASL1583	o0981640		ZATU699~b	I	ZATU699~b	𒴣	/pcsl/easl/images/o0902592.png
EASL1584	o0981641		ZATU700	I	ZATU700	𒴤	/pcsl/easl/images/o0902593.png
EASL1585	o0981642		ZATU701	I	ZATU701	𒴥	/pcsl/easl/images/o0902594.png
EASL1586	o0981643		ZATU702	I	ZATU702	𒴦	/pcsl/easl/images/o0902595.png
EASL1587	o0981644		ZATU703	I	ZATU703	𒴧	/pcsl/easl/images/o0902596.png
EASL1588	o0981645	#	ZATU704	I	ZATU704	𒴨	/pcsl/easl/images/o0902597.png
EASL1589	o0981646		ZATU705	I	ZATU705	𒴩	/pcsl/easl/images/o0902598.png
EASL1590	o0981647		ZATU706	I	ZATU706	𒴪	/pcsl/easl/images/o0902599.png
EASL1591	o0981648		ZATU707~a	I	ZATU707~a	𒴫	/pcsl/easl/images/o0902601.png
EASL1592	o0981649		ZATU707~b	I	ZATU707~b	𒴬	/pcsl/easl/images/o0902602.png
EASL1593	o0981650		ZATU708	I	ZATU708	𒴭	/pcsl/easl/images/o0902603.png
EASL1594	o0981651		ZATU709	I	ZATU709	𒴮	/pcsl/easl/images/o0902604.png
EASL1595	o0981652		ZATU710	I	ZATU710	𒴯,𒴰	/pcsl/easl/images/o0902605.png
EASL1596	o0981653		ZATU711	I	ZATU711	𒴲,𒴱	/pcsl/easl/images/o0902607.png
EASL1597	o0981654	n	|ZATU711~v1×HI@g~a|	I	|ZATU711xHI@g~a|	𒴳	/pcsl/easl/images/o0902610.png
EASL1598	o0981655	n#	|ZATU711~v1×X|	I	|ZATU711xX|	𒴴	/pcsl/easl/images/o0902611.png
EASL1599	o0981656		ZATU713	I	ZATU713	𒴵	/pcsl/easl/images/o0902612.png
EASL1600	o0981657		ZATU714	I	ZATU714	𒴶	/pcsl/easl/images/o0902613.png
EASL1601	o0981658	.	|ZATU714.RU|	I	|ZATU714.RU|	𒴷	/pcsl/easl/images/o0902614.png
EASL1602	o0981659		|ZATU714×HI@g~a|	I	|ZATU714xHI@g~a|	𒴸	/pcsl/easl/images/o0902616.png
EASL1603	o0981660	#	|ZATU714×X|	I	|ZATU714xX|	𒴹	/pcsl/easl/images/o0902617.png
EASL1604	o0981661		ZATU717	I	ZATU717	𒴺	/pcsl/easl/images/o0902618.png
EASL1605	o0981662		ZATU718	I	ZATU718	𒴻	/pcsl/easl/images/o0902619.png
EASL1606	o0981663		ZATU719	I	ZATU719	𒴼	/pcsl/easl/images/o0902620.png
EASL1607	o0981664		ZATU720	I	ZATU720	𒴽	/pcsl/easl/images/o0902621.png
EASL1608	o0981665		ZATU721	I	ZATU721	𒴾	/pcsl/easl/images/o0902622.png
EASL1609	o0981666		ZATU722	I	ZATU722	𒴿	/pcsl/easl/images/o0902623.png
EASL1610	o0981667		ZATU723	I	ZATU723	𒵀	/pcsl/easl/images/o0902624.png
EASL1611	o0981668	#	ZATU724	I	ZATU724	𒵁	/pcsl/easl/images/o0902625.png
EASL1612	o0981669		ZATU725	I	ZATU725	𒵂,𒵃	/pcsl/easl/images/o0902626.png
EASL1613	o0981670		ZATU726~a	I	ZATU726~a	𒵄	/pcsl/easl/images/o0902629.png
EASL1614	o0981671		ZATU726~c	I	ZATU726~c	𒵅	/pcsl/easl/images/o0902630.png
EASL1615	o0981672		ZATU726~d	I	ZATU726~d	𒵆	/pcsl/easl/images/o0902631.png
EASL1616	o0981673		ZATU727	I	ZATU727	𒵇	/pcsl/easl/images/o0902632.png
EASL1617	o0981674		ZATU728	I	ZATU728	𒵈	/pcsl/easl/images/o0902633.png
EASL1618	o0981675		ZATU729	I	ZATU729	𒵉,𒵊	/pcsl/easl/images/o0902634.png
EASL1619	o0981676		ZATU730	I	ZATU730	𒵋	/pcsl/easl/images/o0902636.png
EASL1620	o0981677		ZATU732	I	ZATU732	𒵌	/pcsl/easl/images/o0902637.png
EASL1621	o0981678	#	ZATU733	I	ZATU733	𒵍	/pcsl/easl/images/o0902638.png
EASL1622	o0981679		ZATU734	I	ZATU734	𒵎	/pcsl/easl/images/o0902639.png
EASL1623	o0981680		ZATU735~a	I	ZATU735~a	𒵏	/pcsl/easl/images/o0902641.png
EASL1624	o0981681		ZATU735~b	I	ZATU735~b	𒵑,𒵒,𒵐	/pcsl/easl/images/o0902642.png
EASL1625	o0981682		ZATU735~c	I	ZATU735~c	𒵓	/pcsl/easl/images/o0902645.png
EASL1626	o0981683		ZATU736~a	I	ZATU736~a	𒵔	/pcsl/easl/images/o0902647.png
EASL1627	o0981684		ZATU736~b	I	ZATU736~b	𒵕	/pcsl/easl/images/o0902648.png
EASL1628	o0981685		ZATU737	I	ZATU737	𒵖,𒵤,𒵧	/pcsl/easl/images/o0902649.png
EASL1629	o0981686		|ZATU737×AB~a|	I	|ZATU737xAB~a|	𒵗	/pcsl/easl/images/o0902653.png
EASL1630	o0981687		|ZATU737×BU~a|	I	|ZATU737xBU~a|	𒵘	/pcsl/easl/images/o0902655.png
EASL1631	o0981688		|ZATU737×BUR~a|	I	|ZATU737xBUR~a|	𒵙	/pcsl/easl/images/o0902657.png
EASL1632	o0981689		|ZATU737×DI|	I	|ZATU737xDI|	𒵚,𒵨	/pcsl/easl/images/o0902658.png
EASL1633	o0981690		|ZATU737×E~a|	I	|ZATU737xE~a|	𒵛	/pcsl/easl/images/o0902661.png
EASL1634	o0981691	n	|ZATU737×EN~a~v2|	I	|ZATU737xEN~a|	𒵜	/pcsl/easl/images/o0902663.png
EASL1635	o0981693		|ZATU737×GAR|	I	|ZATU737xGAR|	𒵝,𒵦	/pcsl/easl/images/o0902665.png
EASL1636	o0981694	++	|ZATU737×I|	I	-	󳀋	/pcsl/images/add/thumb/ZATU737xI.png
EASL1637	o0981695		|ZATU737×NI~a@g|	I	|ZATU737xNI~a@g|	𒵞	/pcsl/easl/images/o0902669.png
EASL1638	o0981696		|ZATU737×NIMGIR|	I	|ZATU737xNIMGIR|	𒵟	/pcsl/easl/images/o0902670.png
EASL1639	o0981698		|ZATU737×SU~a|	I	|ZATU737xSU~a|	𒵠	/pcsl/easl/images/o0902673.png
EASL1640	o0981699		|ZATU737×ŠE~a|	I	|ZATU737xSZE~a|	𒵡	/pcsl/easl/images/o0902675.png
EASL1641	o0981700		|ZATU737×ŠITA~a1|	I	|ZATU737xSZITA~a1|	𒵢	/pcsl/easl/images/o0902677.png
EASL1642	o0981701	1-	|ZATU737×ŠITA~b1@g|	I	|ZATU737xSZITA@g~a|	󲺺	/pcsl/easl/images/o0902679.png
EASL1643	o0981703	n	|ZATU737×UNUG~a~v1|	I	|ZATU737xUNUG~a|	𒵣	/pcsl/easl/images/o0902682.png
EASL1644	o0981692	n	|ZATU737~v1×EN~b~v1|	I	|ZATU737xEN~b|	𒵥	/pcsl/easl/images/o0902664.png
EASL1645	o0981704	n#	|ZATU737~v2×X|	I	|ZATU737xX|	𒵩	/pcsl/easl/images/o0902683.png
EASL1646	o0981697	n	|ZATU737~v3×SAL|	I	|ZATU737xSAL|	𒵪	/pcsl/easl/images/o0902671.png
EASL1647	o0981702	n	|ZATU737~v3×U₄|	I	|ZATU737xU4|	𒵫	/pcsl/easl/images/o0902680.png
EASL1648	o0981705	++	|ZATU737@t×PAP~a|	I	-	󳀊	/pcsl/images/add/thumb/ZATU737txPAP.png
EASL1649	o0981706		ZATU749~a	I	ZATU749~a	𒵬,𒵭,𒵮	/pcsl/easl/images/o0902687.png
EASL1650	o0981707		ZATU749~b	I	ZATU749~b	𒵯	/pcsl/easl/images/o0902690.png
EASL1651	o0981708		ZATU749~c	I	ZATU749~c	𒵰	/pcsl/easl/images/o0902691.png
EASL1652	o0981709		ZATU750	I	ZATU750	𒵱,𒵲,𒵳,𒵴	/pcsl/easl/images/o0902692.png
EASL1653	o0981710		ZATU751~a	I	ZATU751~a	𒵵;󳂪	/pcsl/easl/images/o0902697.png
EASL1654	o0981711		ZATU751~b	I	ZATU751~b	𒵶	/pcsl/easl/images/o0902698.png
EASL1655	o0981712		ZATU751~c	I	ZATU751~c	󳀏	-
EASL1656	o0981713		ZATU752	I	ZATU752	𒵷,𒵸	/pcsl/easl/images/o0902699.png
EASL1657	o0981714		ZATU753	I	ZATU753	𒵹	/pcsl/easl/images/o0902701.png
EASL1658	o0981715		ZATU754	I	ZATU754	𒵺	/pcsl/easl/images/o0902702.png
EASL1659	o0981716		ZATU755~a	I	ZATU755~a	𒵻	/pcsl/easl/images/o0902704.png
EASL1660	o0981717		ZATU755~b	I	ZATU755~b	𒵼	/pcsl/easl/images/o0902705.png
EASL1661	o0981718		ZATU756	I	ZATU756	𒵽,𒵾	/pcsl/easl/images/o0902706.png
EASL1662	o0981719		ZATU757	I	ZATU757	𒵿,𒶀	/pcsl/easl/images/o0902708.png
EASL1663	o0981720		ZATU758	I	ZATU758	𒶁	/pcsl/easl/images/o0902710.png
EASL1664	o0981721		ZATU759	I	ZATU759	𒶈,𒶂	/pcsl/easl/images/o0902711.png
EASL1665	o0981722		|ZATU759×KU₆~a|	I	|ZATU759xKU6~a|	𒶃	/pcsl/easl/images/o0902714.png
EASL1666	o0981723		|ZATU759×(KU₆~a+KU₆~a)|	I	|ZATU759x(KU6~a+KU6~a)|	𒶄	/pcsl/easl/images/o0902717.png
EASL1667	o0981724		|ZATU759×KU₆~d|	I	|ZATU759xKU6~d|	𒶅	/pcsl/easl/images/o0902715.png
EASL1668	o0981725	#	|ZATU759×X|	I	|ZATU759xX|	𒶆	/pcsl/easl/images/o0902718.png
EASL1669	o0981726	#	|ZATU759@t×X|	I	|ZATU759@txX|	𒶇	/pcsl/easl/images/o0902719.png
EASL1670	o0981727		ZATU761	I	ZATU761	𒶉	/pcsl/easl/images/o0902720.png
EASL1671	o0981728		ZATU762~a	I	ZATU762~a	𒶍,𒶌,𒶊	/pcsl/easl/images/o0902722.png
EASL1672	o0981729		|ZATU762~a×NIM~a|	I	|ZATU762~axNIM~a|	𒶋	/pcsl/easl/images/o0902729.png
EASL1673	o0981730		ZATU762~b	I	ZATU762~b	𒶎	/pcsl/easl/images/o0902725.png
EASL1674	o0981731		|ZATU762~b×AB~a|	I	|ZATU762~bxAB~a|	𒶏	/pcsl/easl/images/o0902727.png
EASL1675	o0981732		ZATU764	I	ZATU764	𒶐	/pcsl/easl/images/o0902730.png
EASL1676	o0981733		ZATU765	I	ZATU765	𒶑	/pcsl/easl/images/o0902731.png
EASL1677	o0981734		ZATU766	I	ZATU766	𒶒	/pcsl/easl/images/o0902732.png
EASL1678	o0981735		ZATU767	I	ZATU767	𒶓	/pcsl/easl/images/o0902733.png
EASL1679	o0981736	#	ZATU768	I	ZATU768	𒶔	/pcsl/easl/images/o0902734.png
EASL1680	o0981737	#	ZATU769	I	ZATU769	𒶕	/pcsl/easl/images/o0902735.png
EASL1681	o0981738	#	ZATU771	I	ZATU771	𒶖	/pcsl/easl/images/o0902736.png
EASL1682	o0981739		ZATU772	I	ZATU772	𒶗	/pcsl/easl/images/o0902737.png
EASL1683	o0981740		ZATU773~a	I	ZATU773~a	𒶘,𒶙	/pcsl/easl/images/o0902739.png
EASL1684	o0981741		ZATU773~b	I	ZATU773~b	𒶚	/pcsl/easl/images/o0902741.png
EASL1685	o0981742		ZATU774	I	ZATU774	𒶛	/pcsl/easl/images/o0902742.png
EASL1686	o0981743		ZATU775	I	ZATU775	𒶜	/pcsl/easl/images/o0902743.png
EASL1687	o0981744		ZATU776	I	ZATU776	𒶞,𒶝	/pcsl/easl/images/o0902744.png
EASL1688	o0981745		ZATU777	I	ZATU777	𒶟,𒶠,𒶡	/pcsl/easl/images/o0902746.png
EASL1689	o0981746		ZATU778	I	ZATU778	𒶢	/pcsl/easl/images/o0902749.png
EASL1690	o0981747		ZATU779	I	ZATU779	𒶣	/pcsl/easl/images/o0902750.png
EASL1691	o0981748		ZATU780	I	ZATU780	𒶤	/pcsl/easl/images/o0902751.png
EASL1692	o0981749		ZATU781	I	ZATU781	𒶥	/pcsl/easl/images/o0902752.png
EASL1693	o0981750		ZATU782	I	ZATU782	𒶦	/pcsl/easl/images/o0902753.png
EASL1694	o0981751		ZATU783	I	ZATU783	𒶧	/pcsl/easl/images/o0902754.png
EASL1695	o0981752		ZATU784	I	ZATU784	𒶨	/pcsl/easl/images/o0902755.png
EASL1696	o0981753	#	ZATU785	I	ZATU785	𒶩	/pcsl/easl/images/o0902756.png
EASL1697	o0981754		ZATU786	I	ZATU786	𒶪	/pcsl/easl/images/o0902757.png
EASL1698	o0981755		ZATU787	I	ZATU787	𒶫	/pcsl/easl/images/o0902758.png
EASL1699	o0981756		ZATU788	I	ZATU788	𒶬	/pcsl/easl/images/o0902759.png
EASL1700	o0981757		ZATU789	I	ZATU789	𒶭	/pcsl/easl/images/o0902760.png
EASL1701	o0981758		ZATU791	I	ZATU791	𒶮	/pcsl/easl/images/o0902761.png
EASL1702	o0981759		ZATU792	I	ZATU792	𒶯	/pcsl/easl/images/o0902762.png
EASL1703	o0981760		ZATU795	I	ZATU795	𒶰	/pcsl/easl/images/o0902763.png
EASL1704	o0981761		ZATU797	I	ZATU797	𒶱	/pcsl/easl/images/o0902764.png
EASL1705	o0981762		ZATU798	I	ZATU798	𒶲	/pcsl/easl/images/o0902765.png
EASL1706	o0981763		ZATU799	I	ZATU799	𒶳	/pcsl/easl/images/o0902766.png
EASL1707	o0981764		ZATU800	I	ZATU800	𒶴	/pcsl/easl/images/o0902767.png
EASL1708	o0981765		ZATU801	I	ZATU801	𒶵	/pcsl/easl/images/o0902768.png
EASL1709	o0981766		ZATU802	I	ZATU802	𒶶	/pcsl/easl/images/o0902769.png
EASL1710	o0981768		ZATU803	I	ZATU803	𒶷	/pcsl/easl/images/o0902771.png
EASL1711	o0981769		ZATU804	I	ZATU804	𒶸	/pcsl/easl/images/o0902772.png
EASL1712	o0981770		ZATU805	I	ZATU805	𒶹	/pcsl/easl/images/o0902773.png
EASL1713	o0981771		ZATU806	I	ZATU806	𒶺	/pcsl/easl/images/o0902774.png
EASL1714	o0981772		ZATU807	I	ZATU807	𒶻	/pcsl/easl/images/o0902775.png
EASL1715	o0981773		ZATU808	I	ZATU808	𒶼	/pcsl/easl/images/o0902776.png
EASL1716	o0981774		ZATU809	I	ZATU809	𒶽	/pcsl/easl/images/o0902777.png
EASL1717	o0981775		ZATU810	I	ZATU810	𒶾	/pcsl/easl/images/o0902778.png
EASL1718	o0981776		ZATU811	I	ZATU811	𒶿	/pcsl/easl/images/o0902779.png
EASL1719	o0981777		ZATU812	I	ZATU812	𒷀	/pcsl/easl/images/o0902780.png
EASL1720	o0981778		ZATU813	I	ZATU813	𒷁	/pcsl/easl/images/o0902781.png
EASL1721	o0981779		ZATU814	I	ZATU814	𒷂	/pcsl/easl/images/o0902782.png
EASL1722	o0981780		ZATU815	I	ZATU815	𒷃	/pcsl/easl/images/o0902783.png
EASL1723	o0981781	#	ZATU817	I	ZATU817	𒷄	/pcsl/easl/images/o0902784.png
EASL1724	o0981782	#	ZATU818	I	ZATU818	𒷅	/pcsl/easl/images/o0902785.png
EASL1725	o0981783		ZATU819	I	ZATU819	𒷆	/pcsl/easl/images/o0902786.png
EASL1726	o0981784		ZATU820	I	ZATU820	𒷇	/pcsl/easl/images/o0902787.png
EASL1727	o0981785		ZATU821	I	ZATU821	𒷈	/pcsl/easl/images/o0902788.png
EASL1728	o0981786		ZATU822	I	ZATU822	𒷉	/pcsl/easl/images/o0902789.png
EASL1729	o0981787		ZATU823	I	ZATU823	𒷊	/pcsl/easl/images/o0902790.png
EASL1730	o0981788		ZATU824	I	ZATU824	𒷋	/pcsl/easl/images/o0902791.png
EASL1731	o0981789		ZATU825	I	ZATU825	𒷌	/pcsl/easl/images/o0902792.png
EASL1732	o0981790		ZATU826	I	ZATU826	𒷍	/pcsl/easl/images/o0902793.png
EASL1733	o0981791		ZATU829	I	ZATU829	𒷎	/pcsl/easl/images/o0902794.png
EASL1734	o0981792		ZATU831	I	ZATU831	𒷏	/pcsl/easl/images/o0902795.png
EASL1735	o0981793		ZATU831@g	I	|ZATU831@g|	𒷐	/pcsl/easl/images/o0902796.png
EASL1736	o0981794		ZATU832	I	ZATU832	𒷑	/pcsl/easl/images/o0902797.png
EASL1737	o0981795		ZATU833	I	ZATU833	𒷒	/pcsl/easl/images/o0902798.png
EASL1738	o0981796		ZATU834	I	ZATU834	𒷓	/pcsl/easl/images/o0902799.png
EASL1739	o0981797		ZATU835	I	ZATU835	𒷔	/pcsl/easl/images/o0902800.png
EASL1740	o0981798		ZATU836	I	ZATU836	𒷕	/pcsl/easl/images/o0902801.png
EASL1741	o0981799		ZATU837~a	I	ZATU837~a	𒷖	/pcsl/easl/images/o0902803.png
EASL1742	o0981800		ZATU837~b	I	ZATU837~b	𒷗	/pcsl/easl/images/o0902804.png
EASL1743	o0981801		ZATU838	I	ZATU838	𒷘	/pcsl/easl/images/o0902805.png
EASL1744	o0981802		ZATU839	I	ZATU839	𒷙,𒷚	/pcsl/easl/images/o0902806.png
EASL1745	o0981803		ZATU840	I	ZATU840	𒷛	/pcsl/easl/images/o0902808.png
EASL1746	o0981804		ZATU841	I	ZATU841	𒷜	/pcsl/easl/images/o0902809.png
EASL1747	o0981805		ZATU842	I	ZATU842	𒷝	/pcsl/easl/images/o0902810.png
EASL1748	o0981806		ZATU843	I	ZATU843	𒷞	/pcsl/easl/images/o0902811.png
EASL1749	o0981807		ZATU844	I	ZATU844	𒷟	/pcsl/easl/images/o0902812.png
EASL1750	o0981808		ZATU845	I	ZATU845	𒷠	/pcsl/easl/images/o0902813.png
EASL1751	o0981809		ZATU846	I	ZATU846	𒷡	/pcsl/easl/images/o0902814.png
EASL1752	o0981810		ZATU847	I	ZATU847	𒷢	/pcsl/easl/images/o0902815.png
EASL1753	o0981811		ZATU848	I	ZATU848	𒷣	/pcsl/easl/images/o0902816.png
EASL1754	o0981812		ZATU849	I	ZATU849	𒷤	/pcsl/easl/images/o0902817.png
EASL1755	o0981813		ZATU850	I	ZATU850	𒷥	/pcsl/easl/images/o0902818.png
EASL1756	o0981814		ZATU851	I	ZATU851	𒷦	/pcsl/easl/images/o0902819.png
EASL1757	o0981815		ZATU852	I	ZATU852	𒷧	/pcsl/easl/images/o0902820.png
EASL1758	o0981816		ZATU853	I	ZATU853	𒷨	/pcsl/easl/images/o0902821.png
EASL1759	o0981817		ZATU854	I	ZATU854	𒷩	/pcsl/easl/images/o0902822.png
EASL1760	o0981818		ZATU855	I	ZATU855	𒷪	/pcsl/easl/images/o0902823.png
EASL1761	o0981819	++	ZATU856	I	-	󳀡	/pcsl/images/add/thumb/ZATU856.png
EASL1762	o0981820	++	ZATU857	I	-	󳀤	/pcsl/images/add/thumb/ZATU857.png
EASL1763	o0981821	++	ZATU858	I	-	󳀥	/pcsl/images/add/thumb/ZATU858.png
EASL1764	o0982202	.	|1(N57).AB₂|	I	|1(N57).AB2|	𒷳	/pcsl/easl/images/o0903211.png
EASL1765	o0982203	.	|2(N57).AB₂|	I	|2(N57).AB2|	𒷸	/pcsl/easl/images/o0903223.png
EASL1766	o0982204	.	|3(N57).AMAR|	I	|3(N57).AMAR|	𒷼	/pcsl/easl/images/o0903235.png
EASL1767	o0982205	.	|4(N57).AMAR|	I	|4(N57).AMAR|	𒸄	/pcsl/easl/images/o0903258.png
EASL1768	o0982206	.++	|3(N57).AZ|	I	-	󰄒_𒛜	
EASL1769	o0982208	.	|3(N57).BARA₃|	I	|3(N57).BARA3|	𒷽	/pcsl/easl/images/o0903239.png
EASL1770	o0982210	.++	|1(N57).BU₃|	I	-	󰄐_𒜘	
EASL1771	o0982212	.	|3(N57).E₂~b|	I	|3(N57).E2~b|	𒷾;󳁢	/pcsl/easl/images/o0903241.png
EASL1772	o0982213	.++	|3(N57).EN₂|	I	-	󰄒_𒟣	
EASL1773	o0982214	.#	|X(N57).GAR|	I	|x(N57).GAR|	𒷲	/pcsl/easl/images/o0902413.png
EASL1774	o0982215	.	|3(N57).GAR|	I	|3(N57).GAR|	𒷿	/pcsl/easl/images/o0903243.png
EASL1775	o0982216	.	|4(N57).GAR|	I	|4(N57).GAR|	𒸅	/pcsl/easl/images/o0903259.png
EASL1776	o0982217	.	|5(N57).GAR|	I	|5(N57).GAR|	𒸈	/pcsl/easl/images/o0903265.png
EASL1777	o0982218	.	|6(N57).GAR|	I	|6(N57).GAR|	𒸊	/pcsl/easl/images/o0903270.png
EASL1778	o0982219	.++	|7(N57).GAR|	I	-	󰄖_𒡨	
EASL1779	o0982220	.	|4(N57).KU₃~a|	I	|4(N57).KU3~a|	𒸆	/pcsl/easl/images/o0903261.png
EASL1780	o0982221	.	|5(N57).KU₃~a|	I	|5(N57).KU3~a|	𒸉	/pcsl/easl/images/o0903267.png
EASL1781	o0982222	.	|6(N57).KU₃~a|	I	|6(N57).KU3~a|	𒸋	/pcsl/easl/images/o0903272.png
EASL1782	o0982223	.	|2(N57).KU₆~a|	I	|2(N57).KU6~a|	𒷹	/pcsl/easl/images/o0903227.png
EASL1783	o0982224	@.	|1(N57).MUŠEN|	I	|MUSZENx1(N57)|	𒨈;󰄐_𒨅	/pcsl/easl/images/o0901430.png
EASL1784	o0982225	@.	|2(N57).MUŠEN|	I	|MUSZENx2(N57)|	𒨉;󰄑_𒨅	/pcsl/easl/images/o0901431.png
EASL1785	o0982226	@.	|3(N57).MUŠEN|	I	|MUSZENx3(N57)|	𒨊	/pcsl/easl/images/o0901432.png
EASL1786	o0982227	.	|3(N57).NUNUZ~a1|	I	|3(N57).NUNUZ~a1|	𒸀	/pcsl/easl/images/o0903245.png
EASL1787	o0982228	.	|3(N57).NUNUZ~c|	I	|3(N57).NUNUZ~c|	𒸁	/pcsl/easl/images/o0903246.png
EASL1788	o0982229	.	|3(N57).PIRIG~b1|	I	|3(N57).PIRIG~b1|	𒸂	/pcsl/easl/images/o0903248.png
EASL1789	o0982230	.++	|3(N57).SANGA~a|	I	-	󰄒_𒪼	
EASL1790	o0982231	.++	|3(N57).SI|	I	-	󰄒_𒫇	
EASL1791	o0982232	.	|1(N57).SIG|	I	|SIGx1(N57)|	𒷴	/pcsl/easl/images/o0901748.png
EASL1792	o0982233	.	|2(N57).SU~a|	I	|2(N57).SU~a|	𒷺	/pcsl/easl/images/o0903230.png
EASL1793	o0982234	.	|1(N57).ŠAH₂~a|	I	|1(N57).SZAH2~a|	𒷵	/pcsl/easl/images/o0903219.png
EASL1794	o0982235	.	|1(N57).ŠUBUR|	I	|1(N57).SZUBUR|	𒷷,𒷶	/pcsl/easl/images/o0903220.png
EASL1795	o0982236	.	|2(N57).ŠUBUR|	I	|2(N57).SZUBUR|	𒷻	/pcsl/easl/images/o0903231.png
EASL1796	o0982237	.	|3(N57).ŠUBUR|	I	|3(N57).SZUBUR|	𒸃	/pcsl/easl/images/o0903252.png
